competitor_product_id,competitor_name,style_code,brand_name,product_name,category,gender_target,competitor_price,competitor_sale_price,discount_pct,is_on_sale,availability,currency,sizes_available,source_url,scraped_at,data_valid
marka_store:10025903227180,marka_store,,Nike,NIKE SUPERFLY 9 CLUB TURF JR,old season,,70.0,50.0,28.57,True,out_of_stock,USD,[],https://markastorelb.com/products/nike-superfly-9-club-turf-jr,2026-04-10T23:50:52Z,True
marka_store:8789423030572,marka_store,,Puma,PUMA CAP ESS CAP ll WHITE 022543,,,22.0,,,False,out_of_stock,USD,[],https://markastorelb.com/products/pu-ma-cap-ess-cap-white-022543,2026-04-10T23:50:52Z,True
marka_store:10260663763244,marka_store,,Puma,Puma Softride Exo Flex,,,113.0,,,False,in_stock,USD,"[""312579-01""]",https://markastorelb.com/products/puma-softride-exo-flex,2026-04-10T23:50:52Z,True
marka_store:9538344780076,marka_store,,Crocs,CROCS CLASSIC ALL-TERRAIN FLIP,old season,,43.0,33.0,23.26,True,in_stock,USD,"[""46""]",https://markastorelb.com/products/crocs-classic-all-terrain-flip,2026-04-10T23:50:52Z,True
marka_store:10255127150892,marka_store,,Puma,Puma Phase Portable,old season,,20.0,17.0,15.0,True,in_stock,USD,"[""091173 01 - 091173 02""]",https://markastorelb.com/products/puma-phase-portable,2026-04-10T23:50:52Z,True
marka_store:10254583431468,marka_store,,Puma,Puma POPCAT 20,old season,,45.0,34.0,24.44,True,in_stock,USD,"[""37227902""]",https://markastorelb.com/products/puma-popcat-21,2026-04-10T23:50:52Z,True
marka_store:10254582579500,marka_store,,Puma,Puma DIVECAT V2 Lite,old season,,35.0,29.0,17.14,True,in_stock,USD,"[""37482301""]",https://markastorelb.com/products/puma-divecat-v2-lite-2,2026-04-10T23:50:52Z,True
marka_store:10254580351276,marka_store,,Puma,Puma DIVECAT V2 Lite,old season,,35.0,29.0,17.14,True,in_stock,USD,"[""37482321""]",https://markastorelb.com/products/puma-divecat-v2-lite-1,2026-04-10T23:50:52Z,True
marka_store:10254579106092,marka_store,,Puma,Puma PURECAT,old season,,35.0,29.0,17.14,True,in_stock,USD,"[""36026201""]",https://markastorelb.com/products/puma-purecat,2026-04-10T23:50:52Z,True
marka_store:10254578090284,marka_store,,Puma,Puma DIVECAT V2 Lite,old season,,35.0,29.0,17.14,True,in_stock,USD,"[""37482304""]",https://markastorelb.com/products/puma-divecat-v2-lite,2026-04-10T23:50:52Z,True
marka_store:10254577172780,marka_store,,Puma,Puma POPCAT 20,old season,,45.0,34.0,24.44,True,in_stock,USD,"[""37227901""]",https://markastorelb.com/products/puma-popcat-20,2026-04-10T23:50:52Z,True
marka_store:10251879711020,marka_store,HP2383,Adidas,Adidas Duramo 10,old season,,95.0,75.0,21.05,True,in_stock,USD,"[""HP2383""]",https://markastorelb.com/products/adidas-duramo-13,2026-04-10T23:50:52Z,True
marka_store:10251877646636,marka_store,JI2044,Adidas,Adidas Samba OG,old season,,149.0,105.0,29.53,True,in_stock,USD,"[""JI2044""]",https://markastorelb.com/products/adidas-samba-og-2,2026-04-10T23:50:52Z,True
marka_store:10251875647788,marka_store,HP2379,Adidas,Adidas Duramo 10,old season,,95.0,80.0,15.79,True,in_stock,USD,"[""HP2379""]",https://markastorelb.com/products/adidas-duramo-12,2026-04-10T23:50:52Z,True
marka_store:10251875156268,marka_store,HQ4129,Adidas,Adidas Duramo 10,old season,,95.0,75.0,21.05,True,in_stock,USD,"[""HQ4129""]",https://markastorelb.com/products/adidas-duramo-11,2026-04-10T23:50:52Z,True
marka_store:10251874468140,marka_store,JQ7500,Adidas,Adidas Duramo X,old season,,95.0,80.0,15.79,True,in_stock,USD,"[""JQ7500""]",https://markastorelb.com/products/adidas-duramo-x,2026-04-10T23:50:52Z,True
marka_store:10251868733740,marka_store,ID6015,Adidas,Adidas VL Court 2.0,old season,,90.0,70.0,22.22,True,in_stock,USD,"[""ID6015""]",https://markastorelb.com/products/adidas-vl-court-2-1,2026-04-10T23:50:52Z,True
marka_store:10251866276140,marka_store,HP7391,Adidas,Adidas Terrex AX4,old season,,162.0,122.0,24.69,True,in_stock,USD,"[""HP7391""]",https://markastorelb.com/products/adidas-terrex-ax4,2026-04-10T23:50:52Z,True
marka_store:10251863097644,marka_store,,Nike,Nike Downshifter 13,old season,,110.0,80.0,27.27,True,in_stock,USD,"[""FD6454100""]",https://markastorelb.com/products/nike-downshifter-13,2026-04-10T23:50:52Z,True
marka_store:10251853365548,marka_store,IG0437,Adidas,Adidas ZN Sored HI PREM,old season,,110.0,80.0,27.27,True,in_stock,USD,"[""IG0437""]",https://markastorelb.com/products/adidas-zn-sored-hi-prem,2026-04-10T23:50:52Z,True
marka_store:10251836424492,marka_store,IG8568,Adidas,Adidas Tensaur Run 2.0 CFK,old season,,70.0,49.0,30.0,True,in_stock,USD,"[""IG8568""]",https://markastorelb.com/products/adidas-tensaur-run-2-0-cfk,2026-04-10T23:50:52Z,True
marka_store:10251833966892,marka_store,HQ3790,Adidas,Adidas Runfalcon 3.0,old season,,90.0,70.0,22.22,True,in_stock,USD,"[""HQ3790""]",https://markastorelb.com/products/adidas-runfalcon-3-0,2026-04-10T23:50:52Z,True
marka_store:10251823546668,marka_store,GZ0649,Adidas,Adidas Duramo 10 EL K,old season,,70.0,49.0,30.0,True,in_stock,USD,"[""GZ0649""]",https://markastorelb.com/products/adidas-duramo-10-el-k-1,2026-04-10T23:50:52Z,True
marka_store:10251809882412,marka_store,GW8336,Adidas,Adidas Duramo 10,old season,,95.0,75.0,21.05,True,in_stock,USD,"[""GW8336""]",https://markastorelb.com/products/adidas-duramo-10,2026-04-10T23:50:52Z,True
marka_store:10251809194284,marka_store,IG0713,Adidas,Adidas Duramo SL EL K,old season,,70.0,49.0,30.0,True,in_stock,USD,"[""IG0713""]",https://markastorelb.com/products/adidas-duramo-sl-el-k,2026-04-10T23:50:52Z,True
marka_store:10251805262124,marka_store,GW0393,Adidas,Adidas Tensaur Run 2.0 CF K,old season,,70.0,49.0,30.0,True,in_stock,USD,"[""GW0393""]",https://markastorelb.com/products/adidas-tensaur-run-2-0-cf-k,2026-04-10T23:50:52Z,True
marka_store:10251805131052,marka_store,II0009,Adidas,Adidas Stan Smith J,old season,,90.0,70.0,22.22,True,in_stock,USD,"[""II0009""]",https://markastorelb.com/products/adidas-stan-smith-j,2026-04-10T23:50:52Z,True
marka_store:10251801067820,marka_store,HP5817,Adidas,Adidas Duramo 10 EL K,old season,,70.0,49.0,30.0,True,in_stock,USD,"[""HP5817""]",https://markastorelb.com/products/adidas-duramo-10-el-k,2026-04-10T23:50:52Z,True
marka_store:10251790614828,marka_store,FX3624,Adidas,Adidas Ultimashow,old season,,90.0,70.0,22.22,True,in_stock,USD,"[""FX3624""]",https://markastorelb.com/products/adidas-ultimashow,2026-04-10T23:50:52Z,True
marka_store:10251781636396,marka_store,IH5511,,Terrex GORE-TEX Hiking Shoes,old season,,135.0,95.0,29.63,True,in_stock,USD,"[""IH5511""]",https://markastorelb.com/products/terrex-gore-tex-hiking-shoes,2026-04-10T23:50:52Z,True
marka_store:10251773706540,marka_store,GZ1879,Adidas,Adidas NY 90 Shoes,old season,,70.0,49.0,30.0,True,in_stock,USD,"[""GZ1879""]",https://markastorelb.com/products/adidas-ny-90-shoes,2026-04-10T23:50:52Z,True
marka_store:10251773641004,marka_store,,Nike,Nike Cosmic Runner (GS),old season,,100.0,77.0,23.0,True,in_stock,USD,"[""HM4402101""]",https://markastorelb.com/products/nike-cosmic-runner-gs-1,2026-04-10T23:50:52Z,True
marka_store:10251767775532,marka_store,IE3944,Adidas,Adidas Stan Smith CF C,old season,,70.0,49.0,30.0,True,in_stock,USD,"[""IE3944""]",https://markastorelb.com/products/adidas-stan-smith-cf-c-1,2026-04-10T23:50:52Z,True
marka_store:10251761025324,marka_store,JI2678,Adidas,Adidas Samba OG,old season,,162.0,117.0,27.78,True,in_stock,USD,"[""JI2678""]",https://markastorelb.com/products/adidas-samba-og-1,2026-04-10T23:50:52Z,True
marka_store:10250603823404,marka_store,GX7159,Adidas,Adidas Grand Court 2.0 EL,old season,,70.0,49.0,30.0,True,in_stock,USD,"[""GX7159""]",https://markastorelb.com/products/adidas-grand-court-2-0-el-2,2026-04-10T23:50:52Z,True
marka_store:10250603430188,marka_store,IG8580,Adidas,Adidas Tensaur Sport 2.0 CF K,old season,,70.0,49.0,30.0,True,in_stock,USD,"[""IG8580""]",https://markastorelb.com/products/adidas-tensaur-sport-2-0-cf-k,2026-04-10T23:50:52Z,True
marka_store:10250603266348,marka_store,GW6513,Adidas,Adidas Grand Court 2.0 EL,old season,,70.0,49.0,30.0,True,in_stock,USD,"[""GW6513""]",https://markastorelb.com/products/adidas-grand-court-2-0-el-1,2026-04-10T23:50:52Z,True
marka_store:10250602578220,marka_store,ID7886,Adidas,Adidas Grand Court 2.0 EL,old season,,70.0,49.0,30.0,True,in_stock,USD,"[""ID7886""]",https://markastorelb.com/products/adidas-grand-court-2-0-el,2026-04-10T23:50:52Z,True
marka_store:10250602185004,marka_store,IG8581,Adidas,Adidas Tensaur Sport 2.0 CF,old season,,70.0,49.0,30.0,True,in_stock,USD,"[""IG8581""]",https://markastorelb.com/products/adidas-tensaur-sport-2-0-cf,2026-04-10T23:50:52Z,True
marka_store:10242341830956,marka_store,,Puma,Puma Anzarun 2 Lite Sliptech,,,82.0,,,False,in_stock,USD,"[""35.5"", ""36"", ""37"", ""37.5"", ""40"", ""40.5"", ""41""]",https://markastorelb.com/products/puma-anzarun-2-lite-sliptech,2026-04-10T23:50:52Z,True
marka_store:10242338849068,marka_store,,Puma,Puma FPF Culture Portugal Ball,,,36.0,,,False,in_stock,USD,"[""5""]",https://markastorelb.com/products/puma-fpf-culture-portugal-ball,2026-04-10T23:50:52Z,True
marka_store:10242338390316,marka_store,,Puma,Puma Big Cat Ball,,,31.0,,,False,in_stock,USD,"[""5""]",https://markastorelb.com/products/puma-big-cat-ball,2026-04-10T23:50:52Z,True
marka_store:10242337833260,marka_store,FD5186-687,Nike,Nike Jordan Cap,old season,,45.0,35.0,22.22,True,in_stock,USD,"[""FD5186-687""]",https://markastorelb.com/products/nike-jordan-cap-1,2026-04-10T23:50:52Z,True
marka_store:10242337341740,marka_store,FD5186-100,Nike,Nike Jordan Cap,old season,,45.0,35.0,22.22,True,in_stock,USD,"[""FD5186-100""]",https://markastorelb.com/products/nike-jordan-cap,2026-04-10T23:50:52Z,True
marka_store:10231810720044,marka_store,,,Court Lally Metallic Whisper,,,82.0,,,False,in_stock,USD,"[""36"", ""37"", ""37.5"", ""38"", ""38.5"", ""39"", ""40"", ""40.5"", ""41""]",https://markastorelb.com/products/court-lally-metallic-whisper,2026-04-10T23:50:52Z,True
marka_store:10231810425132,marka_store,,Puma,Puma Court Lally Metallic Whisper,,,82.0,,,False,in_stock,USD,"[""36"", ""37"", ""38.5"", ""39"", ""41""]",https://markastorelb.com/products/puma-court-lally-metallic-whisper,2026-04-10T23:50:52Z,True
marka_store:10231809212716,marka_store,,Puma,Puma Court Lally,,,77.0,,,False,in_stock,USD,"[""37"", ""37.5"", ""38.5"", ""40.5"", ""41""]",https://markastorelb.com/products/puma-court-lally-1,2026-04-10T23:50:52Z,True
marka_store:10231807148332,marka_store,,Puma,Puma Court Lally,,,77.0,,,False,in_stock,USD,"[""37.5"", ""38"", ""38.5"", ""39"", ""40"", ""40.5""]",https://markastorelb.com/products/puma-court-lally,2026-04-10T23:50:52Z,True
marka_store:10231796597036,marka_store,,Puma,Puma X-Cell Nova FS,,,133.0,,,False,in_stock,USD,"[""37"", ""37.5"", ""38"", ""38.5"", ""39"", ""40"", ""40.5"", ""42"", ""42.5"", ""44.5"", ""46""]",https://markastorelb.com/products/puma-x-cell-nova-fs-1,2026-04-10T23:50:52Z,True
marka_store:10231792894252,marka_store,,Puma,Puma Ayro Street,,,153.0,,,False,in_stock,USD,"[""41"", ""42"", ""42.5"", ""43"", ""44"", ""46"", ""47"", ""48""]",https://markastorelb.com/products/puma-ayro-street,2026-04-10T23:50:52Z,True
marka_store:10231787159852,marka_store,,Puma,Puma PWR Hybrid Training Shoes Women,,women,154.0,,,False,in_stock,USD,"[""37"", ""37.5"", ""38.5"", ""40"", ""40.5"", ""41""]",https://markastorelb.com/products/puma-pwr-hybrid-training-shoes-women-1,2026-04-10T23:50:52Z,True
marka_store:10231773692204,marka_store,,Puma,Puma PWR Hybrid Training Shoes Women,,women,154.0,,,False,in_stock,USD,"[""37"", ""39"", ""41""]",https://markastorelb.com/products/puma-pwr-hybrid-training-shoes-women,2026-04-10T23:50:52Z,True
marka_store:10231744397612,marka_store,,Puma,Puma PWR Hybrid TR,,,154.0,,,False,in_stock,USD,"[""42.5"", ""43"", ""44"", ""44.5"", ""45"", ""46"", ""47""]",https://markastorelb.com/products/puma-pwr-hybrid-tr,2026-04-10T23:50:52Z,True
marka_store:10231743316268,marka_store,,Puma,Puma PWRTRAIN Training Tee Men,,men,51.0,,,False,in_stock,USD,"[""S"", ""L"", ""XL"", ""XXL"", ""3XL""]",https://markastorelb.com/products/puma-pwrtrain-training-tee-men,2026-04-10T23:50:52Z,True
marka_store:10231742693676,marka_store,,Puma,Puma Attacanto Play Goal Keeper Gloves,,,36.0,,,False,in_stock,USD,"[""8"", ""9"", ""10"", ""11""]",https://markastorelb.com/products/puma-attacanto-play-goal-keeper-gloves,2026-04-10T23:50:52Z,True
marka_store:10215640826156,marka_store,DZ2537,Nike,Nike Metcon 9 Women Training Shoes,old season,women,140.0,95.0,32.14,True,in_stock,USD,"[""37.5"", ""39"", ""40""]",https://markastorelb.com/products/nike-metcon-9-women-training-shoes,2026-04-10T23:50:52Z,True
marka_store:10215633649964,marka_store,FD4116,Nike,Nike Calm Slide,old season,,72.0,47.0,34.72,True,in_stock,USD,"[""42.5"", ""44""]",https://markastorelb.com/products/nike-calm-slide,2026-04-10T23:50:52Z,True
marka_store:10215631585580,marka_store,,Puma,PUMA TRINITY 2,,,115.0,,,False,in_stock,USD,"[""43""]",https://markastorelb.com/products/puma-trinity-2,2026-04-10T23:50:52Z,True
marka_store:10215630471468,marka_store,,Puma,Puma VELOCITY 2-in-1 Running Shorts,,,75.0,,,False,in_stock,USD,"[""S"", ""M"", ""XL"", ""XXL""]",https://markastorelb.com/products/puma-velocity-2-in-1-running-shorts,2026-04-10T23:50:52Z,True
marka_store:10215629455660,marka_store,,Puma,Puma Orbita 4 Hybrid Football (FIFA® Basic Quality),,,50.0,,,False,in_stock,USD,"[""5""]",https://markastorelb.com/products/puma-orbita-4-hybrid-football-fifa®-basic-quality,2026-04-10T23:50:52Z,True
marka_store:10215627948332,marka_store,,Puma,Puma Plus 1.5L Waist Bag,,,25.0,,,False,in_stock,USD,"[""091184 01""]",https://markastorelb.com/products/puma-plus-1-5l-waist-bag,2026-04-10T23:50:52Z,True
marka_store:10215624966444,marka_store,,Puma,Puma Training BB Unisex Cap,,unisex,30.0,,,False,in_stock,USD,"[""026609 01 - 026609 02""]",https://markastorelb.com/products/puma-training-bb-unisex-cap,2026-04-10T23:50:52Z,True
marka_store:8164415242540,marka_store,,Adidas,ADIDAS SWIFT RUN 22,old season,,115.0,77.0,33.04,True,in_stock,USD,"[""41.33""]",https://markastorelb.com/products/ad-idas-swift-run-22,2026-04-10T23:50:52Z,True
marka_store:10208705872172,marka_store,BA5954-010,Nike,NIKE BRASILIA MEDIUM BACKPACK,old season,,55.0,45.0,18.18,True,in_stock,USD,"[""BA5954-010""]",https://markastorelb.com/products/nike-brasilia-medium-backpack,2026-04-10T23:50:52Z,True
marka_store:10208705478956,marka_store,,,Dunlop Fort Padel 3 Balls Can,,,9.0,,,False,in_stock,USD,[],https://markastorelb.com/products/dunlop-fort-padel-3-balls-can,2026-04-10T23:50:52Z,True
marka_store:10208705380652,marka_store,,,Dunlop Pro Padel 3 Balls Can,,,9.0,,,False,in_stock,USD,[],https://markastorelb.com/products/dunlop-pro-padel-3-balls-can,2026-04-10T23:50:52Z,True
marka_store:10208704823596,marka_store,,,Dunlop Team Padel 3 balls can,,,8.0,,,False,in_stock,USD,[],https://markastorelb.com/products/dunlop-team-padel-3-balls-can,2026-04-10T23:50:52Z,True
marka_store:10208704495916,marka_store,,,Dunlop Rocket Tour Red Padel,,,98.0,78.0,20.41,True,in_stock,USD,[],https://markastorelb.com/products/dunlop-rocket-tour-red-padel,2026-04-10T23:50:52Z,True
marka_store:9116341305644,marka_store,,Adidas,ADIDAS RUN 60S 3.0,old season,,95.0,65.0,31.58,True,in_stock,USD,"[""46""]",https://markastorelb.com/products/adidas-60s-3-0,2026-04-10T23:50:52Z,True
marka_store:9943198564652,marka_store,,Puma,PUMA VITORIA TT JR,old season,,50.0,37.0,26.0,True,in_stock,USD,"[""37"", ""38""]",https://markastorelb.com/products/puma-vitoria-tt-jr,2026-04-10T23:50:52Z,True
marka_store:9839415001388,marka_store,,Puma,PUMA CELL THRILL,old season,,105.0,75.0,28.57,True,in_stock,USD,"[""43""]",https://markastorelb.com/products/puma-cell-thrill,2026-04-10T23:50:52Z,True
marka_store:10189284573484,marka_store,DD1873-102,Nike,Nike Dunk Low Next Nature,old season,,140.0,97.0,30.71,True,in_stock,USD,"[""37.5"", ""38.5"", ""39"", ""40"", ""44.5""]",https://markastorelb.com/products/nike-dunk-low-next-nature,2026-04-10T23:50:52Z,True
marka_store:10189283000620,marka_store,,Nike,Nike Air Force 1 07 LX,old season,,180.0,117.0,35.0,True,in_stock,USD,"[""40.5""]",https://markastorelb.com/products/nike-air-force-1-07-lx,2026-04-10T23:50:52Z,True
marka_store:10189282181420,marka_store,,Nike,Nike Air Max Pulse,old season,,130.0,105.0,19.23,True,in_stock,USD,"[""38.5""]",https://markastorelb.com/products/nike-air-max-pulse,2026-04-10T23:50:52Z,True
marka_store:10189281788204,marka_store,,,Lacoste L003 NEO Tech 224 1 SMA,old season,,185.0,127.0,31.35,True,in_stock,USD,"[""42.5""]",https://markastorelb.com/products/lacoste-l003-neo-tech-224-1-sma,2026-04-10T23:50:52Z,True
marka_store:10189281034540,marka_store,,Nike,Nike Air Max DN,old season,,200.0,132.0,34.0,True,in_stock,USD,"[""45""]",https://markastorelb.com/products/nike-air-max-dn-1,2026-04-10T23:50:52Z,True
marka_store:10189279494444,marka_store,,Nike,NIKE VERSAIR,old season,,135.0,97.0,28.15,True,in_stock,USD,"[""Blue-Orange"", ""Bright Crimson Metalic"", ""Fusia"", ""Olive Green""]",https://markastorelb.com/products/nike-versair,2026-04-10T23:50:52Z,True
marka_store:10189248594220,marka_store,,Nike,Nike Air Max DN,old season,,200.0,132.0,34.0,True,in_stock,USD,"[""45"", ""46""]",https://markastorelb.com/products/nike-air-max-dn,2026-04-10T23:50:52Z,True
marka_store:10189246333228,marka_store,,Nike,Nike Vomero 5 (GS),old season,,120.0,85.0,29.17,True,in_stock,USD,"[""38""]",https://markastorelb.com/products/nike-vomero-5-gs,2026-04-10T23:50:52Z,True
marka_store:10170437304620,marka_store,,Nike,"Nike Air Force 1 Low ""Liquid Metal Swoosh""",old season,,180.0,117.0,35.0,True,in_stock,USD,"[""38.5"", ""40""]",https://markastorelb.com/products/nike-air-force-1-low-liquid-metal-swoosh,2026-04-10T23:50:52Z,True
marka_store:10170423148844,marka_store,FX7534,Adidas,Adidas Stan Smith Ps,old season,,70.0,49.0,30.0,True,in_stock,USD,"[""28"", ""30"", ""32"", ""33.5"", ""35""]",https://markastorelb.com/products/adidas-stan-smith-ps,2026-04-10T23:50:52Z,True
marka_store:9526902096172,marka_store,,Adidas,ADIDAS SUPERNOVA 2 M GRY,old season,,115.0,70.0,39.13,True,in_stock,USD,"[""42""]",https://markastorelb.com/products/adidas-supernova-2-m-gry,2026-04-10T23:50:52Z,True
marka_store:10156908544300,marka_store,,Reebok,Reebok EO-Fuel Flex Run,old season,,150.0,117.0,22.0,True,in_stock,USD,"[""42"", ""43"", ""44"", ""44.5""]",https://markastorelb.com/products/reebok-eo-fuel-flex-run,2026-04-10T23:50:52Z,True
marka_store:10156903661868,marka_store,ID6306,Adidas,Adidas SuperNova M GTX,old season,,190.0,137.0,27.89,True,in_stock,USD,"[""43.33"", ""44""]",https://markastorelb.com/products/adidas-supernova-m-gtx,2026-04-10T23:50:52Z,True
marka_store:10156902580524,marka_store,,Nike,Nike Air Max DN8,old season,,240.0,162.0,32.5,True,in_stock,USD,"[""Black-Blue"", ""Black-Green""]",https://markastorelb.com/products/nike-air-max-dn8,2026-04-10T23:50:52Z,True
marka_store:10155913740588,marka_store,,,Gift Wrap & Card,,,1.0,,,False,in_stock,USD,[],https://markastorelb.com/products/gift-wrap-card,2026-04-10T23:50:52Z,True
marka_store:10146049655084,marka_store,,Puma,Puma Shuffle Downtown BLAK,old season,,90.0,74.0,17.78,True,in_stock,USD,"[""38"", ""38.5"", ""40""]",https://markastorelb.com/products/puma-shuffle-downtown-blak,2026-04-10T23:50:52Z,True
marka_store:10146042675500,marka_store,,Puma,Puma R78 Lightwind,old season,,85.0,72.0,15.29,True,in_stock,USD,"[""36"", ""37.5"", ""38"", ""38.5"", ""39""]",https://markastorelb.com/products/puma-r78-lightwind,2026-04-10T23:50:52Z,True
marka_store:10146038513964,marka_store,,Puma,Puma Easy Rider Mix / Vintage,old season,,145.0,117.0,19.31,True,in_stock,USD,"[""41"", ""42"", ""43"", ""44"", ""44.5"", ""45"", ""46"", ""47""]",https://markastorelb.com/products/puma-easy-rider-mix-vintage,2026-04-10T23:50:52Z,True
marka_store:10146033697068,marka_store,,Puma,Puma Courtflex V3 V PS Gray,old season,,55.0,43.0,21.82,True,in_stock,USD,"[""29"", ""30"", ""32"", ""34""]",https://markastorelb.com/products/puma-courtflex-v3-v-ps,2026-04-10T23:50:52Z,True
marka_store:10146031272236,marka_store,,Puma,Puma Karmen II L,old season,,105.0,83.0,20.95,True,in_stock,USD,"[""36"", ""37"", ""37.5"", ""38"", ""38.5"", ""39"", ""40""]",https://markastorelb.com/products/puma-karmen-ii-l,2026-04-10T23:50:52Z,True
marka_store:10146030453036,marka_store,,Puma,Puma Palermo Lth,old season,,140.0,105.0,25.0,True,in_stock,USD,"[""44""]",https://markastorelb.com/products/puma-palermo-lth,2026-04-10T23:50:52Z,True
marka_store:10146008367404,marka_store,,Puma,Puma Carina Street,old season,,100.0,77.0,23.0,True,in_stock,USD,"[""37""]",https://markastorelb.com/products/puma-carina-street,2026-04-10T23:50:52Z,True
marka_store:10146003419436,marka_store,,Puma,Puma Multiflex 2 SL V PS,old season,,60.0,48.0,20.0,True,in_stock,USD,"[""29"", ""31"", ""34""]",https://markastorelb.com/products/puma-multiflex-2-sl-v-ps,2026-04-10T23:50:52Z,True
marka_store:10145995063596,marka_store,,Puma,Puma Courtflex V3 V Inf,old season,,50.0,40.0,20.0,True,in_stock,USD,"[""22"", ""24""]",https://markastorelb.com/products/courtflex-v3-v-inf,2026-04-10T23:50:52Z,True
marka_store:10145991295276,marka_store,,Puma,Puma BMW MMS Caven 2.0,old season,,140.0,105.0,25.0,True,in_stock,USD,"[""46""]",https://markastorelb.com/products/bmw-mms-caven-2-0,2026-04-10T23:50:52Z,True
marka_store:10141186392364,marka_store,J068374,,MERRELL AGILITY PEAK 5,old season,,138.0,110.0,20.29,True,in_stock,USD,"[""35.5"", ""36"", ""37"", ""37.5"", ""38"", ""38.5"", ""39"", ""40.5"", ""41""]",https://markastorelb.com/products/merrell-agility-peak-5,2026-04-10T23:50:52Z,True
marka_store:10134950609196,marka_store,J068592,,Merrell Antora 4 WP,MERRELL,,136.0,112.0,17.65,True,in_stock,USD,"[""35.5"", ""36"", ""37"", ""37.5"", ""38.5"", ""39"", ""40"", ""40.5""]",https://markastorelb.com/products/merrell-antora-4-wp,2026-04-10T23:50:52Z,True
marka_store:10110642520364,marka_store,J037513,,Merrell Outdoor Shoes Moab Speed 2 Gtx,old season,,155.0,122.0,21.29,True,in_stock,USD,"[""40"", ""41"", ""43"", ""46.5""]",https://markastorelb.com/products/merrell-shoes-outdoor-shoes-moab-speed-2-gtx,2026-04-10T23:50:52Z,True
marka_store:10110640881964,marka_store,J068577,,Merrell Men's ProMorph,old season,men,139.0,110.0,20.86,True,in_stock,USD,"[""41.5"", ""42"", ""44"", ""44.5"", ""46"", ""41"", ""43.5""]",https://markastorelb.com/products/merrell-mens-promorph,2026-04-10T23:50:52Z,True
marka_store:10108752036140,marka_store,,,EA7 EMPORIO ARMANI SNEAKERS,old season,,200.0,132.0,34.0,True,in_stock,USD,"[""44.66""]",https://markastorelb.com/products/ea7-emporio-armani-sneakers,2026-04-10T23:50:52Z,True
marka_store:10108750987564,marka_store,,New Balance,NEW BALANCE 680,old season,,145.0,107.0,26.21,True,in_stock,USD,"[""41.5"", ""42"", ""43"", ""44"", ""45"", ""46.5""]",https://markastorelb.com/products/new-balance-680,2026-04-10T23:50:52Z,True
marka_store:10106504282412,marka_store,JH8797,Adidas,ADIDAS SAMBA OG,old season,,160.0,117.0,26.88,True,in_stock,USD,"[""42"", ""43.33"", ""46"", ""47.33""]",https://markastorelb.com/products/adidas-samba-og,2026-04-10T23:50:52Z,True
marka_store:10106498875692,marka_store,,Under Armour,UNDER ARMOUR U INFINITE PRO STORM WATERPROOF,old season,,130.0,95.0,26.92,True,in_stock,USD,"[""37.5"", ""38"", ""38.5""]",https://markastorelb.com/products/under-armour-u-infinite-pro-storm,2026-04-10T23:50:52Z,True
marka_store:10106488488236,marka_store,,New Balance,NEW BALANCE 520,old season,,130.0,87.0,33.08,True,in_stock,USD,"[""46.5""]",https://markastorelb.com/products/new-balance-running-course,2026-04-10T23:50:52Z,True
marka_store:10106467451180,marka_store,,,CALVIN KLEIN JEANS SNEAKERSY RETRO RUNNER,old season,,165.0,112.0,32.12,True,in_stock,USD,"[""44"", ""45""]",https://markastorelb.com/products/calvin-klein-jeans-sneakersy-retro-runner,2026-04-10T23:50:52Z,True
marka_store:10106446020908,marka_store,,,TOMMY HILFIGER SNEAKERSY SPORTY RUNNER,old season,,110.0,75.0,31.82,True,in_stock,USD,"[""39""]",https://markastorelb.com/products/tommy-hilfiger-sneakersy-sporty-runner,2026-04-10T23:50:52Z,True
marka_store:10106443268396,marka_store,,,TOMMY JEANS SNEAKERS RUNNER CASUAL,old season,,140.0,105.0,25.0,True,in_stock,USD,"[""45""]",https://markastorelb.com/products/tommy-jeans-sneakers-runner-casual,2026-04-10T23:50:52Z,True
marka_store:10106439532844,marka_store,,Reebok,REEBOK ZIG DYNAMICA 6,old season,,150.0,117.0,22.0,True,in_stock,USD,"[""41"", ""42"", ""44"", ""45.5""]",https://markastorelb.com/products/reebok-zig-dynamica-6,2026-04-10T23:50:52Z,True
marka_store:10106428850476,marka_store,,,TOMMY JEANS SNEAKERS RUNNER KNITTED,old season,,130.0,97.0,25.38,True,in_stock,USD,"[""44"", ""45"", ""46""]",https://markastorelb.com/products/tommy-jeans-sneakersy-runner-knitted,2026-04-10T23:50:52Z,True
marka_store:10097624154412,marka_store,,,MERRELL VEGO MID LTR WP,,,138.0,107.0,22.46,True,in_stock,USD,"[""43"", ""44.5"", ""46.5"", ""48""]",https://markastorelb.com/products/merrell-vego-mid-ltr-wp,2026-04-10T23:50:52Z,True
marka_store:10097621500204,marka_store,,,MERRELL MOAB 3 MID GTX,,,158.0,117.0,25.95,True,in_stock,USD,"[""41.5"", ""42"", ""46"", ""48""]",https://markastorelb.com/products/merrell-moab-3-mid-gtx,2026-04-10T23:50:52Z,True
marka_store:10089249145132,marka_store,,Nike,NIKE SPORTS BRA NONPADED,,,30.0,22.0,26.67,True,in_stock,USD,"[""M"", ""L"", ""XL"", ""S""]",https://markastorelb.com/products/nike-sports-bra-nonpaded,2026-04-10T23:50:52Z,True
marka_store:10089248457004,marka_store,,Nike,NIKE T-SHIRT TEAM CLUB 20 WOMEN,,women,35.0,26.0,25.71,True,in_stock,USD,"[""S"", ""L""]",https://markastorelb.com/products/nike-t-shirt-team-club-20-women,2026-04-10T23:50:52Z,True
marka_store:10089248227628,marka_store,,Puma,PUMA WOMEN'S T-SHIRT ESSENTIAL,,women,35.0,26.0,25.71,True,in_stock,USD,"[""XL"", ""BABY PINK"", ""L"", ""BABY BLUE""]",https://markastorelb.com/products/puma-womens-t-shirt-essential,2026-04-10T23:50:52Z,True
marka_store:10089242657068,marka_store,,Puma,PUMA ESSENTIAL TEE MEN,,men,35.0,26.0,25.71,True,in_stock,USD,"[""DARK GRAY""]",https://markastorelb.com/products/puma-essential-tee-men,2026-04-10T23:50:52Z,True
marka_store:10089239871788,marka_store,,Adidas,ADIDAS WOMEN'S REGULAR FIT T-SHIRT,Outlet,women,35.0,20.0,42.86,True,in_stock,USD,"[""XL""]",https://markastorelb.com/products/adidas-womens-regular-fit-t-shirt,2026-04-10T23:50:52Z,True
marka_store:10089235808556,marka_store,,Nike,NIKE PARK 20 M T-SHIRT,,,35.0,26.0,25.71,True,in_stock,USD,"[""XXL"", ""L"", ""XL""]",https://markastorelb.com/products/nike-park-20-m-t-shirt,2026-04-10T23:50:52Z,True
marka_store:10089235448108,marka_store,,Puma,PUMA ESSENTIALS PIQUE POLO SHIRT MEN,,men,55.0,41.0,25.45,True,in_stock,USD,"[""M"", ""L"", ""XL"", ""Navy""]",https://markastorelb.com/products/puma-essentials-pique-polo-shirt-men,2026-04-10T23:50:52Z,True
marka_store:7963364327724,marka_store,,ASICS,Asics Jog,old season,,65.0,45.0,30.77,True,in_stock,USD,"[""37"", ""38"", ""42.5""]",https://markastorelb.com/products/as-ics-jog,2026-04-10T23:50:52Z,True
marka_store:10064044785964,marka_store,,,SMART CUP LED TEMPERATURE DISPLAY,,,12.0,9.0,25.0,True,in_stock,USD,"[""Red"", ""white""]",https://markastorelb.com/products/smart-cup-led-temperature-display,2026-04-10T23:50:52Z,True
marka_store:10063053095212,marka_store,,Skechers,SKECHERS EDGERIDE REKZE,old season,,115.0,75.0,34.78,True,in_stock,USD,"[""43"", ""45""]",https://markastorelb.com/products/skechers-edgeride-rekze,2026-04-10T23:50:52Z,True
marka_store:10062769848620,marka_store,,Skechers,SKECHERS BOBS INFINITY - VAPOR PRECISE,old season,,105.0,68.0,35.24,True,in_stock,USD,"[""42"", ""43"", ""44"", ""45"", ""46""]",https://markastorelb.com/products/skechers-bobs-infinity-vapor-precise,2026-04-10T23:50:52Z,True
marka_store:10062768079148,marka_store,,Skechers,SKECHERS GO WALK ARCH FIT - ICONIC,old season,,90.0,55.0,38.89,True,in_stock,USD,"[""37""]",https://markastorelb.com/products/skechers-go-walk-arch-fit-iconic,2026-04-10T23:50:52Z,True
marka_store:10062766637356,marka_store,,Skechers,SKECHERS BOBS B FLEX - FRIGID EDGE,old season,,105.0,68.0,35.24,True,in_stock,USD,"[""43"", ""44"", ""46""]",https://markastorelb.com/products/skechers-bobs-b-flex-frigid-edge,2026-04-10T23:50:52Z,True
marka_store:9523867418924,marka_store,,Nike,NIKE REACT PEGASUS TRAIL 4,old season,,160.0,70.0,56.25,True,in_stock,USD,"[""46""]",https://markastorelb.com/products/nike-react-pegasus-trail-4,2026-04-10T23:50:52Z,True
marka_store:10025903587628,marka_store,,Adidas,ADIDAS X CRAZYFAST .2 FG,old season,,100.0,70.0,30.0,True,in_stock,USD,"[""44"", ""46"", ""46.66""]",https://markastorelb.com/products/adidas-x-crazyfast-2-fg,2026-04-10T23:50:52Z,True
marka_store:10025902473516,marka_store,,Adidas,ADIDAS PREDATOR LEAGUE 2G/3G AG,old season,,90.0,65.0,27.78,True,in_stock,USD,"[""41.33"", ""42.66"", ""44.66"", ""45.33"", ""46.66""]",https://markastorelb.com/products/adidas-predator-league-2g-3g-ag,2026-04-10T23:50:52Z,True
marka_store:10025896509740,marka_store,,Adidas,ADIDAS PREDATOR ACCURACY .3 SG,old season,,85.0,55.0,35.29,True,in_stock,USD,"[""39.33"", ""40"", ""40.66"", ""41.33""]",https://markastorelb.com/products/adidas-predator-accuracy-3-sg,2026-04-10T23:50:52Z,True
marka_store:10023911424300,marka_store,,Nike,NIKE COURT ROYALE 2,old season,,85.0,57.0,32.94,True,in_stock,USD,"[""40"", ""41"", ""45"", ""47"", ""48.5""]",https://markastorelb.com/products/nike-court-royale-2,2026-04-10T23:50:52Z,True
marka_store:10023901954348,marka_store,,Nike,NIKE COURT ROYALE,old season,,85.0,57.0,32.94,True,in_stock,USD,"[""40"", ""44.5"", ""45""]",https://markastorelb.com/products/nike-court-royale,2026-04-10T23:50:52Z,True
marka_store:10023894843692,marka_store,,Nike,NIKE AIR ZOOM PEGASUS 39,old season,,105.0,56.0,46.67,True,in_stock,USD,"[""36.5""]",https://markastorelb.com/products/nike-air-zoom-pegasus-39,2026-04-10T23:50:52Z,True
marka_store:10023892222252,marka_store,,Nike,NIKE COSMIC RUNNER (GS),old season,,100.0,65.0,35.0,True,in_stock,USD,"[""36.5"", ""37.5"", ""38.5""]",https://markastorelb.com/products/nike-cosmic-runner-gs,2026-04-10T23:50:52Z,True
marka_store:10023885537580,marka_store,,Nike,NIKE STAR RUNNER 4 NN (GS),old season,,100.0,60.0,40.0,True,in_stock,USD,"[""38"", ""38.5""]",https://markastorelb.com/products/nike-star-runner-4-nn-gs,2026-04-10T23:50:52Z,True
marka_store:10023883997484,marka_store,,Nike,NIKE COURT BOROUGH RECRAFT HF (GS),old season,,90.0,67.0,25.56,True,in_stock,USD,"[""36.5"", ""38""]",https://markastorelb.com/products/nike-court-borough-recraft-hf-gs,2026-04-10T23:50:52Z,True
marka_store:10022920323372,marka_store,,Nike,NIKE JR ZOOM SUPERFLY 9 ACAD FG/MG,old season,,80.0,55.0,31.25,True,in_stock,USD,"[""37.5"", ""38"", ""38.5""]",https://markastorelb.com/products/nike-jr-zoom-superfly-9-acad,2026-04-10T23:50:52Z,True
marka_store:10022919569708,marka_store,,Adidas,ADIDAS DURAMO SPEED M,old season,,120.0,75.0,37.5,True,in_stock,USD,"[""44.66"", ""45.33""]",https://markastorelb.com/products/adidas-duramo-speed,2026-04-10T23:50:52Z,True
marka_store:10022918783276,marka_store,,Adidas,ADIDAS SWITCH MOVE U,old season,,110.0,67.0,39.09,True,in_stock,USD,"[""40.66"", ""41.33"", ""42.66"", ""43.33"", ""44"", ""44.66"", ""45.33"", ""46""]",https://markastorelb.com/products/adidas-switch-move-u,2026-04-10T23:50:52Z,True
marka_store:10022918193452,marka_store,,Adidas,ADIDAS COURT TOURINO,old season,,95.0,61.0,35.79,True,in_stock,USD,"[""44""]",https://markastorelb.com/products/adidas-court-tourino,2026-04-10T23:50:52Z,True
marka_store:10022912262444,marka_store,,Adidas,ADIDAS DURAMO SL W,old season,,100.0,65.0,35.0,True,in_stock,USD,"[""37.33"", ""39.33"", ""40""]",https://markastorelb.com/products/adidas-duramo-sl-w,2026-04-10T23:50:52Z,True
marka_store:10022899646764,marka_store,,Adidas,ADIDAS RESPONSE SUPER M,old season,,110.0,75.0,31.82,True,in_stock,USD,"[""44.66"", ""46"", ""44"", ""45.33""]",https://markastorelb.com/products/adidas-response-super-m,2026-04-10T23:50:52Z,True
marka_store:10022882017580,marka_store,,Under Armour,UNDER ARMOUR CURRY 4 RETRO,old season,,130.0,85.0,34.62,True,in_stock,USD,"[""44.5"", ""45"", ""45.5""]",https://markastorelb.com/products/under-armour-curry-4-retro,2026-04-10T23:50:52Z,True
marka_store:10022881001772,marka_store,,Adidas,ADIDAS RUNFALCON,old season,,105.0,65.0,38.1,True,in_stock,USD,"[""46""]",https://markastorelb.com/products/adidas-runfalcon,2026-04-10T23:50:52Z,True
marka_store:10022878675244,marka_store,,Adidas,ADIDAS SWITCH RUN M,old season,,120.0,75.0,37.5,True,in_stock,USD,"[""46""]",https://markastorelb.com/products/adidas-switch-run,2026-04-10T23:50:52Z,True
marka_store:9997944160556,marka_store,,Puma,PUMA DISPERSE XT 4 Wns,old season,,95.0,65.0,31.58,True,in_stock,USD,"[""36"", ""37"", ""37.5"", ""38"", ""38.5"", ""39"", ""40.5""]",https://markastorelb.com/products/puma-disperse-xt-4-wns-tropical-a,2026-04-10T23:50:52Z,True
marka_store:9997929316652,marka_store,,Puma,PUMA RS-X REINVENTION,old season,,165.0,110.0,33.33,True,in_stock,USD,"[""37""]",https://markastorelb.com/products/puma-rs-x-reinvention,2026-04-10T23:50:52Z,True
marka_store:9971613040940,marka_store,,Puma,PUMA X-RAY SPEED LITE,Outlet,,110.0,75.0,31.82,True,in_stock,USD,"[""39""]",https://markastorelb.com/products/puma-x-ray-speed-lite-1,2026-04-10T23:50:52Z,True
marka_store:9971609141548,marka_store,,Puma,PUMA FUTURE 8 PLAY TT,old season,,85.0,61.0,28.24,True,in_stock,USD,"[""41"", ""42"", ""44.5""]",https://markastorelb.com/products/puma-future-8-play-tt,2026-04-10T23:50:52Z,True
marka_store:9971607994668,marka_store,,Puma,PUMA FUTURE 8 PLAY FG/AG,old season,,85.0,61.0,28.24,True,in_stock,USD,"[""40"", ""41"", ""42.5"", ""43"", ""44"", ""44.5"", ""45"", ""46""]",https://markastorelb.com/products/puma-future-8-play-fg-ag-1,2026-04-10T23:50:52Z,True
marka_store:9971602260268,marka_store,,Puma,PUMA FUTURE 8 PLAY FG/AG,old season,,85.0,61.0,28.24,True,in_stock,USD,"[""40.5"", ""41"", ""42"", ""42.5"", ""43"", ""44"", ""45""]",https://markastorelb.com/products/puma-future-8-play-fg-ag,2026-04-10T23:50:52Z,True
marka_store:9971583090988,marka_store,,Puma,PUMA ULTRA 5 PLAY FG/AG,old season,,85.0,61.0,28.24,True,in_stock,USD,"[""42"", ""42.5"", ""43"", ""44"", ""44.5"", ""45"", ""46""]",https://markastorelb.com/products/puma-ultra-5-play-fg-ag,2026-04-10T23:50:52Z,True
marka_store:9971552157996,marka_store,,Puma,PUMA FUTURE 8 MATCH FG/AG,old season,,125.0,85.0,32.0,True,in_stock,USD,"[""42"", ""43"", ""44"", ""45""]",https://markastorelb.com/products/puma-future-8-match-fg-ag,2026-04-10T23:50:52Z,True
marka_store:9971547668780,marka_store,,Puma,PUMA VITORIA TT,old season,,75.0,55.0,26.67,True,in_stock,USD,"[""40"", ""45""]",https://markastorelb.com/products/puma-vitoria-tt,2026-04-10T23:50:52Z,True
marka_store:9971545276716,marka_store,,Puma,PUMA DAGGER BASKETBALL,old season,,115.0,76.0,33.91,True,in_stock,USD,"[""42.5"", ""43"", ""44""]",https://markastorelb.com/products/puma-dagger-basketball,2026-04-10T23:50:52Z,True
marka_store:9971410174252,marka_store,,Puma,PUMA R22,old season,,110.0,74.0,32.73,True,in_stock,USD,"[""44.5"", ""45""]",https://markastorelb.com/products/puma-r22,2026-04-10T23:50:52Z,True
marka_store:9971404767532,marka_store,,Puma,PUMA MAYZE LTH WN'S,old season,,150.0,97.0,35.33,True,in_stock,USD,"[""38.5"", ""40""]",https://markastorelb.com/products/puma-mayze-lth-wns,2026-04-10T23:50:52Z,True
marka_store:9971401031980,marka_store,,Puma,PUMA ANZARUN LITE,old season,,90.0,58.0,35.56,True,in_stock,USD,"[""37"", ""38.5"", ""40"", ""40.5"", ""44"", ""46""]",https://markastorelb.com/products/puma-anzarun-lite,2026-04-10T23:50:52Z,True
marka_store:9971387793708,marka_store,,Puma,PUMA POUNCE LITE,old season,,100.0,65.0,35.0,True,in_stock,USD,"[""37"", ""37.5"", ""38.5"", ""39"", ""40.5""]",https://markastorelb.com/products/puma-pounce-lite-4,2026-04-10T23:50:52Z,True
marka_store:9969562943788,marka_store,,Puma,PUMA FLYER LITE 3,old season,,70.0,55.0,21.43,True,in_stock,USD,"[""37.5""]",https://markastorelb.com/products/puma-flyer-lite-3,2026-04-10T23:50:52Z,True
marka_store:9969555374380,marka_store,,Puma,PUMA RS-X,old season,,160.0,107.0,33.12,True,in_stock,USD,"[""44.5"", ""46""]",https://markastorelb.com/products/puma-rs-x-toys,2026-04-10T23:50:52Z,True
marka_store:9969528865068,marka_store,,Puma,PUMA PWR HYBRID TR UNWAVERED,old season,,135.0,90.0,33.33,True,in_stock,USD,"[""41"", ""44"", ""44.5""]",https://markastorelb.com/products/puma-pwr-hybrid-tr-unwavered,2026-04-10T23:50:52Z,True
marka_store:9969067917612,marka_store,,Puma,PUMA RICKIE,old season,,85.0,60.0,29.41,True,in_stock,USD,"[""44.5"", ""45"", ""47""]",https://markastorelb.com/products/puma-rickie,2026-04-10T23:50:52Z,True
marka_store:9969064247596,marka_store,,Puma,PUMA X-RAY SPEED LITE,old season,,120.0,78.0,35.0,True,in_stock,USD,"[""44""]",https://markastorelb.com/products/puma-x-ray-speed-lite,2026-04-10T23:50:52Z,True
marka_store:9969058611500,marka_store,,Puma,PUMA X-RAY 3,old season,,120.0,78.0,35.0,True,in_stock,USD,"[""44.5"", ""45""]",https://markastorelb.com/products/puma-x-ray-6,2026-04-10T23:50:52Z,True
marka_store:9943223042348,marka_store,,Puma,PUMA X-RAY SPEED LITE,old season,,80.0,57.0,28.75,True,in_stock,USD,"[""36"", ""37"", ""37.5"", ""38.5""]",https://markastorelb.com/products/puma-x-ray-speed-lite-jr-2,2026-04-10T23:50:52Z,True
marka_store:9943200235820,marka_store,,Puma,PUMA ATTACANTO IT JR,old season,,60.0,42.0,30.0,True,in_stock,USD,"[""31"", ""32"", ""32.5"", ""33"", ""34.5"", ""35"", ""35.5"", ""36"", ""37"", ""37.5"", ""38"", ""38.5""]",https://markastorelb.com/products/puma-attacanto-it-jr,2026-04-10T23:50:52Z,True
marka_store:9943143481644,marka_store,,Puma,PUMA X-RAY SPEED LITE AC+ PS,old season,,75.0,53.0,29.33,True,in_stock,USD,"[""31"", ""31.5"", ""32"", ""32.5"", ""33"", ""34"", ""34.5"", ""35""]",https://markastorelb.com/products/puma-x-ray-speed-lite-ac-ps,2026-04-10T23:50:52Z,True
marka_store:9943140827436,marka_store,,Puma,PUMA ANZARUN LITE AC INF,old season,,65.0,47.0,27.69,True,in_stock,USD,"[""23"", ""26"", ""27.5"", ""28"", ""28.5"", ""29"", ""30"", ""31"", ""31.5"", ""32"", ""32.5"", ""33"", ""34"", ""34.5"", ""35""]",https://markastorelb.com/products/puma-anzarun-lite-ac-inf,2026-04-10T23:50:52Z,True
marka_store:9943123755308,marka_store,,Puma,PUMA ANZARUN LITE AC+ PS,old season,,65.0,47.0,27.69,True,in_stock,USD,"[""23"", ""24"", ""26"", ""27"", ""27.5"", ""28.5"", ""29"", ""30"", ""31"", ""31.5"", ""32"", ""32.5"", ""33""]",https://markastorelb.com/products/puma-anzarun-lite-ac-ps-1,2026-04-10T23:50:52Z,True
marka_store:9943111369004,marka_store,,Puma,PUMA ALL-DAY ACTIVE AC+ PS,old season,,65.0,45.0,30.77,True,in_stock,USD,"[""28"", ""28.5"", ""29"", ""30"", ""31.5"", ""32.5"", ""33"", ""34"", ""34.5"", ""35""]",https://markastorelb.com/products/puma-all-day-active-ac-ps-1,2026-04-10T23:50:52Z,True
marka_store:9942231154988,marka_store,,Puma,PUMA FLYER RUNNER V INF,old season,,65.0,45.0,30.77,True,in_stock,USD,"[""22"", ""24"", ""25"", ""26"", ""27"", ""27.5"", ""28"", ""28.5"", ""29"", ""30"", ""31"", ""31.5"", ""32"", ""32.5"", ""33"", ""34"", ""34.5"", ""35""]",https://markastorelb.com/products/puma-flyer-runner-v-inf,2026-04-10T23:50:52Z,True
marka_store:9942208872748,marka_store,,Puma,PUMA FUTURE 8 PLAY TT JR,old season,,70.0,52.0,25.71,True,in_stock,USD,"[""38""]",https://markastorelb.com/products/puma-future-8-play-tt-jr,2026-04-10T23:50:52Z,True
marka_store:9942180790572,marka_store,,Puma,PUMA RS-X SOFT WNS,old season,,160.0,97.0,39.38,True,in_stock,USD,"[""37.5"", ""40.5""]",https://markastorelb.com/products/puma-rs-x-soft-wns,2026-04-10T23:50:52Z,True
marka_store:9942174630188,marka_store,,Puma,PUMA RS-X ASTRO ESCAPE WNS,old season,,150.0,107.0,28.67,True,in_stock,USD,"[""37""]",https://markastorelb.com/products/puma-rs-x-astro-escape-wns,2026-04-10T23:50:52Z,True
marka_store:9942168895788,marka_store,,Puma,PUMA RS-X BOYS JR,old season,boys,120.0,85.0,29.17,True,in_stock,USD,"[""37""]",https://markastorelb.com/products/puma-rs-x-boys-jr,2026-04-10T23:50:52Z,True
marka_store:9942157820204,marka_store,,Puma,PUMA FERRARI RS-X,old season,,175.0,117.0,33.14,True,in_stock,USD,"[""46""]",https://markastorelb.com/products/puma-ferrari-rs-x,2026-04-10T23:50:52Z,True
marka_store:9942145990956,marka_store,,Puma,PUMA CELL GLARE WNS,old season,,105.0,72.0,31.43,True,in_stock,USD,"[""36"", ""37"", ""37.5"", ""38"", ""38.5"", ""39"", ""40""]",https://markastorelb.com/products/puma-cell-glare-wns,2026-04-10T23:50:52Z,True
marka_store:9942130164012,marka_store,,Puma,PUMA SOFTRIDE MAYVE WN'S,old season,,100.0,68.0,32.0,True,in_stock,USD,"[""36"", ""37"", ""38.5"", ""40.5"", ""41""]",https://markastorelb.com/products/softride-mayve-wns,2026-04-10T23:50:52Z,True
marka_store:9942120628524,marka_store,,Puma,PUMA VITORIA FG/AG JR,old season,,50.0,40.0,20.0,True,in_stock,USD,"[""35"", ""35.5"", ""38""]",https://markastorelb.com/products/puma-vitoria-fg-ag-jr,2026-04-10T23:50:52Z,True
marka_store:9922847834412,marka_store,,Puma,PUMA CABANA RACER SL 20 V INF,old season,,55.0,40.0,27.27,True,in_stock,USD,"[""23"", ""25"", ""26"", ""27""]",https://markastorelb.com/products/puma-cabana-racer-sl-20-v-inf-1,2026-04-10T23:50:52Z,True
marka_store:9922809757996,marka_store,,Adidas,ADIDAS TRACEFINDER TERREX,old season,,130.0,80.0,38.46,True,in_stock,USD,"[""40.66"", ""48""]",https://markastorelb.com/products/adidas-tracefinder-terrex,2026-04-10T23:50:52Z,True
marka_store:9872194339116,marka_store,,Puma,PUMA SOFTRIDE HARLI WNS HS,old season,,100.0,68.0,32.0,True,in_stock,USD,"[""36"", ""37"", ""37.5"", ""38.5""]",https://markastorelb.com/products/puma-softride-harli-wns-hs,2026-04-10T23:50:52Z,True
marka_store:9872184639788,marka_store,,Puma,PUMA SOFTRIDE SYMMETRY FUZION WNS,old season,,95.0,67.0,29.47,True,in_stock,USD,"[""40.5""]",https://markastorelb.com/products/puma-softride-symmetry-fuzion-wns,2026-04-10T23:50:52Z,True
marka_store:9872179364140,marka_store,,Puma,PUMA DARTER PRO,old season,,115.0,76.0,33.91,True,in_stock,USD,"[""36"", ""37"", ""37.5"", ""38"", ""39"", ""40"", ""40.5""]",https://markastorelb.com/products/puma-darter-pro-2,2026-04-10T23:50:52Z,True
marka_store:9861619515692,marka_store,,Puma,PUMA PHASE AOP BACKPACK,,,40.0,35.0,12.5,True,in_stock,USD,[],https://markastorelb.com/products/puma-phase-aop-backpack-1,2026-04-10T23:50:52Z,True
marka_store:9861615386924,marka_store,,Puma,PUMA PHASE BACKPACK,,,35.0,30.0,14.29,True,in_stock,USD,[],https://markastorelb.com/products/puma-phase-backpack-5,2026-04-10T23:50:52Z,True
marka_store:9861596905772,marka_store,,Puma,PUMA PHASE CB BACKPACK,,,35.0,30.0,14.29,True,in_stock,USD,[],https://markastorelb.com/products/puma-phase-cb-backpack-1,2026-04-10T23:50:52Z,True
marka_store:9861591630124,marka_store,,Puma,PUMA PHASE BACKPACK,,,35.0,30.0,14.29,True,in_stock,USD,[],https://markastorelb.com/products/puma-phase-backpack-4,2026-04-10T23:50:52Z,True
marka_store:9854235312428,marka_store,,Puma,PUMA R78 V INF,old season,,65.0,45.0,30.77,True,in_stock,USD,"[""27""]",https://markastorelb.com/products/puma-r78-v-inf,2026-04-10T23:50:52Z,True
marka_store:9854225645868,marka_store,,Puma,PUMA TRINITY LITE AC+ PS,old season,,70.0,50.0,28.57,True,in_stock,USD,"[""27.5"", ""28.5"", ""29"", ""31"", ""31.5"", ""32.5"", ""33"", ""34""]",https://markastorelb.com/products/puma-trinity-lite-ac-ps,2026-04-10T23:50:52Z,True
marka_store:9854213161260,marka_store,,Puma,PUMA FUN RACER 2 AC+ PS,old season,,55.0,40.0,27.27,True,in_stock,USD,"[""27.5"", ""30"", ""32.5"", ""33"", ""34"", ""34.5"", ""35""]",https://markastorelb.com/products/puma-fun-racer-2-ac-ps-1,2026-04-10T23:50:52Z,True
marka_store:9854198219052,marka_store,,Puma,PUMA FLEXFOCUS MODERN AC+ INF,old season,,55.0,40.0,27.27,True,in_stock,USD,"[""22""]",https://markastorelb.com/products/puma-flexfocus-modern-ac-inf,2026-04-10T23:50:52Z,True
marka_store:9848456708396,marka_store,,Skechers,SKECHERS GO WALK MASSAGE FIT,old season,,125.0,78.0,37.6,True,in_stock,USD,"[""42"", ""44.5""]",https://markastorelb.com/products/skechers-go-walk-massage-fit,2026-04-10T23:50:52Z,True
marka_store:9848452219180,marka_store,,Skechers,SKECHERS GLIDE STEP ALLURE,old season,,100.0,65.0,35.0,True,in_stock,USD,"[""36.5"", ""37"", ""37.5"", ""38"", ""39"", ""41""]",https://markastorelb.com/products/skechers-glide-step-allure,2026-04-10T23:50:52Z,True
marka_store:9846519693612,marka_store,,Puma,PUMA TRINITY 2 LT,old season,,95.0,67.0,29.47,True,in_stock,USD,"[""37"", ""38"", ""38.5"", ""39"", ""40.5""]",https://markastorelb.com/products/puma-trinity-2-lt,2026-04-10T23:50:52Z,True
marka_store:9846502162732,marka_store,,Puma,PUMA RICKIE JR,old season,,70.0,57.0,18.57,True,in_stock,USD,"[""37.5"", ""39""]",https://markastorelb.com/products/puma-rickie-jr,2026-04-10T23:50:52Z,True
marka_store:9846461497644,marka_store,,Puma,PUMA NOVA COURT WN'S,old season,,100.0,70.0,30.0,True,in_stock,USD,"[""37"", ""39"", ""40""]",https://markastorelb.com/products/puma-nova-court-wns,2026-04-10T23:50:52Z,True
marka_store:9846435283244,marka_store,,Puma,PUMA SKYROCKET LITE,old season,,85.0,62.0,27.06,True,in_stock,USD,"[""37.5"", ""38"", ""40"", ""40.5""]",https://markastorelb.com/products/puma-skyrocket-lite-2,2026-04-10T23:50:52Z,True
marka_store:9846422667564,marka_store,,Puma,PUMA SOFTRIDE CARSON,old season,,90.0,67.0,25.56,True,in_stock,USD,"[""37"", ""37.5"", ""39"", ""40.5""]",https://markastorelb.com/products/puma-softride-carson-1,2026-04-10T23:50:52Z,True
marka_store:9846390489388,marka_store,,Puma,PUMA X-RAY 3,old season,,110.0,75.0,31.82,True,in_stock,USD,"[""36"", ""38.5"", ""39"", ""40.5""]",https://markastorelb.com/products/puma-x-ray-3,2026-04-10T23:50:52Z,True
marka_store:9790566039852,marka_store,,Skechers,SKECHERS ARCH FIT DLUX 232502-NAVY,old season,,110.0,70.0,36.36,True,in_stock,USD,"[""40"", ""42""]",https://markastorelb.com/products/skechers-arch-fit-dlux-232502-navy,2026-04-10T23:50:52Z,True
marka_store:9839693758764,marka_store,,Puma,PUMA NOVA SMASH,old season,,90.0,65.0,27.78,True,in_stock,USD,"[""37"", ""37.5"", ""38""]",https://markastorelb.com/products/puma-nova-smash,2026-04-10T23:50:52Z,True
marka_store:9839680389420,marka_store,,Puma,PUMA FLEXFOCUS LITE MODERN,old season,,90.0,62.0,31.11,True,in_stock,USD,"[""44.5""]",https://markastorelb.com/products/puma-flexfocus-lite-modern-1,2026-04-10T23:50:52Z,True
marka_store:9839670133036,marka_store,,Puma,PUMA SKYROCKET LITE ENGINEERED,old season,,105.0,67.0,36.19,True,in_stock,USD,"[""36"", ""37"", ""37.5"", ""38.5"", ""41"", ""44"", ""44.5"", ""45"", ""46""]",https://markastorelb.com/products/puma-skyrocket-lite-engineered,2026-04-10T23:50:52Z,True
marka_store:9839416836396,marka_store,,Puma,PUMA ST RUNNER V4 NL,,,95.0,78.0,17.89,True,in_stock,USD,"[""44.5"", ""46"", ""47""]",https://markastorelb.com/products/puma-st-runner-v4-nl,2026-04-10T23:50:52Z,True
marka_store:9839411757356,marka_store,,Puma,PUMA ATTACANTO TT,old season,,70.0,52.0,25.71,True,in_stock,USD,"[""31"", ""32"", ""34.5"", ""35"", ""36"", ""37.5"", ""38.5"", ""41"", ""42"", ""42.5"", ""44.5""]",https://markastorelb.com/products/puma-attacanto-tt,2026-04-10T23:50:52Z,True
marka_store:9811397411116,marka_store,,Champion,CHAMPION SOFTY EVOLVE G PS,old season,,47.0,35.0,25.53,True,in_stock,USD,"[""27.5"", ""28"", ""28.5"", ""29.5"", ""30"", ""31"", ""31.5"", ""32"", ""33"", ""33.5"", ""34"", ""35""]",https://markastorelb.com/products/champion-softy-evolve-g-ps,2026-04-10T23:50:52Z,True
marka_store:9811389055276,marka_store,,Champion,CHAMPION NIMBLE B PS,old season,,52.0,36.0,30.77,True,in_stock,USD,"[""34""]",https://markastorelb.com/products/champion-nimble-b-ps,2026-04-10T23:50:52Z,True
marka_store:9811381453100,marka_store,,Champion,CHAMPION FAST R. B PS LOW CUT SHOE,old season,,58.0,39.0,32.76,True,in_stock,USD,"[""28"", ""29.5"", ""30"", ""31"", ""32"", ""34"", ""35""]",https://markastorelb.com/products/champion-fast-r-b-ps-lowcutshoe,2026-04-10T23:50:52Z,True
marka_store:9810398183724,marka_store,,Champion,CHAMPION BOLD 3 B PS RBL/RED,old season,,53.0,37.0,30.19,True,in_stock,USD,"[""29.5"", ""31"", ""32"", ""33"", ""34""]",https://markastorelb.com/products/champion-bold-3-b-ps-rbl-red,2026-04-10T23:50:52Z,True
marka_store:9810377834796,marka_store,,Champion,CHAMPION ENGAGE MESH B PS RBL/SYF,old season,,50.0,35.0,30.0,True,in_stock,USD,"[""27.5"", ""28.5"", ""29.5"", ""31"", ""31.5"", ""32"", ""33.5""]",https://markastorelb.com/products/champion-engage-mesh-b-ps-rbl-syf,2026-04-10T23:50:52Z,True
marka_store:9807237480748,marka_store,,,MERRELL MORPHLITE SEA/DAZZLE,,,120.0,84.0,30.0,True,in_stock,USD,"[""41.5"", ""44.5"", ""46.5""]",https://markastorelb.com/products/merrell-morphlite-sea-dazzle,2026-04-10T23:50:52Z,True
marka_store:8438241394988,marka_store,,Puma,PUMA BAGPACK GREY-SILVER,,,30.0,25.0,16.67,True,in_stock,USD,[],https://markastorelb.com/products/pu-ma-bagpack-grey-silver,2026-04-10T23:50:52Z,True
marka_store:8438241100076,marka_store,,Puma,PUMA BACKPACK DARK RED,,,30.0,25.0,16.67,True,in_stock,USD,[],https://markastorelb.com/products/pu-ma-bagpack-dark-red,2026-04-10T23:50:52Z,True
marka_store:9794311618860,marka_store,,Skechers,SKECHERS RAZOR FLEX,old season,,68.0,43.0,36.76,True,in_stock,USD,"[""29""]",https://markastorelb.com/products/skechers-razor-flex,2026-04-10T23:50:52Z,True
marka_store:9794177532204,marka_store,,Skechers,SKECHERS HYPER SURGE,old season,,70.0,45.0,35.71,True,in_stock,USD,"[""28"", ""29"", ""30""]",https://markastorelb.com/products/skechers-hyper-surge,2026-04-10T23:50:52Z,True
marka_store:9794140111148,marka_store,,Nike,NIKE PHANTOM GT2 CLUB TF,old season,,110.0,70.0,36.36,True,in_stock,USD,"[""41"", ""42"", ""43"", ""44"", ""45"", ""47""]",https://markastorelb.com/products/nike-phantom-gt2-club-tf,2026-04-10T23:50:52Z,True
marka_store:9790483464492,marka_store,,Skechers,SKECHERS MARK NASON (ZIGGY-TEGIN) BLK,old season,,100.0,65.0,35.0,True,in_stock,USD,"[""37"", ""38"", ""38.5"", ""39"", ""39.5"", ""40"", ""41""]",https://markastorelb.com/products/skechers-mark-nason-ziggy-tegin-blk,2026-04-10T23:50:52Z,True
marka_store:7983571206444,marka_store,,Puma,PUMA MB 9 FG Jr,old season,,35.0,25.0,28.57,True,in_stock,USD,"[""36""]",https://markastorelb.com/products/pu-ma-mb-9-fg-jr,2026-04-10T23:50:52Z,True
marka_store:9699741401388,marka_store,,Adidas,ADIDAS LIN CLAS BP DAY OLIVE/GRERN,,,35.0,,,False,in_stock,USD,[],https://markastorelb.com/products/adidas-lin-clas-bp-day-olive-grern,2026-04-10T23:50:52Z,True
marka_store:9591037624620,marka_store,,,FILA DISRUPTOR E CB TDL WHT/PINK,old season,,35.0,25.0,28.57,True,in_stock,USD,"[""19"", ""20""]",https://markastorelb.com/products/fila-disruptor-e-cb-tdl-wht-pink,2026-04-10T23:50:52Z,True
marka_store:9591001088300,marka_store,,,FILA DISRUPTOR F KIDS WHT/YELO,old season,kids,35.0,25.0,28.57,True,in_stock,USD,"[""30"", ""33"", ""35""]",https://markastorelb.com/products/fila-disruptor-f-kids-wht-yelo,2026-04-10T23:50:52Z,True
marka_store:9590988996908,marka_store,,,FILA DISRUPTOR FAIR OECHID/WHT,old season,,35.0,25.0,28.57,True,in_stock,USD,"[""35""]",https://markastorelb.com/products/fila-disruptor-fair-oechid-wht,2026-04-10T23:50:52Z,True
marka_store:9573637062956,marka_store,,,GEOX SANDAL NAVY,,,25.0,15.0,40.0,True,in_stock,USD,"[""35""]",https://markastorelb.com/products/geox-sandal-navy,2026-04-10T23:50:52Z,True
marka_store:9573629067564,marka_store,,Nike,NIKE HUARACHE RUN PS BLK,old season,,45.0,25.0,44.44,True,in_stock,USD,"[""28"", ""34""]",https://markastorelb.com/products/nike-huarache-run-ps-blk,2026-04-10T23:50:52Z,True
marka_store:9573617205548,marka_store,,Nike,NIKE WAFFLE ON PS MELON-PINK,old season,,45.0,30.0,33.33,True,in_stock,USD,"[""30"", ""31""]",https://markastorelb.com/products/nike-waffle-on-ps-melon-pink,2026-04-10T23:50:52Z,True
marka_store:9573607211308,marka_store,,Nike,NIKE WAFFLE ON PS WHT-BLK,old season,,45.0,30.0,33.33,True,in_stock,USD,"[""32""]",https://markastorelb.com/products/nike-waffle-on-ps-wht-blk,2026-04-10T23:50:52Z,True
marka_store:9573603901740,marka_store,,New Balance,NEW BALANCE YZ373XK2 PINK,old season,,50.0,30.0,40.0,True,in_stock,USD,"[""34.5"", ""35""]",https://markastorelb.com/products/new-balance-yz373xk2-pink,2026-04-10T23:50:52Z,True
marka_store:9569342619948,marka_store,,,TOMMY HILFIGER T3A4 WHT,old season,,25.0,15.0,40.0,True,in_stock,USD,"[""33"", ""34""]",https://markastorelb.com/products/tommy-hilfiger-t3a4-wht,2026-04-10T23:50:52Z,True
marka_store:9569070743852,marka_store,,,FILA CROSSCOURT ALTEZZA BLK,old season,,35.0,25.0,28.57,True,in_stock,USD,"[""31""]",https://markastorelb.com/products/fila-crosscourt-altezza-blk,2026-04-10T23:50:52Z,True
marka_store:9549700858156,marka_store,,Nike,NIKE HUARACHE RUN GS BLK,old season,,75.0,35.0,53.33,True,in_stock,USD,"[""36"", ""37.5"", ""38"", ""39""]",https://markastorelb.com/products/nike-huarache-run-gs-blk,2026-04-10T23:50:52Z,True
marka_store:9549695353132,marka_store,,Nike,NIKE HUARACHE RUN GS WHT-PURPLE,old season,,75.0,35.0,53.33,True,in_stock,USD,"[""40""]",https://markastorelb.com/products/nike-huarache-run-gs-wht-purple,2026-04-10T23:50:52Z,True
marka_store:9549675987244,marka_store,,Nike,NIKE HUARACHE RUN GS WHT-BLU,old season,,75.0,35.0,53.33,True,in_stock,USD,"[""36.5""]",https://markastorelb.com/products/nike-huarache-run-gs-wht-blu,2026-04-10T23:50:52Z,True
marka_store:9549466337580,marka_store,,Nike,NIKE HUARACHE RUN GS WHT,old season,,75.0,35.0,53.33,True,in_stock,USD,"[""36.5""]",https://markastorelb.com/products/nike-huarache-run-gs-wht,2026-04-10T23:50:52Z,True
marka_store:9546483204396,marka_store,,,FILA POINTER CLASSIC PURPLE,old season,,20.0,15.0,25.0,True,in_stock,USD,"[""36""]",https://markastorelb.com/products/fila-pointer-classic-purple,2026-04-10T23:50:52Z,True
marka_store:9529806979372,marka_store,,Puma,PUMA REBOUND JOY LOW WHT/MINT,old season,,90.0,55.0,38.89,True,in_stock,USD,"[""40.5""]",https://markastorelb.com/products/untitled-18jul_16-53,2026-04-10T23:50:52Z,True
marka_store:9542604554540,marka_store,,Puma,PUMA X-RAY WHT/RED/YLLW,old season,,120.0,70.0,41.67,True,in_stock,USD,"[""42.5"", ""45""]",https://markastorelb.com/products/puma-x-ray-wht-red-yllw,2026-04-10T23:50:52Z,True
marka_store:9542574309676,marka_store,,Puma,PUMA VIS2K BETTER WHT,old season,,130.0,75.0,42.31,True,in_stock,USD,"[""44"", ""44.5""]",https://markastorelb.com/products/puma-vis2k-better-wht,2026-04-10T23:50:52Z,True
marka_store:9542559826220,marka_store,,Puma,PUMA REBOUND LAYUP SL CAMO WHT,old season,,100.0,60.0,40.0,True,in_stock,USD,"[""39"", ""42"", ""42.5"", ""43"", ""44.5"", ""47""]",https://markastorelb.com/products/puma-rebound-layup-sl-camo-wht,2026-04-10T23:50:52Z,True
marka_store:9542553010476,marka_store,,Puma,PUMA GROUNDED SL GRY,old season,,90.0,55.0,38.89,True,in_stock,USD,"[""39"", ""40.5"", ""41"", ""42.5"", ""43"", ""45""]",https://markastorelb.com/products/puma-grounded-sl-gry,2026-04-10T23:50:52Z,True
marka_store:9542532006188,marka_store,,Puma,PUMA TRINITY WHT/GRT,old season,,100.0,70.0,30.0,True,in_stock,USD,"[""42"", ""46""]",https://markastorelb.com/products/puma-trinity-wht-grt,2026-04-10T23:50:52Z,True
marka_store:9538334359852,marka_store,,Crocs,CROCS BAYA SANDAL,outlet,,45.0,35.0,22.22,True,in_stock,USD,"[""39-40"", ""43""]",https://markastorelb.com/products/crocs-baya-sandal-1,2026-04-10T23:50:52Z,True
marka_store:9538325119276,marka_store,,Crocs,CROCS BAYA SANDAL,old season,,45.0,35.0,22.22,True,in_stock,USD,"[""37-38"", ""38-39"", ""39-40"", ""41"", ""46""]",https://markastorelb.com/products/crocs-baya-sandal,2026-04-10T23:50:52Z,True
marka_store:9538317320492,marka_store,,Crocs,CROCS CLASSIC SLIDE,old season,,45.0,35.0,22.22,True,in_stock,USD,"[""36-37"", ""37-38"", ""38-39""]",https://markastorelb.com/products/crocs-classic-slide-1,2026-04-10T23:50:52Z,True
marka_store:9536284688684,marka_store,,Crocs,CROCS CLASSIC SLIDE,old season,,45.0,35.0,22.22,True,in_stock,USD,"[""36-37"", ""39-40""]",https://markastorelb.com/products/crocs-classic-slide,2026-04-10T23:50:52Z,True
marka_store:9536269910316,marka_store,,Crocs,CROCS BAYABAND SLIDE,outlet,,45.0,35.0,22.22,True,in_stock,USD,"[""39-40"", ""41""]",https://markastorelb.com/products/crocs-bayaband-slide-1,2026-04-10T23:50:52Z,True
marka_store:9536242090284,marka_store,,Crocs,CROCS BAYABAND FLIP,outlet,,45.0,35.0,22.22,True,in_stock,USD,"[""37-38""]",https://markastorelb.com/products/crocs-bayaband-flip-1,2026-04-10T23:50:52Z,True
marka_store:9536234062124,marka_store,,Crocs,CROCS BAYABAND FLIP,outlet,,45.0,35.0,22.22,True,in_stock,USD,"[""37-38""]",https://markastorelb.com/products/crocs-bayaband-flip,2026-04-10T23:50:52Z,True
marka_store:9536219808044,marka_store,,Crocs,CROCS ECHO SLIDE,old season,,50.0,35.0,30.0,True,in_stock,USD,"[""36-37""]",https://markastorelb.com/products/crocs-echo-slide,2026-04-10T23:50:52Z,True
marka_store:9536159645996,marka_store,,Crocs,CROCS CROCBAND,old season,,70.0,49.0,30.0,True,in_stock,USD,"[""39-40"", ""41"", ""42-43""]",https://markastorelb.com/products/crocs-crocband,2026-04-10T23:50:52Z,True
marka_store:9536141754668,marka_store,,Crocs,CROCS BAYABAND CLOG,old season,,70.0,49.0,30.0,True,in_stock,USD,"[""36-37"", ""37-38"", ""38-39""]",https://markastorelb.com/products/crocs-bayaband-clog-1,2026-04-10T23:50:53Z,True
marka_store:9536132448556,marka_store,,Crocs,CROCS BAYABAND CLOG,outlet,,70.0,49.0,30.0,True,in_stock,USD,"[""38-39"", ""39-40""]",https://markastorelb.com/products/crocs-bayaband-clog,2026-04-10T23:50:53Z,True
marka_store:9536119865644,marka_store,,Crocs,CROCS BAYABAND CLOG,outlet,,70.0,49.0,30.0,True,in_stock,USD,"[""38-39"", ""41""]",https://markastorelb.com/products/crocs-bayband-clog,2026-04-10T23:50:53Z,True
marka_store:9534292263212,marka_store,,Nike,NIKE STAR RUNNER 3 (PSV),old season,,50.0,30.0,40.0,True,out_of_stock,USD,[],https://markastorelb.com/products/nike-star-runner-3-psv,2026-04-10T23:50:53Z,True
marka_store:9534286594348,marka_store,,Nike,NIKE AIR MAX AXIS(TD),old season,,50.0,35.0,30.0,True,in_stock,USD,"[""26""]",https://markastorelb.com/products/nike-air-max-axistd,2026-04-10T23:50:53Z,True
marka_store:9532747809068,marka_store,,Nike,NIKE HYPERCHARGE CHUG PINK,,,20.0,,,False,in_stock,USD,[],https://markastorelb.com/products/nike-hypercharge-chug-pink,2026-04-10T23:50:53Z,True
marka_store:9532734243116,marka_store,,Nike,NIKE BOTTLE-BLACK,,,18.0,15.0,16.67,True,in_stock,USD,[],https://markastorelb.com/products/nike-bottle-black,2026-04-10T23:50:53Z,True
marka_store:9532702687532,marka_store,,Nike,NIKE MISC/DRIVERS/41 LITERS-NAVY,,,40.0,35.0,12.5,True,in_stock,USD,[],https://markastorelb.com/products/nike-misc-drivers-41-liters-navy,2026-04-10T23:50:53Z,True
marka_store:9532691415340,marka_store,,Puma,PUMA PHASE BAG- GREEN,,,30.0,25.0,16.67,True,in_stock,USD,[],https://markastorelb.com/products/puma-phase-bag-green,2026-04-10T23:50:53Z,True
marka_store:9532661203244,marka_store,,Nike,NIKE BAG MISC/DRIVERS/ 30 Liters Navy,,,40.0,35.0,12.5,True,in_stock,USD,[],https://markastorelb.com/products/nike-bag-misc-drivers-30-liters-navy,2026-04-10T23:50:53Z,True
marka_store:9530316259628,marka_store,,Puma,PUMA RBD GAME LOW WHT,old season,,90.0,55.0,38.89,True,in_stock,USD,"[""40.5""]",https://markastorelb.com/products/puma-rbg-game-low-wht,2026-04-10T23:50:53Z,True
marka_store:9529869631788,marka_store,,Puma,PUMA REBOUND JOY LOW WHT/PINK,old season,,90.0,55.0,38.89,True,in_stock,USD,"[""37"", ""37.5""]",https://markastorelb.com/products/puma-rebound-joy-low-wht-pink,2026-04-10T23:50:53Z,True
marka_store:9529653395756,marka_store,,Puma,PUMA CA PRO CLASSIC BLU,old season,,90.0,55.0,38.89,True,in_stock,USD,"[""42""]",https://markastorelb.com/products/puma-ca-pro-classic-blu,2026-04-10T23:50:53Z,True
marka_store:9524267712812,marka_store,,Puma,PUMA SOFTRIDE SWAY BLU,old season,,135.0,77.0,42.96,True,in_stock,USD,"[""41"", ""42"", ""45""]",https://markastorelb.com/products/puma-softride-sway-blu,2026-04-10T23:50:53Z,True
marka_store:9524224622892,marka_store,,Nike,NIKE METCON 8 PINK,old season,,130.0,75.0,42.31,True,in_stock,USD,"[""36.5"", ""40.5""]",https://markastorelb.com/products/nike-metcon-8-pink,2026-04-10T23:50:53Z,True
marka_store:9523937607980,marka_store,,Adidas,ADIDAS ADISTAR 2 M BLK,old season,,130.0,74.0,43.08,True,in_stock,USD,"[""42"", ""45.33""]",https://markastorelb.com/products/adidas-adistar-2-m-blk,2026-04-10T23:50:53Z,True
marka_store:9523881181484,marka_store,,Nike,NIKE AIR MONARCH IV WHT,old season,,130.0,75.0,42.31,True,in_stock,USD,"[""41"", ""42.5""]",https://markastorelb.com/products/nike-air-monarch-iv-wht,2026-04-10T23:50:53Z,True
marka_store:9523865354540,marka_store,,Nike,NIKE JORDAN ACCESS BLK/RED,old season,,140.0,85.0,39.29,True,in_stock,USD,"[""41""]",https://markastorelb.com/products/nike-jordan-access-blk-red,2026-04-10T23:50:53Z,True
marka_store:9523846480172,marka_store,,Adidas,Adidas Grand Court 2.0,old season,,95.0,57.0,40.0,True,in_stock,USD,"[""38.66"", ""39.33""]",https://markastorelb.com/products/adidas-grand-court-2-0,2026-04-10T23:50:53Z,True
marka_store:9331165921580,marka_store,,,KAPPA BASH PX K WHT,old season,,40.0,30.0,25.0,True,in_stock,USD,"[""28""]",https://markastorelb.com/products/kappa-bash-px-k-wht,2026-04-10T23:50:53Z,True
marka_store:9322104815916,marka_store,,Adidas,ADIDAS SWIFT RUN 22 J,old season,,70.0,45.0,35.71,True,in_stock,USD,"[""36.66""]",https://markastorelb.com/products/adidas-swift-run-22-j,2026-04-10T23:50:53Z,True
marka_store:9290262642988,marka_store,,Puma,PUMA SLIPPER DIVECAR V2 DARK BLUE,,,33.0,,,False,in_stock,USD,"[""37"", ""38"", ""39"", ""42"", ""44.5""]",https://markastorelb.com/products/puma-slipper-divecar-v2-dark-blue,2026-04-10T23:50:53Z,True
marka_store:9289630449964,marka_store,,Nike,NIKE STAR RUNNER 3 DREAM,old season,,55.0,38.0,30.91,True,in_stock,USD,"[""28"", ""28.5"", ""30"", ""33"", ""33.5"", ""34""]",https://markastorelb.com/products/nike-star-runner-3-dream,2026-04-10T23:50:53Z,True
marka_store:9221585305900,marka_store,,Nike,NIKE PHANTOM GT2 CLUB FG/MG,old season,,90.0,60.0,33.33,True,in_stock,USD,"[""40.5"", ""42"", ""42.5"", ""43"", ""44"", ""44.5"", ""45.5"", ""45"", ""46""]",https://markastorelb.com/products/nike-phantom-gt2-fg-mg,2026-04-10T23:50:53Z,True
marka_store:9220763812140,marka_store,,Nike,NIKE SUPERFLY 8 CLUB FG/MG,old season,,90.0,54.0,40.0,True,in_stock,USD,"[""40"", ""41"", ""42.5"", ""44"", ""45.5""]",https://markastorelb.com/products/nike-superfly-8-club-fg-mg,2026-04-10T23:50:53Z,True
marka_store:9212445393196,marka_store,,New Balance,NEW BALANCE GC300WA1,old season,,100.0,60.0,40.0,True,in_stock,USD,"[""39"", ""40""]",https://markastorelb.com/products/new-balance-gc300wa1,2026-04-10T23:50:53Z,True
marka_store:9212421669164,marka_store,,Nike,NIKE BLAZER MID 77 VNTG WHT,old season,,110.0,65.0,40.91,True,in_stock,USD,"[""40""]",https://markastorelb.com/products/nike-blazer-mid-77-vntg-wht,2026-04-10T23:50:53Z,True
marka_store:9212184953132,marka_store,,Nike,NIKE AIR MAX FLYKNIT RACER,old season,,95.0,55.0,42.11,True,in_stock,USD,"[""36"", ""37.5"", ""38"", ""38.5"", ""39""]",https://markastorelb.com/products/nike-air-max-flyknit-racer-1,2026-04-10T23:50:53Z,True
marka_store:9205012234540,marka_store,,Nike,NIKE REAX 8 TR MECH WHT,old season,,110.0,70.0,36.36,True,in_stock,USD,"[""42"", ""44"", ""44.5"", ""45"", ""46""]",https://markastorelb.com/products/nike-reax-8-tr-mech-wht,2026-04-10T23:50:53Z,True
marka_store:9204985004332,marka_store,,Nike,NIKE JORDAN MAX AURA 5 BLK,old season,,145.0,85.0,41.38,True,in_stock,USD,"[""41""]",https://markastorelb.com/products/nike-jordan-max-aura-5-blk,2026-04-10T23:50:53Z,True
marka_store:9130296639788,marka_store,,Adidas,ADIDAS STREETCHECK K,old season,,55.0,40.0,27.27,True,in_stock,USD,"[""36.66"", ""37.33""]",https://markastorelb.com/products/adidas-streetcheck-k,2026-04-10T23:50:53Z,True
marka_store:9119725551916,marka_store,,Adidas,ADIDAS HYPERTURF BLK/BLU,old season,,120.0,75.0,37.5,True,in_stock,USD,"[""42"", ""42.66"", ""43.33"", ""45.33"", ""46.66""]",https://markastorelb.com/products/adidas-hypertruf-blk-blu,2026-04-10T23:50:53Z,True
marka_store:9119713722668,marka_store,,Adidas,ADIDAS ZNCHILL WHT,old season,,120.0,70.0,41.67,True,in_stock,USD,"[""43.33"", ""44""]",https://markastorelb.com/products/adidas-znchill-wht,2026-04-10T23:50:53Z,True
marka_store:9119705006380,marka_store,,Nike,NIKE COURT BOROUGH MID (GS),old season,,90.0,49.0,45.56,True,in_stock,USD,"[""38.5""]",https://markastorelb.com/products/nike-court-borough-mid-gs,2026-04-10T23:50:53Z,True
marka_store:9119685542188,marka_store,,Nike,NIKE REVOLUTION 6NN (TDV),old season,,55.0,38.0,30.91,True,in_stock,USD,"[""25"", ""26"", ""27""]",https://markastorelb.com/products/nike-revolution-6nn-tdv,2026-04-10T23:50:53Z,True
marka_store:9116059533612,marka_store,,Adidas,ADIDAS ULTRABOOST 22W BLK,old season,,160.0,110.0,31.25,True,in_stock,USD,"[""39.33"", ""41.33""]",https://markastorelb.com/products/adidas-ultraboost-22w-blk,2026-04-10T23:50:53Z,True
marka_store:9042442420524,marka_store,,Crocs,CROCS BAYA LINED GLOG KIDS,old season,kids,32.0,20.0,37.5,True,in_stock,USD,"[""29-30""]",https://markastorelb.com/products/crocs-baya-lined-glog-kids,2026-04-10T23:50:53Z,True
marka_store:9040575922476,marka_store,,Nike,NIKE COURT BOROUGH LOW SL WHT,old season,,55.0,40.0,27.27,True,in_stock,USD,"[""27.5"", ""28"", ""28.5""]",https://markastorelb.com/products/nike-court-borough-low-sl-wht,2026-04-10T23:50:53Z,True
marka_store:9038411530540,marka_store,,Nike,NIKE AIR MAX DAWN,old season,,55.0,35.0,36.36,True,in_stock,USD,"[""28.5""]",https://markastorelb.com/products/nike-air-max-dawm,2026-04-10T23:50:53Z,True
marka_store:9001623159084,marka_store,,Puma,PUMA SKYE JR WHT/PINK,old season,,90.0,55.0,38.89,True,in_stock,USD,"[""36"", ""37"", ""38"", ""38.5""]",https://markastorelb.com/products/puma-skye-jr-wht-pink,2026-04-10T23:50:53Z,True
marka_store:9001616146732,marka_store,,Puma,PUMA TWITCH RUNNER GRY/PINK,old season,,95.0,50.0,47.37,True,in_stock,USD,"[""36"", ""37""]",https://markastorelb.com/products/puma-twich-runner-gry-pink,2026-04-10T23:50:53Z,True
marka_store:8713640902956,marka_store,GW8509,Adidas,ADIDAS X SPEEDPORTAL 4 TF J GW8509,old season,,55.0,40.0,27.27,True,in_stock,USD,"[""38"", ""38.66""]",https://markastorelb.com/products/ad-idas-x-speedportal-4-tf-j-gw8509,2026-04-10T23:50:53Z,True
marka_store:8713542959404,marka_store,,Adidas,ADIDAS PREDATOR ACCURACY 4 TF J,old season,,55.0,40.0,27.27,True,in_stock,USD,"[""38"", ""38.66""]",https://markastorelb.com/products/ad-idas-predator-accuracy-4-tf-j,2026-04-10T23:50:53Z,True
marka_store:8412029714732,marka_store,,Nike,NIKE REVOLUTION 6 PINK,old season,,54.0,38.0,29.63,True,in_stock,USD,"[""28""]",https://markastorelb.com/products/ni-ke-revolution-6-pink,2026-04-10T23:50:53Z,True
marka_store:8370581340460,marka_store,,Nike,NIKE STAR RUNNER 2 PSV,old season,,65.0,40.0,38.46,True,in_stock,USD,"[""27.5""]",https://markastorelb.com/products/ni-ke-star-runner-2-psv,2026-04-10T23:50:53Z,True
marka_store:8910910521644,marka_store,,,US POLO ASSN SPARTA BLK,old season,,43.0,32.0,25.58,True,in_stock,USD,"[""27"", ""29"", ""30"", ""34""]",https://markastorelb.com/products/us-po-lo-assn-sparta-blk,2026-04-10T23:50:53Z,True
marka_store:8910903542060,marka_store,,,US POLO ASSN GWEN PU JR 3PR,old season,,53.0,40.0,24.53,True,in_stock,USD,"[""34""]",https://markastorelb.com/products/us-po-lo-assn-qwen-pu-jr-3pr,2026-04-10T23:50:53Z,True
marka_store:8910890303788,marka_store,,,LUMBERJACK FULLER HI 3PR,old season,,60.0,35.0,41.67,True,in_stock,USD,"[""32""]",https://markastorelb.com/products/lum-berjack-fuller-hi-3pr,2026-04-10T23:50:53Z,True
marka_store:8910888436012,marka_store,,,LUMBERJACK FLORA 3PR,old season,,60.0,40.0,33.33,True,in_stock,USD,"[""34"", ""35""]",https://markastorelb.com/products/lu-mberjack-flora-3pr,2026-04-10T23:50:53Z,True
marka_store:8910886633772,marka_store,,,LUMBERJACK FERNANDES 3PR,old season,,55.0,35.0,36.36,True,in_stock,USD,"[""27"", ""29"", ""30""]",https://markastorelb.com/products/lum-berjack-fernandes-3pr,2026-04-10T23:50:53Z,True
marka_store:8910882046252,marka_store,,,KINETIX ROHA 3 PR,,,50.0,30.0,40.0,True,in_stock,USD,"[""30"", ""35""]",https://markastorelb.com/products/kin-etix-roha-3pr,2026-04-10T23:50:53Z,True
marka_store:8910880866604,marka_store,,,KINETIX NEGRO HI 3PR OLIVE GREEN,,,50.0,30.0,40.0,True,in_stock,USD,"[""31"", ""32"", ""33"", ""34"", ""35""]",https://markastorelb.com/products/ki-netix-negro-hi-3pr-olive-green,2026-04-10T23:50:53Z,True
marka_store:8910833156396,marka_store,,,KINETIX ASTERO J 3PR,old season,,50.0,35.0,30.0,True,in_stock,USD,"[""33"", ""34""]",https://markastorelb.com/products/ki-netix-astero-j-3pr,2026-04-10T23:50:53Z,True
marka_store:8900164976940,marka_store,,Puma,PUMA ESSENTIAL CAP BIG CAT DARK GREY,old season,,15.0,10.0,33.33,True,in_stock,USD,[],https://markastorelb.com/products/puma-essential-cap-big-cat-dark-grey,2026-04-10T23:50:53Z,True
marka_store:8875454562604,marka_store,,Puma,PUMA MMS DRIFT CAT DELTA JR,old season,,65.0,40.0,38.46,True,in_stock,USD,"[""35.5"", ""37""]",https://markastorelb.com/products/pu-ma-mms-drift-cat-delta-jr,2026-04-10T23:50:53Z,True
marka_store:8875447845164,marka_store,,Adidas,ADIDAS COPA SENSE 4FXG,old season,,78.0,60.0,23.08,True,in_stock,USD,"[""43.33"", ""44""]",https://markastorelb.com/products/adidas-copa-sense-4fxg,2026-04-10T23:50:53Z,True
marka_store:8813775454508,marka_store,,,U.S. POLO ASSN NOBIK009 PIN SIL0,old season,,42.0,30.0,28.57,True,in_stock,USD,"[""33"", ""34""]",https://markastorelb.com/products/us-p-olo-assn-nobik009-pin-sil0,2026-04-10T23:50:53Z,True
marka_store:8813770375468,marka_store,,,U.S. POLO ASSN NOBIK-LGR-LGE02,old season,,42.0,30.0,28.57,True,in_stock,USD,"[""27""]",https://markastorelb.com/products/u-s-polo-assn-nobik-igr-ige02,2026-04-10T23:50:53Z,True
marka_store:8789376401708,marka_store,,Nike,NIKE CAP W607 451 KIDS ENFANT BLU,,kids,25.0,,,False,in_stock,USD,[],https://markastorelb.com/products/ni-ke-cap-w607-451-kids-enfant-blu,2026-04-10T23:50:53Z,True
marka_store:8700620210476,marka_store,,,U.S. POLO ASSN LUKE001A YEL001,old season,,42.0,30.0,28.57,True,in_stock,USD,"[""31"", ""36"", ""37""]",https://markastorelb.com/products/us-p-olo-assn-luke001a-yel001,2026-04-10T23:50:53Z,True
marka_store:8696909725996,marka_store,,,U.S. POLO ASSN CRILY001 GRE001,old season,,45.0,30.0,33.33,True,in_stock,USD,"[""35"", ""39""]",https://markastorelb.com/products/us-po-lo-assn-crily001-gre001,2026-04-10T23:50:53Z,True
marka_store:8638376935724,marka_store,,Nike,NIKE PHANTOM GT2 CLUB,old season,,90.0,59.0,34.44,True,in_stock,USD,"[""40""]",https://markastorelb.com/products/ni-ke-phantom-gt2-club,2026-04-10T23:50:53Z,True
marka_store:8638345904428,marka_store,M0787,,LUMBERJACK VENDORE M0787,old season,,55.0,40.0,27.27,True,in_stock,USD,"[""39"", ""40""]",https://markastorelb.com/products/lu-mberjack-vendore-m0787,2026-04-10T23:50:53Z,True
marka_store:8638333976876,marka_store,CD002,,LUMBERJACK BELINDA CD002,old season,,70.0,45.0,35.71,True,in_stock,USD,"[""41""]",https://markastorelb.com/products/lu-mberjack-belinda-cd002,2026-04-10T23:50:53Z,True
marka_store:8629025079596,marka_store,,Nike,NIKE LEGEND ESSENTIAL 3,old season,,100.0,60.0,40.0,True,in_stock,USD,"[""37.5""]",https://markastorelb.com/products/n-ike-legend-essential-3-nn-wmn,2026-04-10T23:50:53Z,True
marka_store:8592948920620,marka_store,,Puma,PUMA R78,old season,,55.0,38.0,30.91,True,in_stock,USD,"[""34.5""]",https://markastorelb.com/products/p-uma-r78-v-ps,2026-04-10T23:50:53Z,True
marka_store:8592554787116,marka_store,,Puma,PUMA RALPH SAMPSON VULC WHT,old season,,70.0,50.0,28.57,True,in_stock,USD,"[""35.5"", ""36""]",https://markastorelb.com/products/pu-ma-ralph-sampson-vulc-wht,2026-04-10T23:50:53Z,True
marka_store:8580349362476,marka_store,,Puma,PUMA CILIA SPACE METALLICS,old season,,90.0,55.0,38.89,True,in_stock,USD,"[""41""]",https://markastorelb.com/products/pu-ma-cilia-space-metallics,2026-04-10T23:50:53Z,True
marka_store:8580306796844,marka_store,,Puma,PUMA BMW MMS DRIFT CAT DELTA,old season,,65.0,40.0,38.46,True,in_stock,USD,"[""35.5"", ""37.5"", ""38""]",https://markastorelb.com/products/pu-ma-bmw-mms-drift-cat-deltela,2026-04-10T23:50:53Z,True
marka_store:8487351746860,marka_store,,Nike,NIKE WAFFLE ONE SE,old season,,110.0,60.0,45.45,True,in_stock,USD,"[""42"", ""42.5""]",https://markastorelb.com/products/n-ike-waffle-one-se,2026-04-10T23:50:53Z,True
marka_store:8487343391020,marka_store,,Nike,NIKE AIR FORCE 1 '07,old season,,125.0,75.0,40.0,True,in_stock,USD,"[""38.5"", ""39"", ""41""]",https://markastorelb.com/products/nike-air-force-1-07,2026-04-10T23:50:53Z,True
marka_store:8442016006444,marka_store,,Adidas,ADIDAS X SPEED PORTAL MESSI,old season,,95.0,62.0,34.74,True,in_stock,USD,"[""44.66"", ""45.33""]",https://markastorelb.com/products/ad-idas-x-speed-portal-messi,2026-04-10T23:50:53Z,True
marka_store:8438270230828,marka_store,,Nike,NIKE BACKPACK RED,,,35.0,30.0,14.29,True,in_stock,USD,[],https://markastorelb.com/products/ni-ke-bagpack-red,2026-04-10T23:50:53Z,True
marka_store:8416848544044,marka_store,,Crocs,CROCS CLASSIC SANDAL,old season,,30.0,25.0,16.67,True,in_stock,USD,"[""41-42""]",https://markastorelb.com/products/cr-ocs-classic-cr-ocs-sandal-1,2026-04-10T23:50:53Z,True
marka_store:8416847069484,marka_store,,Crocs,CROCS CLASSIC SANDAL,,,30.0,25.0,16.67,True,in_stock,USD,"[""41-42"", ""46-47""]",https://markastorelb.com/products/cr-ocs-classic-crocs-sandal,2026-04-10T23:50:53Z,True
marka_store:8416839696684,marka_store,,Crocs,CROCS BAYABAND CLOG,old season,,70.0,49.0,30.0,True,in_stock,USD,"[""39-40""]",https://markastorelb.com/products/cr-ocs-bayaband-clog-1,2026-04-10T23:50:53Z,True
marka_store:8416836157740,marka_store,,Crocs,CROCS BAYABAND CLOG,old season,,70.0,49.0,30.0,True,in_stock,USD,"[""38-39"", ""41-42""]",https://markastorelb.com/products/c-rocs-bayaband-clog,2026-04-10T23:50:53Z,True
marka_store:8416829571372,marka_store,,Puma,PUMA FERRARI DRIFT CAT DELTA,old season,,65.0,40.0,38.46,True,in_stock,USD,"[""37"", ""37.5""]",https://markastorelb.com/products/pu-ma-fe-rrari-drift-cat-delta-1,2026-04-10T23:50:53Z,True
marka_store:8416820986156,marka_store,,Nike,NIKE COURT ROYALE AC OIL GREY/ SILVER,old season,,75.0,40.0,46.67,True,in_stock,USD,"[""38.5""]",https://markastorelb.com/products/ni-ke-court-royale-ac-oil-grey-silver,2026-04-10T23:50:53Z,True
marka_store:8411988099372,marka_store,,Nike,NIKE COURT BOROUGH LOW 2,old season,,55.0,40.0,27.27,True,in_stock,USD,"[""26"", ""27""]",https://markastorelb.com/products/ni-ke-court-borough-low-2,2026-04-10T23:50:53Z,True
marka_store:8411973419308,marka_store,,Nike,NIKE PICO 5 GRY,old season,,55.0,35.0,36.36,True,in_stock,USD,"[""27.5"", ""28"", ""28.5"", ""29.5"", ""31.5"", ""32"", ""34"", ""35""]",https://markastorelb.com/products/ni-ke-pico-5-gry,2026-04-10T23:50:53Z,True
marka_store:8411960738092,marka_store,,,GEOX J ALFIER GRY-RED,old season,,64.0,42.0,34.38,True,in_stock,USD,"[""30"", ""35""]",https://markastorelb.com/products/geox-j-alfier-gry-red,2026-04-10T23:50:53Z,True
marka_store:8411946320172,marka_store,,,GEOX J PAVEL NAVY,old season,,64.0,42.0,34.38,True,in_stock,USD,"[""29"", ""32"", ""33"", ""34"", ""37""]",https://markastorelb.com/products/ge-ox-j-pavel-navy,2026-04-10T23:50:53Z,True
marka_store:8411938390316,marka_store,,Puma,PUMA SMASH FUN LV BLK,old season,,55.0,38.0,30.91,True,in_stock,USD,"[""25"", ""28.5""]",https://markastorelb.com/products/pu-ma-smash-fun-lv-blk,2026-04-10T23:50:53Z,True
marka_store:8411927314732,marka_store,,Nike,NIKE FLEX RUNNER DREAM,old season,,55.0,38.0,30.91,True,in_stock,USD,"[""33"", ""33.5""]",https://markastorelb.com/products/ni-ke-flex-runner-dream,2026-04-10T23:50:53Z,True
marka_store:8411912306988,marka_store,,Nike,NIKE DOWNSHIFTER 12,old season,,100.0,55.0,45.0,True,in_stock,USD,"[""37.5""]",https://markastorelb.com/products/ni-ke-downshifter-14,2026-04-10T23:50:53Z,True
marka_store:8395031216428,marka_store,,Nike,NIKE DOWNSHIFTER 12 PRM,old season,,100.0,55.0,45.0,True,in_stock,USD,"[""41""]",https://markastorelb.com/products/ni-ke-downshifter-12-prm,2026-04-10T23:50:53Z,True
marka_store:8371121488172,marka_store,,,POLARIS,old season,,15.0,10.0,33.33,True,in_stock,USD,"[""36"", ""37""]",https://markastorelb.com/products/p-olaris-1,2026-04-10T23:50:53Z,True
marka_store:8371117981996,marka_store,,,POLARIS,old season,,15.0,10.0,33.33,True,in_stock,USD,"[""36"", ""37"", ""38""]",https://markastorelb.com/products/po-laris,2026-04-10T23:50:53Z,True
marka_store:8359117390124,marka_store,,,U.S. POLO ASSN KALEK001-RED-BLU01,old season,,42.0,30.0,28.57,True,in_stock,USD,"[""30"", ""31"", ""37"", ""38"", ""39""]",https://markastorelb.com/products/u-s-po-lo-kalek001-red-blu01,2026-04-10T23:50:53Z,True
marka_store:8359077642540,marka_store,,,U.S. POLO ASSN KALEB001-DBL001,old season,,60.0,40.0,33.33,True,in_stock,USD,"[""41"", ""46""]",https://markastorelb.com/products/u-s-pol-o-kaleb001-dbl001,2026-04-10T23:50:53Z,True
marka_store:8338064605484,marka_store,,,DOCKERS 3M 226325 3FX LACI,old season,,23.0,15.0,34.78,True,in_stock,USD,"[""40"", ""41"", ""42"", ""43""]",https://markastorelb.com/products/do-ckers-3m-226325-3fx-laci,2026-04-10T23:50:53Z,True
marka_store:8338061852972,marka_store,,,LUMBERJACK WENDEL GR 3FX,old season,,20.0,15.0,25.0,True,in_stock,USD,"[""36"", ""37""]",https://markastorelb.com/products/lu-mberjack-wendel-gr-3fx,2026-04-10T23:50:53Z,True
marka_store:8336514973996,marka_store,,,LOTTO FANOSTA B PS 3FX,old season,,50.0,30.0,40.0,True,in_stock,USD,"[""31"", ""32"", ""33"", ""34"", ""35""]",https://markastorelb.com/products/lo-tto-fanosta-b-ps-3fx,2026-04-10T23:50:53Z,True
marka_store:8336507994412,marka_store,,,KINETIX RIVERO 3FX,old season,,40.0,25.0,37.5,True,in_stock,USD,"[""28"", ""29""]",https://markastorelb.com/products/ki-netix-rivero-3fx-1,2026-04-10T23:50:53Z,True
marka_store:8336501309740,marka_store,,,KINETIX RIVERO 3FX,old season,,40.0,25.0,37.5,True,in_stock,USD,"[""27"", ""28""]",https://markastorelb.com/products/ki-netix-rivero-3fx,2026-04-10T23:50:53Z,True
marka_store:8336470245676,marka_store,,,KINETIX RAIN 3FX,old season,,44.0,30.0,31.82,True,in_stock,USD,"[""27"", ""28""]",https://markastorelb.com/products/ki-netix-rain-3fx,2026-04-10T23:50:53Z,True
marka_store:8336457400620,marka_store,,,KINETIX VOLKY TF 3FX,old season,,44.0,32.0,27.27,True,in_stock,USD,"[""40"", ""41"", ""42"", ""43"", ""44""]",https://markastorelb.com/products/ki-netix-volky-tf-3fx,2026-04-10T23:50:53Z,True
marka_store:8336448946476,marka_store,,,KINETIX FABIO TF 3FX,old season,,44.0,32.0,27.27,True,in_stock,USD,"[""42""]",https://markastorelb.com/products/ki-netix-fabio-tf-3fx,2026-04-10T23:50:53Z,True
marka_store:8336445800748,marka_store,,,LOTTO MOMENT TF GR 3FX,old season,,53.0,35.0,33.96,True,in_stock,USD,"[""36"", ""37"", ""38"", ""39""]",https://markastorelb.com/products/lo-tto-moment-tf-gr-3fx,2026-04-10T23:50:53Z,True
marka_store:8316495855916,marka_store,,Adidas,ADIDAS X SPEEDFLOW.4 TF,old season,,75.0,61.0,18.67,True,in_stock,USD,"[""44"", ""44.66""]",https://markastorelb.com/products/ad-idas-x-speedflow-4-tf,2026-04-10T23:50:53Z,True
marka_store:8316487205164,marka_store,,Adidas,ADIDAS COPA SENSE.4 TF,old season,,75.0,56.0,25.33,True,in_stock,USD,"[""43.33"", ""45.33""]",https://markastorelb.com/products/ad-idas-copa-sense-4-tf-1,2026-04-10T23:50:53Z,True
marka_store:8316484026668,marka_store,,Adidas,ADIDAS X SPEEDPORTAL.4 FXG,old season,,75.0,63.0,16.0,True,in_stock,USD,"[""36"", ""36.66"", ""44"", ""45.33"", ""46""]",https://markastorelb.com/products/ad-idas-x-speedportal-4-fxg,2026-04-10T23:50:53Z,True
marka_store:8316442116396,marka_store,,Adidas,ADIDAS COPA SENSE.4 TF,old season,,75.0,56.0,25.33,True,in_stock,USD,"[""44.66""]",https://markastorelb.com/products/ad-idas-copa-sense-4-tf,2026-04-10T23:50:53Z,True
marka_store:8241474961708,marka_store,,,KINETIX DEIMOS 3FX,old season,,45.0,33.0,26.67,True,in_stock,USD,"[""34"", ""35""]",https://markastorelb.com/products/ki-netix-deimos-3fx,2026-04-10T23:50:53Z,True
marka_store:8219871969580,marka_store,,,KAPPA VALDIS OC K RED,old season,,35.0,25.0,28.57,True,in_stock,USD,"[""26"", ""30"", ""33""]",https://markastorelb.com/products/ka-ppa-valdis-oc-k-red,2026-04-10T23:50:53Z,True
marka_store:8211617251628,marka_store,,Puma,PUMA FERRARI DRIFT CAT DECIMA BLK,old season,,65.0,40.0,38.46,True,in_stock,USD,"[""37.5""]",https://markastorelb.com/products/p-uma-fer-rari-drift-cat-decima-blk,2026-04-10T23:50:53Z,True
marka_store:8211613679916,marka_store,,Puma,PUMA FERRARI DRIFT CAT DECIMA WHT,old season,,65.0,40.0,38.46,True,in_stock,USD,"[""36"", ""37"", ""37.5"", ""38.5""]",https://markastorelb.com/products/pu-ma-fe-rrari-drift-cat-decima-wht,2026-04-10T23:50:53Z,True
marka_store:8168092533036,marka_store,,Puma,PUMA PORSHE LEGACY LOW CURVE BLUE,,,22.0,15.0,31.82,True,in_stock,USD,[],https://markastorelb.com/products/pu-ma-po-rshe-legacy-low-curve-blue,2026-04-10T23:50:53Z,True
marka_store:8141379469612,marka_store,,Puma,PUMA FUTURE Z 4.4 TT,old season,,75.0,50.0,33.33,True,in_stock,USD,"[""45""]",https://markastorelb.com/products/pu-ma-future-z-4-4-tt,2026-04-10T23:50:53Z,True
marka_store:8141358301484,marka_store,,Puma,PUMA ULTRA PLAY TT,old season,,75.0,61.0,18.67,True,in_stock,USD,"[""42"", ""42.5"", ""44"", ""44.5"", ""45"", ""46""]",https://markastorelb.com/products/pu-ma-ultra-play-tt-1,2026-04-10T23:50:53Z,True
marka_store:8141302858028,marka_store,,Puma,PUMA ULTRA PLAY TT,old season,,75.0,61.0,18.67,True,in_stock,USD,"[""41"", ""42"", ""44"", ""44.5"", ""45"", ""46""]",https://markastorelb.com/products/pu-ma-ultra-play-tt,2026-04-10T23:50:53Z,True
marka_store:8043028644140,marka_store,,,KINETIX GINNIFER 2PR,,,45.0,30.0,33.33,True,in_stock,USD,"[""39""]",https://markastorelb.com/products/ki-netix-ginnifer-2pr-1,2026-04-10T23:50:53Z,True
marka_store:8043028185388,marka_store,,,KINETIX GINNIFER 2PR,,,60.0,,,False,in_stock,USD,"[""37"", ""38""]",https://markastorelb.com/products/ki-netix-ginnifer-2pr,2026-04-10T23:50:53Z,True
marka_store:8041859481900,marka_store,,,LUMBERJACK FEST HI 2PR,old season,,70.0,50.0,28.57,True,in_stock,USD,"[""36"", ""37""]",https://markastorelb.com/products/lu-mberjack-fest-hi-2pr,2026-04-10T23:50:53Z,True
marka_store:8041858761004,marka_store,,,MCKINLEY MAINE MID AQB,old season,,80.0,50.0,37.5,True,in_stock,USD,"[""37"", ""38""]",https://markastorelb.com/products/mc-kinley-maine-mid-aqb-w-262102,2026-04-10T23:50:53Z,True
marka_store:8041848078636,marka_store,,,LUMBERJACK FULLER HI 3PR,old season,,60.0,35.0,41.67,True,in_stock,USD,"[""32"", ""33"", ""34""]",https://markastorelb.com/products/lu-mberjack-fuller-hi-2pr,2026-04-10T23:50:53Z,True
marka_store:8032080429356,marka_store,,Under Armour,UNDER ARMOUR UA TEAM NITRO LOW D,old season,,45.0,30.0,33.33,True,in_stock,USD,"[""48.5""]",https://markastorelb.com/products/under-ar-mour-ua-team-nitro-low-d,2026-04-10T23:50:53Z,True
marka_store:8014220362028,marka_store,,,U.S. POLO ASSN NOBIL004-RED-DBL01,old season,,55.0,30.0,45.45,True,in_stock,USD,"[""40"", ""41"", ""42"", ""43"", ""44""]",https://markastorelb.com/products/u-s-po-lo-nobil004-red-dbl01-1,2026-04-10T23:50:53Z,True
marka_store:8009949970732,marka_store,,,U.S. POLO ASSN NOBIL005-LGR001,old season,,55.0,30.0,45.45,True,in_stock,USD,"[""41"", ""42""]",https://markastorelb.com/products/u-s-p-olo-nobil005-lgr001,2026-04-10T23:50:53Z,True
marka_store:8004433215788,marka_store,,,KINETIX GIGA WHT/BORDO,old season,,35.0,25.0,28.57,True,in_stock,USD,"[""33"", ""36""]",https://markastorelb.com/products/ki-netix-beyaz-bordo,2026-04-10T23:50:53Z,True
marka_store:7983568519468,marka_store,,Puma,PUMA POWERCAT 2.12 FG Jr,old season,,35.0,25.0,28.57,True,in_stock,USD,"[""37""]",https://markastorelb.com/products/pu-ma-powercat-2-12-fg-jr,2026-04-10T23:50:53Z,True
marka_store:7983072346412,marka_store,,ASICS,ASICS LETHAL TIGREOR 6 IT GS,old season,,55.0,30.0,45.45,True,in_stock,USD,"[""40""]",https://markastorelb.com/products/as-ics-lethal-tigreor-6-it-gs,2026-04-10T23:50:53Z,True
marka_store:7981640319276,marka_store,,,KINETIX KREJA CAMO PU HI 2PR,old season,,32.0,20.0,37.5,True,in_stock,USD,"[""21"", ""22""]",https://markastorelb.com/products/ki-netix-kreja-camo-pu-hi-2pr,2026-04-10T23:50:53Z,True
marka_store:7981009830188,marka_store,,,KINETIX KREJA PU HI 2PR,,,35.0,25.0,28.57,True,in_stock,USD,"[""33"", ""34"", ""35""]",https://markastorelb.com/products/ki-netix-kreja-pu-hi-2pr,2026-04-10T23:50:53Z,True
marka_store:7978930307372,marka_store,,,LUMBERJACK DATA HI WMN 1PR,old season,,70.0,45.0,35.71,True,in_stock,USD,"[""37""]",https://markastorelb.com/products/lu-mberjack-data-hi-wmn-1pr,2026-04-10T23:50:53Z,True
marka_store:7974305464620,marka_store,,,LUMBERJACK ELECTRIC HI WMN,old season,,75.0,50.0,33.33,True,in_stock,USD,"[""37""]",https://markastorelb.com/products/lu-mberjack-electric-hi-wmn,2026-04-10T23:50:53Z,True
marka_store:7974292357420,marka_store,,,LUMBERJACK DEBORA LW 2 PR BLK,old season,,60.0,40.0,33.33,True,in_stock,USD,"[""40""]",https://markastorelb.com/products/lu-mberjack-debora-lw-2-pr-blk,2026-04-10T23:50:53Z,True
marka_store:7970647802156,marka_store,,,LUMBERJACK FIRST 2FX,old season,,30.0,20.0,33.33,True,in_stock,USD,"[""24""]",https://markastorelb.com/products/lu-mberjack-first-2fx-101084659,2026-04-10T23:50:53Z,True
marka_store:7964647653676,marka_store,,Reebok,Reebok royal CLJOG 3.0,old season,,50.0,35.0,30.0,True,in_stock,USD,"[""36.5""]",https://markastorelb.com/products/re-ebok-royal-cljog-3-0,2026-04-10T23:50:53Z,True
marka_store:7963526562092,marka_store,,,LUMBERJACK MAX WATERPROOF,old season,,65.0,45.0,30.77,True,in_stock,USD,"[""41""]",https://markastorelb.com/products/lu-mberjack-outdoor,2026-04-10T23:50:53Z,True
