style_code,mikesport_name,adidas_name,mikesport_price_usd,adidas_price_usd,price_diff_usd,cheaper_retailer,more_expensive_retailer,mikesport_on_sale,adidas_on_sale,any_sale,mikesport_sizes_available,adidas_sizes_available
IC3623,Adidas Essential 3S Girls Sportswear Tight Black/White,"Kids Essentials 3-Stripes Cotton Leggings, Black",20.0,19.0,1.0,adidas_lb,mikesport_lb,True,True,True,11-12 Years | 13-14 Years,7-8 Yrs | 11-12 Yrs | 13-14 Yrs
ID4019,Adidas Cloudfoam Go Lounge Men Sportswear Shoes Black/Lucid Blue,"Cloudfoam Go Lounger Shoes, Black",58.0,57.0,1.0,adidas_lb,mikesport_lb,True,True,True,41 1/3 EU,40 2/3
IS2649,Adidas Essentials Big Logo Girls Sportswear Tight Grey Heather/White,"Kids Essentials Big Logo Cotton Leggings, Grey",20.0,19.0,1.0,adidas_lb,mikesport_lb,True,True,True,13-14 Years,11-12 Yrs | 170
IX3872,Adidas Predator Kids-Boys football Gloves Blue/Solar Red/White,"Unisex Kids Predator Training Goalkeeper Gloves, Blue",25.0,24.0,1.0,adidas_lb,mikesport_lb,True,True,True,5 | 6 | 7,4 | 5 | 7
JE1991,Adidas Tiro 24 Men Football Short White/Blue/Solar Red,"Tiro 24 Training Shorts, White",20.0,19.0,1.0,adidas_lb,mikesport_lb,True,True,True,S,L
IC9406,Adidas Essentials French Terry Tapered Cuff 3-Stripes Men Sportswear Pant Legend Ink,"Essentials French Terry Tapered Cuff 3-Stripes Joggers, Blue",40.0,38.0,2.0,adidas_lb,mikesport_lb,True,True,True,S,S
ID0910,Adidas Predator League Tf Men Turf Shoes Blue/White/Red,"Unisex Predator League Turf Boots, Blue",74.0,72.0,2.0,adidas_lb,mikesport_lb,True,True,True,45 1/3 EU | 40 EU | 40 2/3 EU,39 1/3 | 40 | 40 2/3 | 41 1/3 | 42 | 42 2/3 | 43 1/3 | 44 | 44 2/3 | 45 1/3 | 46
IF6348,Adidas Predator Leage Fg Men Football Shoes Blue/White/Red,"Unisex Predator League Firm Ground Boots, Blue",74.0,72.0,2.0,adidas_lb,mikesport_lb,True,True,True,44 2/3 EU | 45 1/3 EU | 46 EU | 44 EU,42 | 43 1/3 | 44 | 44 2/3 | 45 1/3
IF6349,Adidas Predator League Fg Men Football Shoes Platinum/Black/Turbo,"Unisex Predator League Firm Ground Football Boots, Grey",74.0,72.0,2.0,adidas_lb,mikesport_lb,True,True,True,45 1/3 EU | 42 EU | 43 1/3 EU,42 | 43 1/3 | 44
IV9455,Adidas Jam Woven Kids-Unisex Sportswear Pant Black/White,"Unisex Kids Street Jam Woven Cargo Trousers, Black",46.0,44.0,2.0,adidas_lb,mikesport_lb,True,True,True,7-8 Years | 9-10 Years | 11-12 Years | 13-14 Years,7-8 Yrs | 11-12 Yrs | 9-10 Yrs
IV9780,Adidas City Escape Parachute Women Sportswear Pant Black,"City Escape Woven Parachute Pant, Black",55.0,53.0,2.0,adidas_lb,mikesport_lb,True,True,True,XS,M
JD9032,Adidas Techfit All Over Print Men Training Tight Core Black/Grey,"TECHFIT Training Allover Print Long Tights, Black",42.0,40.0,2.0,adidas_lb,mikesport_lb,True,True,True,L | M | XL,S | M | L
JY4158,Adidas Smiley 3 Pairs Per Pack Unisex Sportswear Sock Grey/Yellow/Black,"Kids Unisex Adidas Smiley Socks - 3 Pairs, Multicolour",20.0,18.0,2.0,adidas_lb,mikesport_lb,True,True,True,M,34-36 | 37-39 | M | 25-27 | 28-30 | 31-33
IB8273,Adidas Essentials Feelready Logo Men Training T-Shirt Black/White,"Train Essentials Feelready Logo Training T-Shirt, Black",38.0,35.0,3.0,adidas_lb,mikesport_lb,True,True,True,M | S,S | M | L | 2XL
IG8720,Adidas Copa Pure 2 League Men Turf Shoes Black/Platinum/Turbo,"Unisex Copa Pure Ii League Football Boots Turf, Purple",66.0,63.0,3.0,adidas_lb,mikesport_lb,True,True,True,39 1/3 EU | 40 EU | 40 2/3 EU | 41 1/3 EU | 43 1/3 EU,42
IH4894,Adidas Advantage Infant-Girls Sportswear Shoes White/Pink/Black,"Unisex Kids Advantage Shoes, White",38.0,35.0,3.0,adidas_lb,mikesport_lb,True,True,True,27 EU,25 | 26 | 27
IW0852,Adidas Essentials Logo Boys Sportswear T-Shirt Legend Ink/White,"Unisex Kids Train Essentials Logo Regular Fit T-Shirt, Blue",13.0,10.0,3.0,adidas_lb,mikesport_lb,True,True,True,9-10 Years | 11-12 Years,5-6 Yrs
JL7489,Adidas Seasonal Essentials Cupcake Graphic Women Sportswear T-Shirt White,"Seasonal Essentials Cupcake Graphic T-Shirt, White",27.0,24.0,3.0,adidas_lb,mikesport_lb,True,True,True,L | M | XS,XS | S | M | L
JP6162,Adidas Advantage 2.0 Dino Ps-Boys Sportswear Shoes Off White,"Kids Unisex Advantage 2.0 Dino Shoes, White",47.0,44.0,3.0,adidas_lb,mikesport_lb,True,True,True,32 EU | 34 EU,28 | 31 | 32 | 33 | 34 | 35
JW9707,Adidas Train Essentials Seasonal All Over Print Men Training T-Shirt Black,"Train Essentials Seasonal All Over Print T-Shirt, Black",38.0,35.0,3.0,adidas_lb,mikesport_lb,True,True,True,XL,XS | S | M | L | XL
IT5057,Adidas Team Kids-Boys Sportswear T-Shirt Royal Blue/White,"Unisex Kids Team T-shirt, Blue",19.0,15.0,4.0,adidas_lb,mikesport_lb,True,True,True,7-8 Years | 9-10 Years | 11-12 Years,7-8 Yrs | 9-10 Yrs
IX4023,Adidas Manchester United Fc Club Home Unisex football Ball Red/White,"Unisex Manchester United Home Club Ball, Red",19.0,15.0,4.0,adidas_lb,mikesport_lb,True,True,True,5,5
FM9931,Adidas Performance 0.75 Unisex Training Water Bottle Black,"Unisex Performance 750 Ml Water Bottle, Multicolour",13.0,8.0,5.0,adidas_lb,mikesport_lb,False,True,True,,NS
GW1981,Adidas Tensaur Sport 2.0 Ps-Boys Sportswear Shoes Cloud White/Black,"Unisex Tensaur Hook and Loop Shoes, White",41.0,36.0,5.0,adidas_lb,mikesport_lb,True,True,True,33 EU | 32 EU | 34 EU | 35 EU,37 1/3 | 38 | 38 2/3 | 39 1/3
HS1606,Adidas Essential 3S Kids-Unisex Sportswear Short Black/White,"Unisex Kids Train Essentials Aeroready 3-Stripes Regular-Fit Shorts, Black",20.0,15.0,5.0,adidas_lb,mikesport_lb,True,True,True,7-8 Years | 9-10 Years,7-8 Yrs
IA5390,Adidas Solid Clx Men Swim Swim Short Black/Lucid Lemon,"Solid Clx Short-Length Swim Shorts, Black",24.0,19.0,5.0,adidas_lb,mikesport_lb,True,True,True,S,S
IN1659,Adidas D4T Kids Boys Sportswear T-Shirt Semi Spark/Silver,"Kids Training Aeroready T-Shirt, Orange",20.0,15.0,5.0,adidas_lb,mikesport_lb,True,True,True,9-10 Years,7-8 Yrs | 9-10 Yrs
IY1123,Adidas D4T Hybrid Men Training Pant Black,"Designed for Training Hybrid Joggers, Black",67.0,62.0,5.0,adidas_lb,mikesport_lb,True,True,True,2XL | S,XS | S | M | L | XL
JD6015,Adidas Padel Category Graphic Men Tennis T-Shirt Bright Blue,"Padel Category Graphic T-Shirt, Blue",27.0,22.0,5.0,adidas_lb,mikesport_lb,True,True,True,M,M
JJ4808,Adidas Future Icons 3 Stripes Ankle Kids Unisex Sportswear Pant Black/White,"Kids Unisex Future Icons 3-Stripes Ankle-Length Joggers, Black",54.0,49.0,5.0,adidas_lb,mikesport_lb,True,True,True,7-8 Years | 9-10 Years | 11-12 Years,7-8 Yrs | 11-12 Yrs | 13-14 Yrs | 9-10 Yrs
JQ6055,Adidas Breaknet 3.0 Women Sportswear Shoes White/Glow Blue,"Breaknet 3.0 Shoes, White",62.0,57.0,5.0,adidas_lb,mikesport_lb,True,True,True,38 EU | 38 2/3 EU | 39 1/3 EU | 40 EU,37 1/3 | 38 | 38 2/3
JX3142,Adidas Essentials Linear Oversized Jogger Women Originals Pant Cream White,"Essentials Linear Jogger Pant Oversized, Beige",67.0,62.0,5.0,adidas_lb,mikesport_lb,True,True,True,M,XS | S | M | L
HR6275,Adidas City Escape Casual Gs-Boys Sportswear Short Black,"Unisex Kids City Escape Casual Adjustable Woven Shorts, Grey",28.0,22.0,6.0,adidas_lb,mikesport_lb,True,True,True,9-10 Years | 11-12 Years,7-8 Yrs
IC9314,Adidas Essentials Piqu&#233; Men Sportswear Polo Short Sleeve Black,"Essentials Pique Small Logo Polo Shirt, Black",30.0,24.0,6.0,adidas_lb,mikesport_lb,True,True,True,S,S
ID8840,Adidas Ultraboost 5 Women Running Shoes White/Grey/Pink,"Ultraboost 5 Shoes, White",150.0,144.0,6.0,adidas_lb,mikesport_lb,True,True,True,37 1/3 EU,36 2/3 | 40
IW0130,Adidas Yoga Stay Balanced Graphic Women Training T-Shirt Purple Burst,"Yoga Stay Balanced Graphic T-Shirt, Purple",28.0,22.0,6.0,adidas_lb,mikesport_lb,True,True,True,XS,
IW0145,Adidas Racket Rebels Graphic Men Tennis T-Shirt Collegiate Navy,"Racket Sport Rebels Graphic T-Shirt, Blue",28.0,22.0,6.0,adidas_lb,mikesport_lb,True,True,True,L | M,L
IX6753,Adidas Street 4 Men Original T-Shirt White/Blue,"Training Supply Street T-Shirt 4, White",28.0,22.0,6.0,adidas_lb,mikesport_lb,True,True,True,S,S
IZ0089,Adidas Tie Dyed Men Original T-Shirt Black,"Tie-Dyed Short Sleeve T-Shirt, Black",30.0,24.0,6.0,adidas_lb,mikesport_lb,True,True,True,L | M | S,S
JH7724,Adidas F50 League Tf Men Football Shoes Purple,"Unisex F50 League Turf Boots, Purple",96.0,90.0,6.0,adidas_lb,mikesport_lb,True,True,True,44 2/3 EU | 46 EU | 40 EU | 41 1/3 EU | 42 EU,39 1/3 | 40 | 40 2/3 | 41 1/3 | 42 | 42 2/3 | 43 1/3 | 44 | 44 2/3 | 45 1/3 | 46 | 47 1/3
JI6361,Adidas All Szn French Terry Men Sportswear Hoody Black,"All SZN French Terry Full-Zip Hoodie, Black",74.0,68.0,6.0,adidas_lb,mikesport_lb,True,True,True,2XL | L,S | M | XL
HF4086,Adidas Summer Women Sportswear Short Black,"Summer Shorts, Black",34.0,27.0,7.0,adidas_lb,mikesport_lb,True,True,True,M | S,2 XS
IL7327,Adidas All Me Essential Women Training Tight Black,"All Me Essentials Full-Length Leggings, Black",34.0,27.0,7.0,adidas_lb,mikesport_lb,True,True,True,XS,XS | S
IT9373,Adidas Women Training Tight Preloved Green,"Training Essentials High-Waisted 7/8 Leggings, Green",27.0,20.0,7.0,adidas_lb,mikesport_lb,True,True,True,L | M,M | XL
IY0727,Adidas Positivity Graphic Men Sportswear T-Shirt White/Yellow,"Positivity Graphic T-Shirt, White",29.0,22.0,7.0,adidas_lb,mikesport_lb,True,True,True,S,S
JE4004,Adidas Future Icons Small Logo Women Sportswear T-Shirt Grey Strata,"Future Icons Small Logo Baby T-Shirt, Grey",29.0,22.0,7.0,adidas_lb,mikesport_lb,True,True,True,L | M | XS,M
HR5898,Adidas Essentials Logo Kids-Unisex Sportswear Hoody Black/White,"Unisex Kids Essentials Logo Hoodie, Black",35.0,27.0,8.0,adidas_lb,mikesport_lb,True,True,True,4-5 Years | 5-6 Years | 7-8 Years,7-8 Yrs
IV7047,Adidas Jam Kids-Girls Sportswear Pant Pink Spark/White,"Kids Street Jam Woven Cuffed Cargo Tracksuit Bottoms, Pink",40.0,32.0,8.0,adidas_lb,mikesport_lb,True,True,True,7-8 Years | 9-10 Years | 11-12 Years | 13-14 Years,11-12 Yrs
IV7448,Adidas Essentials Logo Little Boys Sportswear Set Bright Red/Black,"Unisex Kids Essentials Logo Tee and Short Set, Orange",35.0,27.0,8.0,adidas_lb,mikesport_lb,True,True,True,4-5 Years,3-4 Yrs
JD5984,Adidas Z N E Men Sportswear Hoody Black,"Z.N.E. Full-Zip Hooded Track Jacket, Black",111.0,103.0,8.0,adidas_lb,mikesport_lb,True,True,True,S,S | M | 2XL
JI1111,Adidas Predator League Ft Men Football Shoes White/Black/Lime,"Unisex Predator League Fold-Over Tongue Firm/Multi-Ground Boots, White",107.0,99.0,8.0,adidas_lb,mikesport_lb,True,True,True,44 2/3 EU | 45 1/3 EU | 46 EU | 41 1/3 EU | 42 EU | 43 1/3 EU | 44 EU,42 | 43 1/3 | 44 | 45 1/3
JJ4845,Adidas Future Icons 3 Stripes Kids-Girls Sportswear Tight Lucid Fuchsia,"Kids Future Icons 3-Stripes Leggings, Pink",35.0,27.0,8.0,adidas_lb,mikesport_lb,True,True,True,11-12 Years | 13-14 Years,11-12 Yrs
JN7020,Adidas Adicolor Classics 3 Stripes Men Original T-Shirt Wonder White,"Adicolor Classics 3-Stripes T-Shirt, White",35.0,27.0,8.0,adidas_lb,mikesport_lb,True,True,True,M,XS | S
JS0913,Adidas Lightblaze Men Sportswear Shoes Grey/Black,"Lightblaze Shoes, Grey",111.0,103.0,8.0,adidas_lb,mikesport_lb,True,True,True,42 2/3 EU | 43 1/3 EU,41 1/3 | 42 | 43 1/3 | 44 | 45 1/3
JS3865,Adidas Handball Spezial Men Originals Shoes Cream White/Blue,"Handball Spezial, Beige",111.0,103.0,8.0,adidas_lb,mikesport_lb,True,True,True,45 1/3 EU | 40 2/3 EU | 41 1/3 EU | 42 EU | 42 2/3 EU | 43 1/3 EU | 44 EU,40 2/3 | 41 1/3 | 42 | 42 2/3 | 43 1/3 | 44 | 44 2/3 | 45 1/3 | 46
HR6286,Adidas Future Icons Logo Tracksuit Gs Sportswear Pant Black,"Unisex Kids Future Icons Logo Tracksuit Bottoms, Black",36.0,27.0,9.0,adidas_lb,mikesport_lb,True,True,True,7-8 Years | 9-10 Years | 11-12 Years | 13-14 Years,7-8 Yrs
GM5542,Adidas Essentials Women Lifestyle Pants Black/White,"Essentials Single Jersey 3-Stripes Joggers, Black",40.0,30.0,10.0,adidas_lb,mikesport_lb,True,True,True,XL,S
IL6984,Adidas Women Training Pant Black,"Training Joggers, Black",29.0,19.0,10.0,adidas_lb,mikesport_lb,True,True,True,XS,
IX4984,Adidas Optime Essentials Shine Women Training Tight Shadow Olive,"Optime Essentials Shine 7/8 Leggings, Green",36.0,26.0,10.0,adidas_lb,mikesport_lb,True,True,True,L,L
JD0112,Adidas All Sport Nxt Kids-Unisex Sportswear Pant Black/White,"Kids Unisex All Sport Nxt Pants, Black",44.0,34.0,10.0,adidas_lb,mikesport_lb,True,True,True,7-8 Years | 11-12 Years | 13-14 Years,7-8 Yrs | 11-12 Yrs
FY8072,Adidas Adilette Aqua Girls Sportswear Slippers Pink/White,"Kids Unisex Adilette Aqua Slides, Pink",32.0,21.0,11.0,adidas_lb,mikesport_lb,False,True,True,33 EU | 30 EU | 29 EU | 30 1/2 EU | 31 1/2 EU,28 | 29 | 30 | 30.5 | 31.5 | 33 | 34
IK6603,Adidas Adicolor Sst Classic Women Original Pant Better Scarlet,"Adicolor Sst Tracksuit Bottoms, Red",34.0,22.0,12.0,adidas_lb,mikesport_lb,True,True,True,S,M
IT5177,Adidas Real Madrid Away 24 Kids Boys Football T-Shirt Crew Orange,"Kids Real Madrid 24/25 Away Jersey, Orange",56.0,44.0,12.0,adidas_lb,mikesport_lb,True,True,True,7-8 Years | 13-14 Years,7-8 Yrs | 11-12 Yrs | 9-10 Yrs | 176
JC9889,Adidas Own The Run Climacool Colorblock Women Running T-Shirt White/Violet,"Own the Run CLIMACOOL Colorblock T-Shirt, White",31.0,18.0,13.0,adidas_lb,mikesport_lb,True,True,True,S,S
IS8002,Adidas Juventus Home Men Football T-Shirt White/Black,"Juventus 24/25 Home Jersey, White",77.0,61.0,16.0,adidas_lb,mikesport_lb,True,True,True,M,S | M | L | 2XL
IU5011,Adidas Real Madrid Home Men Football T-Shirt White/Black,"Real Madrid 24/25 Home Jersey, White",77.0,61.0,16.0,adidas_lb,mikesport_lb,True,True,True,L | XL,XS | S | M | L | XL | 2XL
IZ2541,Adidas Mono Men Originals Jacket Black,"Mono Track Top, Black",82.0,63.0,19.0,adidas_lb,mikesport_lb,True,True,True,2XL | L | M | S | XL,S | M
EG4958,Adidas Superstar Unisex Original Shoes Whte,"Superstar Shoes, White",103.0,80.0,23.0,adidas_lb,mikesport_lb,True,True,True,44 2/3 EU | 46 2/3 EU,36 | 36 2/3 | 43 1/3 | 44 | 44 2/3 | 45 1/3
GZ5896,Adidas Adilette Comfort Men Swim Slippers Black,"Unisex Adilette Comfort Slides, Black",67.0,44.0,23.0,adidas_lb,mikesport_lb,False,True,True,46 EU | 43 1/3 EU,36 2/3 | 38 | 39 1/3 | 40 2/3 | 42 | 43 1/3 | 47 1/3
IN0657,Adidas Flag Inspired Italy Home Men Football T-Shirt Blue/White/Red/Green,"Italy 24 Home Jersey, Blue",74.0,43.0,31.0,adidas_lb,mikesport_lb,True,True,True,L | S | XL,M
JR3629,Adidas Handball Spezial Women Originals Shoes Grey/Quartz/Gum,"Handball Spezial Shoes, Grey",159.0,103.0,56.0,adidas_lb,mikesport_lb,False,True,True,39 1/3 EU,36 | 36 2/3 | 37 1/3 | 38 | 38 2/3 | 39 1/3
IF1337,Adidas F50 League Men Turf Shoes Black/Iron/Gold,"Unisex F50 League Turf Boots, Black",75.0,110.0,-35.0,mikesport_lb,adidas_lb,True,True,True,41 1/3 EU,40 | 40 2/3 | 41 1/3 | 42 | 42 2/3 | 43 1/3 | 44 2/3 | 45 1/3 | 46
IF6413,Adidas Predator League Tf Kids Turf Shoes Blue/White/Red,"Unisex Kids Predator League Turf Boots, Blue",55.0,84.0,-29.0,mikesport_lb,adidas_lb,True,True,True,31 EU | 35 EU | 35 1/2 EU | 36 EU | 38 EU,30 | 32 | 33 | 34 | 35 | 36 | 36 2/3 | 37 1/3 | 38 | 38 2/3
ID8307,Adidas Response Cl Men Original Shoes Black/White,"Response Cl Shoes, Black",92.0,114.0,-22.0,mikesport_lb,adidas_lb,True,True,True,41 1/3 EU | 43 1/3 EU | 44 EU,39 1/3 | 40 2/3
ID9337,Adidas X Crazyfast.3 Men Turf Shoes Cloud White /Lemon,"Unisex X Crazyfast.3 Turf Boots, White",93.0,114.0,-21.0,mikesport_lb,adidas_lb,True,True,True,46 EU | 40 2/3 EU,39 1/3 | 40 | 40 2/3 | 41 1/3 | 42 2/3 | 43 1/3 | 44 | 44 2/3 | 45 1/3
IF6376,Adidas Predator League Tf Men Turf Shoes Platinum/Black/Turbo,"Unisex Predator League Turf Football Boots, Grey",74.0,93.0,-19.0,mikesport_lb,adidas_lb,True,True,True,40 2/3 EU | 42 EU,42
IW8529,Adidas Future Icons 3 Stripes Men sportswear Hoody Grey Four,"Future Icons 3 Stripes Full-Zip Hoodie, Grey",79.0,97.0,-18.0,mikesport_lb,adidas_lb,True,True,True,M,XS | S
H57287,Adidas Future Icons 3 Stripes Full Zip Women Sportswear Hoody Black,"adidas Sportswear Future Icons 3-Stripes Hooded Track Top, Black",56.0,72.0,-16.0,mikesport_lb,adidas_lb,True,True,True,M | S,XS
IN1483,Adidas Own The Run Men Running Jacket Black,"Own the Run Jacket, Black",85.0,101.0,-16.0,mikesport_lb,adidas_lb,True,True,True,M,S | M | L | XL
GZ2522,Adidas Copa Pure.3 Men Turf Shoes White/ Lemon,"Unisex Copa Pure Ii.3 Turf Boots Ftwr, White",64.0,79.0,-15.0,mikesport_lb,adidas_lb,True,True,True,40 2/3 EU | 41 1/3 EU | 44 EU,40 | 40 2/3 | 41 1/3 | 42 | 42 2/3 | 43 1/3 | 44 | 44 2/3 | 45 1/3
JI1132,Adidas Predator League Turf Cleats Unisex Football Shoes White/Black/Lemon,"Unisex Predator League Turf Boots, White",96.0,110.0,-14.0,mikesport_lb,adidas_lb,True,True,True,40 EU | 40 2/3 EU | 41 1/3 EU | 44 EU,39 1/3 | 40 | 41 1/3 | 42 | 42 2/3 | 43 1/3 | 44 | 44 2/3 | 45 1/3
GU8940,Adidas Own The Run 7/8 Women Running Tight Black,"Own the Run 7/8 Running Leggings, Black",50.0,62.0,-12.0,mikesport_lb,adidas_lb,True,True,True,M | S | XS,S | M
HD6803,Adidas Essential 7/8 Women Training Tight Black,"Yoga Essentials High-Waisted Leggings, Black",38.0,49.0,-11.0,mikesport_lb,adidas_lb,True,True,True,XS,XS | S
HR2967,Adidas Optime Stash Pocket Animal Print 7/8 Women Training Tight Silver Green,"Optime Stash Pocket Training Animal Print 7/8 Leggings, Green",46.0,57.0,-11.0,mikesport_lb,adidas_lb,True,True,True,L | M | XS,M | L
IX9442,Adidas All Szn Kids-Unisex Sportswear Short Black,"Unisex Kids All Szn Shorts, Black",24.0,35.0,-11.0,mikesport_lb,adidas_lb,True,True,True,9-10 Years | 13-14 Years,7-8 Yrs | 11-12 Yrs | 13-14 Yrs | 9-10 Yrs
IY0704,Adidas Own The Run Men Running Short Black,"Own The Run Shorts, Black",38.0,49.0,-11.0,mikesport_lb,adidas_lb,True,True,True,2XL | L | M | S,S 7 | M 7 | L 7 | XL7 | XS7
IW8542,Adidas Future Icons 3 Stripes Men sportswear Short Grey Four,"Future Icons 3-Stripes Shorts, Grey",44.0,54.0,-10.0,mikesport_lb,adidas_lb,True,True,True,M | S | XL,XS | S | M
IY8138,Adidas Xpress Street Jam Kids-Girls Sportswear T-Shirt Black,"Kids Xpress Street Jam Graphic T-Shirt, Black",20.0,30.0,-10.0,mikesport_lb,adidas_lb,True,True,True,7-8 Years,7-8 Yrs | 11-12 Yrs | 13-14 Yrs | 9-10 Yrs
GW6455,Adidas Tensaur Sport 2.0 Infant-Boys Sportswear Shoes Core Black/Grey,"Kids Unisex Tensaur Hook and Loop Shoes, Black",34.0,43.0,-9.0,mikesport_lb,adidas_lb,True,True,True,22 EU | 21 EU | 23 EU,23 | 25 | 26 | 27
HR6380,Adidas Eseentials Big Logo Kids-Unisex Sportswear Hoody Black/White,"Kids Unisex Big Logo Essentials Cotton Hoodie, Black",40.0,49.0,-9.0,mikesport_lb,adidas_lb,True,True,True,7-8 Years,7-8 Yrs | 9-10 Yrs
IS6148,Adidas Camo Men Training Short Black,"Train Essentials Camo Training Shorts, Black",40.0,49.0,-9.0,mikesport_lb,adidas_lb,True,True,True,S,S 7 | M 7 | L 7 | XL7
GW6439,Adidas Tensaur Sport 2.0 Ps-Boys Sportswear Shoes Core Black/Grey,"Kids Unisex Tensaur Hook and Loop Shoes, Black",41.0,49.0,-8.0,mikesport_lb,adidas_lb,True,True,True,28 EU | 30 EU | 29 EU | 31 EU | 32 EU | 34 EU | 35 EU,30 | 31 | 32 | 33 | 34 | 35 | 36 | 37 1/3 | 38 | 38 2/3 | 39 1/3 | 40
IB8794,Adidas 3-Stripes Print Women Original Tight Black,"3-Stripes Print Leggings, Black",32.0,40.0,-8.0,mikesport_lb,adidas_lb,True,True,True,S | XS,XS | S
IK5024,Adidas Own The Run Men Running Pant Black,"Own The Run Joggers, Black",62.0,70.0,-8.0,mikesport_lb,adidas_lb,True,True,True,L,S | M | L | XL
IT5457,Adidas Men Training Pant Black/White,"Train Essentials Training Joggers, Black",56.0,64.0,-8.0,mikesport_lb,adidas_lb,True,True,True,2XL | L | M | S | XL,XS | S | M | L
IX9147,Adidas D4T Workout Men training T-Shirt Glory Grey Mel,"D4T Workout T-Shirt, Grey",32.0,40.0,-8.0,mikesport_lb,adidas_lb,True,True,True,S,XS | S
IZ2367,Adidas Adicolor Classics 3 Stripes Men Originals T-Shirt Legacy Teal,"Adicolor Classics 3-Stripes T-Shirt, Turquoise",35.0,43.0,-8.0,mikesport_lb,adidas_lb,True,True,True,L | M | S | XL,S
IP1583,Adidas Essential L Boys Swim Short Aqua/Green Spark,"Kids Sportswear Essentials Logo Clx Swim Shorts, Turquoise",20.0,27.0,-7.0,mikesport_lb,adidas_lb,True,True,True,13-14 Years,7-8 Yrs | 11-12 Yrs | 9-10 Yrs
IX3640,Adidas Future Icons Logo Kids-Boys sportswear Hoody Tent Green/Black,"Kids Unisex Future Icons Logo Hooded Sweatshirt, Green",54.0,61.0,-7.0,mikesport_lb,adidas_lb,True,True,True,9-10 Years,7-8 Yrs | 13-14 Yrs
IR6243,Adidas 3 Bar Unisex Training Towel Scarlet/White,"Unisex Towel Small, Red",23.0,29.0,-6.0,mikesport_lb,adidas_lb,True,True,True,,NS
IX4062,Adidas Uefa Champions League Phase Training 24 Unisex football Ball White/Black/Solar,"Ucl Training 24/25 Group Stage Ball, White",29.0,35.0,-6.0,mikesport_lb,adidas_lb,True,True,True,5,4 | 5
DZ9365,Adidas Cushioning Ankle 3Pp Unisex Training Sock White,"Unisex Cushioned Ankle Socks 3 Pairs, Multicolour",13.0,18.0,-5.0,mikesport_lb,adidas_lb,True,False,True,M | S | XS,34-36 | 37-39
DZ9435,Adidas Unisex Training Dz9435 Light Ank 3Pp White/White/White,"Unisex Ankle Socks 3 Pairs, White",13.0,18.0,-5.0,mikesport_lb,adidas_lb,True,False,True,XS,34-36 | 31-33
H65796,Adidas Essential 3S Kids-Unisex Sportswear Pant Black/White,"Unisex Kids adidas Essential 3-Stripes Joggers, Black",24.0,29.0,-5.0,mikesport_lb,adidas_lb,True,True,True,3-4 Years | 5-6 Years,3-4 Yrs | 4-5 Yrs | 5-6 Yrs | 7-8 Yrs | 6-7 Yrs
EG2041,Adidas Eezay Flip Flop Men Swim Slippers Blue Eg2041,"Eezay Flip-Flops, Blue",20.0,24.0,-4.0,mikesport_lb,adidas_lb,True,True,True,38 EU,40 2/3 | 42 | 43 1/3 | 44 2/3
GN1877,Adidas 0.75 L Steel Water Unisex Training Bottle Black,"Unisex 0.75 L Steel Water Bottle, Black",29.0,33.0,-4.0,mikesport_lb,adidas_lb,True,True,True,,NS
HB9204,Adidas D4T Men Training T-Shirt Black/White,"Designed for Training T-shirt, Black",37.0,41.0,-4.0,mikesport_lb,adidas_lb,True,True,True,S,XS | S | 2XL
IC6855,Adidas Essentials Kids-Unisex Sportswear T-Shirt Black/White,"Kids Unisex Essentials Big Logo Cotton T-Shirt, Black",18.0,22.0,-4.0,mikesport_lb,adidas_lb,True,True,True,11-12 Years,7-8 Yrs | 11-12 Yrs | 9-10 Yrs
IN0075,Adidas Run It Men Running T-Shirt White,"Run It T-Shirt, White",31.0,35.0,-4.0,mikesport_lb,adidas_lb,True,True,True,2XL | L | S,S | M | L | XL
IP9774,Adidas Power Unisex Sportswear Backpack Black/White,"Unisex Power Backpack, Black",41.0,45.0,-4.0,mikesport_lb,adidas_lb,True,True,True,,NS
IX3178,Adidas Power Vii Unisex Training Bag Alumina/Black,"Unisex Power Backpack, Beige",41.0,45.0,-4.0,mikesport_lb,adidas_lb,True,True,True,,NS
IX6456,Adidas Positive Women Sportswear T-Shirt Semi Pink Spark,"Positivity Graphic T-Shirt, Pink",31.0,35.0,-4.0,mikesport_lb,adidas_lb,True,True,True,XS,XS | S | M | L
IL7235,Adidas Run It Men Running T-Shirt Black,"Run It T-Shirt, Black",32.0,35.0,-3.0,mikesport_lb,adidas_lb,True,True,True,L | M | S | XL,S | M | L | XL
JQ2868,Adidas Tensaur Sport 2.0 Ps-Girls Sportswear Shoes White/Clear Pink,"Kids Unisex Tensaur Hook and Loop Shoes, White",46.0,49.0,-3.0,mikesport_lb,adidas_lb,True,True,True,33 EU,37 1/3 | 38 | 38 2/3 | 39 1/3
GS4284,Adidas Performance Kids-Girls Sportswear Pant Grey Heather/Pink,"Kids Essentials French Terry Pants, Grey",20.0,22.0,-2.0,mikesport_lb,adidas_lb,True,True,True,14-15 Years,4-5 Yrs
IC5657,Adidas Essential Logo Unisex Sportswear Short Legend Ink/White,"Unisex Kids Train Essentials AEROREADY Logo Regular-Fit Shorts, Blue",20.0,22.0,-2.0,mikesport_lb,adidas_lb,True,True,True,7-8 Years | 9-10 Years | 11-12 Years,5-6 Yrs | 11-12 Yrs
II3509,Adidas Baseball 3S Unisex Training Cap White/Black,"Unisex 3-Stripes Cotton Twill Baseball Cap, White",20.0,22.0,-2.0,mikesport_lb,adidas_lb,True,True,True,,One-Size
IS6467,Adidas Pitch 2 Street Messi Kids Boys Football Short Lucid Blue/White,"Unisex Kids Pitch 2 Street Messi Sportswear Shorts, Blue",20.0,22.0,-2.0,mikesport_lb,adidas_lb,True,True,True,9-10 Years | 11-12 Years,7-8 Yrs | 11-12 Yrs | 9-10 Yrs
JC9309,Adidas Z N E Women Sportswear Pant Black,"adidas Z.N.E. Tracksuit Bottoms, Black",88.0,90.0,-2.0,mikesport_lb,adidas_lb,True,True,True,S | XS,XS
IP2638,Adidas Women Training Sock White/Pink/Spark,"Unisex 3-Stripes Cushioned Crew Socks 3 Pairs, Multicolour",10.0,11.0,-1.0,mikesport_lb,adidas_lb,True,True,True,XL,L | 46-48
IX3870,Adidas Predator Unisex Football Gloves Blue/Red/White,"Unisex Predator Training Goalkeeper Gloves, Blue",30.0,31.0,-1.0,mikesport_lb,adidas_lb,True,True,True,7 | 8,8 | 10 | 11
F35542,Adidas Adilette Aqua Men Swim Slippers Dark Blue,"Unisex Adilette Aqua Slides, Blue",38.0,37.0,1.0,adidas_lb,mikesport_lb,False,False,False,44 2/3 EU | 46 EU | 47 1/3 EU | 48 2/3 EU | 39 1/3 EU | 40 2/3 EU | 42 EU | 43 1/3 EU,36 2/3 | 38 | 39 1/3 | 40 2/3 | 42 | 43 1/3 | 46 | 47 1/3
F35550,Adidas Adilette Aqua Unisex Sportswear Slippers Black,"Unisex Adilette Aqua Slides, Black",38.0,37.0,1.0,adidas_lb,mikesport_lb,False,False,False,44 2/3 EU | 39 1/3 EU,38 | 39 1/3 | 42 | 43 1/3 | 44 2/3
GW1988,Adidas Tensaur Sport 2.0 Infant-Boys Sportswear Shoes Cloud White/Black,"Unisex Kids Tensaur Hook and Loop Shoes, White",48.0,47.0,1.0,adidas_lb,mikesport_lb,False,False,False,23 EU | 25 EU | 26 EU,26 | 27
HM4975,Adidas All Court 3.0 Unisex Basketball Ball Wood/Black,"All Court 3.0 Ball, Orange",42.0,41.0,1.0,adidas_lb,mikesport_lb,False,False,False,7,6 | 7
ID6520,Adidas Cloudfoam Move Men Sportswear Shoes Black/Lucid Blue,"Cloudfoam Move Sock Shoes, Black",89.0,88.0,1.0,adidas_lb,mikesport_lb,False,False,False,46 EU,41 1/3 | 44 2/3
IE0525,Adidas Runfalcon 5 Men Running Shoes Olive Strata/Black,"Runfalcon 5 Running Shoes, Green",89.0,88.0,1.0,adidas_lb,mikesport_lb,False,False,False,42 EU | 42 2/3 EU | 44 EU,44 | 44 2/3 | 45 1/3
IE3677,Adidas Samba Og Ps Original Shoes White/Black/Gum,"Kids Unisex Samba OG Shoes, White",89.0,88.0,1.0,adidas_lb,mikesport_lb,False,False,False,30 EU | 29 EU,28 | 28.5 | 29 | 30 | 30.5 | 31 | 31.5 | 32 | 33 | 34
IE3678,Adidas Samba Og Ps Original Shoes Black/White/Gum,"Kids Unisex Samba OG Shoes, Black",89.0,88.0,1.0,adidas_lb,mikesport_lb,False,False,False,33 EU | 28 EU | 30 EU | 29 EU | 31 EU | 32 EU | 34 EU | 35 EU,28 | 28.5 | 29 | 30 | 30.5 | 31 | 31.5 | 32 | 33 | 33.5 | 34 | 35
IE5989,Adidas Tensaur Run 3 Ps-Boys Running Shoes Royal/White/Navy,"Unisex Kids Tensaur Run 2.0 Shoes, Blue",57.0,56.0,1.0,adidas_lb,mikesport_lb,False,False,False,33 EU | 28 EU | 30 EU | 29 EU | 31 EU | 32 EU | 34 EU | 35 EU,28 | 29 | 30 | 31 | 32 | 33 | 34 | 35
IE8809,Adidas Runfalcon 5 Men Running Shoes Legend Ink/White,"Runfalcon 5 Running Shoes, Blue",89.0,88.0,1.0,adidas_lb,mikesport_lb,False,False,False,45 1/3 EU | 42 EU | 43 1/3 EU | 44 EU,40 | 40 2/3 | 41 1/3 | 42 2/3 | 43 1/3 | 44 | 45 1/3 | 46
IE8812,Adidas Runfalcon 5 Men Running Shoes Core Black,"Runfalcon 5 Running Shoes, Black",89.0,88.0,1.0,adidas_lb,mikesport_lb,False,False,False,46 EU | 40 EU | 40 2/3 EU | 41 1/3 EU | 42 EU | 42 2/3 EU | 44 EU,39 1/3 | 40 2/3 | 41 1/3 | 42 | 42 2/3 | 43 1/3 | 44 | 44 2/3 | 45 1/3 | 46 | 47 1/3
IE8898,Adidas Ultimashow 2 Men Sportswear Shoes Black/Carbon,"Ultimashow 2.0 Shoes, Black",89.0,88.0,1.0,adidas_lb,mikesport_lb,False,False,False,43 1/3 EU,41 1/3 | 43 1/3
IE8904,Adidas Ultimashow 2.0 Women Sportswear Shoes Core Black,"Ultimashow 2.0 Shoes, Black",89.0,88.0,1.0,adidas_lb,mikesport_lb,False,False,False,36 2/3 EU | 37 1/3 EU | 38 EU | 38 2/3 EU | 39 1/3 EU | 40 EU | 40 2/3 EU | 41 1/3 EU,36 2/3
IF4135,Adidas Advantage Base 2.0 Men Sportswear Shoes White/Green,"Advantage Base 2.0 Shoes, White",96.0,95.0,1.0,adidas_lb,mikesport_lb,False,False,False,40 2/3 EU | 44 EU,36 2/3 | 37 1/3 | 38 | 39 1/3 | 42 2/3 | 44 | 44 2/3 | 45 1/3
IG2132,Adidas Sl 72 Rs Men Original Shoes Blue/White/Scarlet,"Sl 72 Rs Shoes, Blue",153.0,152.0,1.0,adidas_lb,mikesport_lb,False,False,False,44 2/3 EU | 45 1/3 EU | 46 EU | 40 2/3 EU | 41 1/3 EU | 42 EU | 43 1/3 EU | 44 EU,40 2/3 | 41 1/3 | 42 | 42 2/3 | 43 1/3 | 44 | 44 2/3 | 45 1/3 | 46 | 46 2/3 | 47 1/3
IG9184,Adidas Advantage Base 2 Men Sportswear Shoes Black/Grey,"Advantage Base 2.0 Shoes, Black",96.0,95.0,1.0,adidas_lb,mikesport_lb,False,False,False,45 1/3 EU | 46 EU | 42 EU | 42 2/3 EU,40 2/3 | 41 1/3 | 43 1/3 | 45 1/3
IH0800,Adidas Supernova Ease Women Running Shoes Black,"Supernova Ease Shoes, Black",153.0,152.0,1.0,adidas_lb,mikesport_lb,False,False,False,38 2/3 EU | 40 2/3 EU | 41 1/3 EU | 42 EU | 42 2/3 EU,36 2/3 | 37 1/3 | 38 | 38 2/3 | 39 1/3 | 40 | 41 1/3
IH7758,Adidas Runfalcon 5 Men Running Shoes Black/White,"Runfalcon 5 Running Shoes, Black",89.0,88.0,1.0,adidas_lb,mikesport_lb,False,False,False,44 2/3 EU | 45 1/3 EU | 46 EU | 46 2/3 EU | 41 1/3 EU | 42 EU | 42 2/3 EU | 43 1/3 EU | 44 EU,39 1/3 | 40 | 40 2/3 | 41 1/3 | 42 | 42 2/3 | 43 1/3 | 44 | 44 2/3 | 45 1/3 | 46 | 46 2/3 | 47 1/3 | 48
IH8217,Adidas Duramo Sl2 Men Running Shoes Black,"Duramo SL 2 Running Shoes, Black",96.0,95.0,1.0,adidas_lb,mikesport_lb,False,False,False,44 2/3 EU | 46 EU | 46 2/3 EU | 41 1/3 EU | 42 EU | 42 2/3 EU | 43 1/3 EU | 44 EU,39 1/3 | 40 | 40 2/3 | 41 1/3 | 42 | 42 2/3 | 43 1/3 | 44 | 44 2/3 | 45 1/3 | 46 | 46 2/3 | 47 1/3
IH8221,Adidas Duramo Sl 2 Men Running Shoes Dark Blue/Silver,"Duramo SL 2 Running Shoes, Blue",96.0,95.0,1.0,adidas_lb,mikesport_lb,False,False,False,44 2/3 EU | 45 1/3 EU | 46 EU | 46 2/3 EU | 41 1/3 EU | 42 EU | 42 2/3 EU | 43 1/3 EU | 44 EU,41 1/3 | 42 | 42 2/3 | 43 1/3 | 44 | 45 1/3 | 46 | 47 1/3
IH8225,Adidas Duramo Sl2 Women Running Shoes Black/White/Grey,"Duramo SL 2 Running Shoes, Black",96.0,95.0,1.0,adidas_lb,mikesport_lb,False,False,False,37 1/3 EU | 38 EU | 38 2/3 EU | 40 2/3 EU,36 2/3 | 37 1/3 | 38 | 38 2/3
IL7230,Adidas Run It Men Running Jacket Black,"Run It Jacket, Black",96.0,95.0,1.0,adidas_lb,mikesport_lb,False,False,False,XL,M | L
IL7232,Adidas Run It Men Running Short Black,"Run It Shorts, Black",45.0,44.0,1.0,adidas_lb,mikesport_lb,False,False,False,L | M | S | XL,S 7 | M 7 | L 7 | XL7 | XS7
IM8586,Adidas Essentials Men Running Tank Black,"Adizero Essentials Running Tank Top, Black",38.0,37.0,1.0,adidas_lb,mikesport_lb,False,False,False,M | S,XS | S | M | L
IN1156,Adidas Adizero Essentials Men Running T-Shirt Black,"Adizero Essentials Running T-Shirt, Black",45.0,44.0,1.0,adidas_lb,mikesport_lb,False,False,False,2XL | L | M | S | XL,S | M | XL
IN1157,Adidas Adizero Essentials Men Running T-Shirt White,"Adizero Essentials Running T-Shirt, White",45.0,44.0,1.0,adidas_lb,mikesport_lb,False,False,False,2XL | L | M | S | XL,S | M | L | XL
IN1173,Adidas Adizero Essentials Women Running T-Shirt White,"Adizero Essentials Running T-Shirt, White",45.0,44.0,1.0,adidas_lb,mikesport_lb,False,False,False,L | M | XS,S | L
IN5591,Adidas Base Men Training Short Black,"TECHFIT Compression Training Short Tights, Black",45.0,44.0,1.0,adidas_lb,mikesport_lb,False,False,False,L | M | S | XL,S | M | L
IN8707,Adidas Adizero Women Running Short Black,"Adizero Essentials Running Short, Black",45.0,44.0,1.0,adidas_lb,mikesport_lb,False,False,False,L | M | S | XS,XS | S | M
IS7041,Adidas Clsc Bars 3S Unisex Sportswear Backpack Dark Blue/White,"Unisex Classic Back-to-School 3-Stripes Backpack, Blue",42.0,41.0,1.0,adidas_lb,mikesport_lb,False,False,False,,NS
IS7042,Adidas Classic 3 Bar Logo Men Training Bag Olive Strata/Black,"Unisex Classic Back-to-School 3-Stripes Backpack, Green",42.0,41.0,1.0,adidas_lb,mikesport_lb,False,False,False,,NS
IS7049,Adidas Classic 3 Bar Logo Training Backpack Men Dark Blue/White,"Unisex Classic 3 Bar Logo Backpack, Blue",38.0,37.0,1.0,adidas_lb,mikesport_lb,False,False,False,,NS
IU1290,Adidas Small Unisex Swim Towel Black/White,"Unisex Towel Small, Multicolour",45.0,44.0,1.0,adidas_lb,mikesport_lb,False,False,False,,NS
IV5216,Adidas All Szn French Terry Men Sportswear Pant Black,"ALL SZN French Terry Regular Tapered Joggers, Black",89.0,88.0,1.0,adidas_lb,mikesport_lb,False,False,False,2XL,S | M | L | XL | 2XL
IV5217,Adidas All Szn Men Sportswear T-Shirt Off White,"ALL SZN T-Shirt, White",45.0,44.0,1.0,adidas_lb,mikesport_lb,False,False,False,M | S | XL,S | M | L | XL | 2XL
IV9578,Adidas Essentials Logo Kids-Boys Sportswear Short Black/White,"Unisex Kids Train Essentials Logo Regular Fit Shorts, Black",29.0,28.0,1.0,adidas_lb,mikesport_lb,False,False,False,5-6 Years | 7-8 Years | 9-10 Years | 11-12 Years | 13-14 Years,7-8 Yrs | 11-12 Yrs | 9-10 Yrs | 15-16 Yrs
IW5977,Adidas Aeroready Sereno Cut Men Sportswear Tracksuit Legink,"AEROREADY Sereno Cut 3-Stripes Track Suit, Blue",112.0,111.0,1.0,adidas_lb,mikesport_lb,False,False,False,M | S,S | XL
IX1248,Adidas All Szn Men Sportswear Hoody Black,"ALL SZN French Terry Hoodie, Multicolour",96.0,95.0,1.0,adidas_lb,mikesport_lb,False,False,False,S,S | M | L | XL | 2XL
IX7599,Adidas Kids-Boys Originals T-Shirt White,"Kids Unisex T-Shirt, White",38.0,37.0,1.0,adidas_lb,mikesport_lb,False,False,False,7-8 Years | 9-10 Years | 11-12 Years,7-8 Yrs | 11-12 Yrs | 13-14 Yrs | 9-10 Yrs
IY4150,Adidas All Szn Men Sportswear T-Shirt Black,"ALL SZN T-Shirt, Multicolour",45.0,44.0,1.0,adidas_lb,mikesport_lb,False,False,False,M | S,XS | S | M | L | XL | 2XL
JC5282,Adidas Lounge Slides Graphic Pocket Men Sportswear T-Shirt White,"Lounge Slides Graphic Pocket T-Shirt, White",45.0,44.0,1.0,adidas_lb,mikesport_lb,False,False,False,L | XL,S | M | L | XL | 2XL
JC5482,Adidas Z N E Loose Men Sportswear T-Shirt White,"Adidas Z.N.E. Loose-Fit T-Shirt, White",77.0,76.0,1.0,adidas_lb,mikesport_lb,False,False,False,L | M | S | XL,S | M | L | XL | 2XL
JC6023,Adidas Baseball Unisex Original Cap Black,"Unisex Adicolor Classic Trefoil Baseball Cap, Black",29.0,28.0,1.0,adidas_lb,mikesport_lb,False,False,False,,One-Size
JC8325,Adidas Essentials 3 Stripes Slim Women Sportswear T-Shirt Black/White,"Essentials 3-Stripes Slim Baby T-Shirt, Black",38.0,37.0,1.0,adidas_lb,mikesport_lb,False,False,False,L | M | S | XS,XS | S | M | L
JC9556,Adidas Train Essentials Boxy Workout Women Training T-Shirt White,"Train Essentials Boxy Workout T-Shirt, White",45.0,44.0,1.0,adidas_lb,mikesport_lb,False,False,False,L | M | S | XS,XS | S | M | L | XL
JC9623,Adidas Essentials Kids-Girls Sportswear T-Shirt Clear Pink/White,"Kids Essentials T-Shirt, Pink",29.0,28.0,1.0,adidas_lb,mikesport_lb,False,False,False,7-8 Years | 9-10 Years | 11-12 Years | 13-14 Years,7-8 Yrs | 11-12 Yrs | 13-14 Yrs | 9-10 Yrs | 170
JC9632,Adidas Essentials Kids-Girls Sportswear Tight Black/White,"Kids Essentials Leggings, Black",38.0,37.0,1.0,adidas_lb,mikesport_lb,False,False,False,7-8 Years | 9-10 Years | 11-12 Years | 13-14 Years,7-8 Yrs | 11-12 Yrs | 13-14 Yrs | 9-10 Yrs | 170
JC9770,Adidas Chelsea Kids-Unisex Sportswear Short Black/White,"Kids Unisex Essentials Climacool Shorts, Black",29.0,28.0,1.0,adidas_lb,mikesport_lb,False,False,False,7-8 Years | 9-10 Years,7-8 Yrs | 11-12 Yrs | 13-14 Yrs | 9-10 Yrs
JD0896,Adidas Essentials 3 Stripes Jogger Women Sportswear Pant Black,"Essentials 3-Stripes Jogger Joggers, Black",77.0,76.0,1.0,adidas_lb,mikesport_lb,False,False,False,L | M,XS | S
JD1906,Adidas Essentials 3 Stripes Sj Men Sportswear T-Shirt Black/White,"Essentials 3-Stripes Single Jersey T-Shirt, Black",45.0,44.0,1.0,adidas_lb,mikesport_lb,False,False,False,S | XL,XS | S | M | L | XL | 2XL
JD2404,Adidas Trefoil Essentials Men Original Hoody Black,"Trefoil Essentials Hoodie French Terry, Black",89.0,88.0,1.0,adidas_lb,mikesport_lb,False,False,False,L | M | S | XL,S | M | L | XL
JD4999,Adidas Essentials 3 Stripes Loose Women Sportswear T-Shirt White/Black,"Essentials 3-Stripes Cotton Loose T-Shirt, White",45.0,44.0,1.0,adidas_lb,mikesport_lb,False,False,False,L | S | XS,XS | S | M | L | XL
JD5434,Adidas Essential 3 Stripes Women Sportswear Tracksuit Black,"Essentials 3-Stripes Track Suit, Black",112.0,111.0,1.0,adidas_lb,mikesport_lb,False,False,False,L | S | XS,M
JD8032,Adidas World Cup 2026 Unisex Football Multicolor,"Unisex FIFA World Cup 26 Trionda Training Ball, White",45.0,44.0,1.0,adidas_lb,mikesport_lb,False,False,False,5,4 | 5
JD9563,Adidas Classic 3 Bar Logo Unisex Training Bag Black/White,"Unisex Classic Back-to-School 3-Stripes Backpack, Black",42.0,41.0,1.0,adidas_lb,mikesport_lb,False,False,False,,NS
JE0052,Adidas Essentials 3 Stripes Women Sportswear Hoody White/Black,"Essentials 3-Stripes French Terry Full-Zip Hoodie, Black",89.0,88.0,1.0,adidas_lb,mikesport_lb,False,False,False,L | M | S | XS,S | M | L | XL
JE1306,Adidas Essentials 3 Stripes Lifestyle Woven Parachute Women Sportswear Pant Black/White,"Essentials 3-Stripes Lifestyle Woven Parachute Tracksuit Bottoms, Black",77.0,76.0,1.0,adidas_lb,mikesport_lb,False,False,False,L | M | S | XS,XS | S | M | L
JE3771,Adidas Powerreact Big Logo Printed Sports Top Women Training Bra White,"Powerreact Graphic Bra, White",45.0,44.0,1.0,adidas_lb,mikesport_lb,False,False,False,S,XS | S | M
JE5652,Adidas 3-Stripes New Logo Baseball Unisex Training Cap White/Black,"Unisex 3-Stripes New Logo Baseball Cap, White",29.0,28.0,1.0,adidas_lb,mikesport_lb,False,False,False,,One-Size
JE5682,Adidas D4T 3 Stripes Men Training Short Black,"Designed-for-Training 3-Stripes Shorts, Black",77.0,76.0,1.0,adidas_lb,mikesport_lb,False,False,False,S,S 7 | M 7 | L 7 | XL7 | XS7
JE6388,Adidas Essentials 3 Stripes Single Jersey Men Sportswear T-Shirt White/Black,"Essentials 3-Stripes Single Jersey T-Shirt, White",45.0,44.0,1.0,adidas_lb,mikesport_lb,False,False,False,S,XS | S | M | L | XL | 2XL
JE6391,Adidas Essentials 3 Stripes Men Sportswear T-Shirt Olive Strata/Black,"Essentials 3-Stripes Single Jersey T-Shirt, Green",45.0,44.0,1.0,adidas_lb,mikesport_lb,False,False,False,L | S,S | M | L | XL | 2XL
JE8943,Adidas Essentials Big Logo Men Sportswear T-Shirt White/Black,"Essentials Big Logo T-shirt, White",45.0,44.0,1.0,adidas_lb,mikesport_lb,False,False,False,L | M | S | XL,S | M | L | XL | 2XL
JE8945,Adidas Essentials Big Logo Men Sportswear T-Shirt Black/White,"Essentials Big Logo Tee, Black",45.0,44.0,1.0,adidas_lb,mikesport_lb,False,False,False,L | M | S,S | M | L | 2XL
JE9024,Adidas Essentials Small Logo Men Sportswear T-Shirt Black/White,"Essentials Small Logo Single Jersey T-Shirt, Black",38.0,37.0,1.0,adidas_lb,mikesport_lb,False,False,False,M,XS | S | M | L | XL | 2XL
JF1026,Adidas Train Essentials Boxy Workout Women Training Tank White,"Train Essentials Boxy Workout Tank Top, White",38.0,37.0,1.0,adidas_lb,mikesport_lb,False,False,False,L | M | S | XS,XS | S | M | L
JF2491,Adidas Z.N.E. Tapered-Leg Kids-Boys Sportswear Pant Black,"Unisex Kids adidas Z.N.E. Tapered-Leg Tracksuit Bottoms, Black",96.0,95.0,1.0,adidas_lb,mikesport_lb,False,False,False,7-8 Years | 9-10 Years | 11-12 Years | 13-14 Years,7-8 Yrs | 11-12 Yrs | 13-14 Yrs | 9-10 Yrs
JG1072,Adidas 3-Stripes New Logo Baseball Unisex Training Cap Black/White,"Unisex 3-Stripes New Logo Baseball Cap, Black",29.0,28.0,1.0,adidas_lb,mikesport_lb,False,False,False,,One-Size
JG8737,Adidas Essentials Big Logo Women Sportswear T-Shirt White/Black,"Essentials Big Logo Boyfriend T-Shirt, White",45.0,44.0,1.0,adidas_lb,mikesport_lb,False,False,False,XS,S | M
JH6206,Adidas Adizero Evo Sl Men Running Shoes White/Black,"Adizero EVO SL Shoes, White",223.0,222.0,1.0,adidas_lb,mikesport_lb,False,False,False,44 2/3 EU | 45 1/3 EU | 46 EU | 46 2/3 EU | 40 2/3 EU | 41 1/3 EU | 42 EU | 43 1/3 EU | 44 EU,40 | 40 2/3 | 41 1/3 | 42 | 42 2/3 | 43 1/3 | 44 | 44 2/3 | 45 1/3 | 46 | 46 2/3 | 47 1/3
JH6208,Adidas Adizero Evo Sl Women Running Shoes White/Core Black,"Adizero EVO SL Shoes, White",223.0,222.0,1.0,adidas_lb,mikesport_lb,False,False,False,36 2/3 EU | 37 1/3 EU | 38 EU | 38 2/3 EU | 39 1/3 EU | 40 EU | 40 2/3 EU | 41 1/3 EU,36 2/3 | 37 1/3 | 38 | 38 2/3 | 39 1/3 | 40 | 40 2/3 | 41 1/3
JI3990,Adidas Superstar Ii Comfort Closure Infant-Boys Original Shoes White/Black,"Unisex Kids Superstar II Comfort Closure Shoes, White",89.0,88.0,1.0,adidas_lb,mikesport_lb,False,False,False,22 EU | 24 EU,26 | 27
JI4335,Adidas Campus 00S Comfort Closure Elastic Lace Infant-Unisex Original Shoes White/Black/Gum,"Unisex Kids Campus 00s Comfort Closure Elastic Lace Shoes, Black",89.0,88.0,1.0,adidas_lb,mikesport_lb,False,False,False,23 EU,20 | 21 | 22 | 23 | 24 | 25 | 26 | 27
JI6079,Adidas Essentials Women Sportswear T-Shirt Wonder Alumina/White,"Essentials Small Logo Cotton T-Shirt, Grey",38.0,37.0,1.0,adidas_lb,mikesport_lb,False,False,False,XS,XS | S | M | L
JI6953,Adidas Classic 3 Bar Logo Unisex Training Bag Black/White,"Unisex Classic 3 Bar Logo Backpack, Black",38.0,37.0,1.0,adidas_lb,mikesport_lb,False,False,False,,NS
JI7428,Adidas Manchester United 25/26 Home Jersey Men Football T-Shirt Mufc Red,"Manchester United 25/26 Home Jersey, Red",153.0,152.0,1.0,adidas_lb,mikesport_lb,False,False,False,M | S,XS | S | M | L | XL
JI8081,Adidas Classic Training Backpack With Pencil Case Unisex Black/White,"Unisex Backpack With Pencil Case, Black",48.0,47.0,1.0,adidas_lb,mikesport_lb,False,False,False,,NS
JI8181,Adidas D4T Intensity Men Training T-Shirt Black,"Designed-For-Training Intensity T-Shirt, Black",77.0,76.0,1.0,adidas_lb,mikesport_lb,False,False,False,L | M | S | XL,S | M | L | XL | 2XL
JI8313,Adidas Train Essentials 3-Stripes Woven Women Training Pant Black/White,"Train Essentials 3-Stripes Woven Joggers, Black",77.0,76.0,1.0,adidas_lb,mikesport_lb,False,False,False,L | M | S | XS,XS | S | M | L
JJ1032,Adidas Essentials 3 Stripes Kids-Boys Sportswear T-Shirt Black/White,"Kids Train Essentials 3-Stripes T-Shirt, Black",29.0,28.0,1.0,adidas_lb,mikesport_lb,False,False,False,11-12 Years,5-6 Yrs | 7-8 Yrs | 11-12 Yrs | 13-14 Yrs | 9-10 Yrs
JJ1033,Adidas Essentials Kids-Boys Sportswear T-Shirt White/Black,"Kids Train Essentials 3-Stripes T-Shirt, White",29.0,28.0,1.0,adidas_lb,mikesport_lb,False,False,False,9-10 Years,5-6 Yrs | 7-8 Yrs | 11-12 Yrs | 13-14 Yrs | 9-10 Yrs | 15-16 Yrs
JJ1038,Adidas Essentials 3 Stripes Kids-Unisex Sportswear Short Black/White,"Kids Unisex Train Essentials 3-Stripes Shorts, Black",38.0,37.0,1.0,adidas_lb,mikesport_lb,False,False,False,7-8 Years | 9-10 Years,7-8 Yrs | 9-10 Yrs
JJ1151,Adidas Z.N.E. Loose-Fit Men Sportswear T-Shirt Black,"Adidas Z.N.E. Loose-Fit T-Shirt, Black",77.0,76.0,1.0,adidas_lb,mikesport_lb,False,False,False,L | M | S | XL,S | M | L | XL | 2XL
JJ1931,Adidas Real Madrid 25/26 Home Jersey Men Football T-Shirt White,"Real Madrid 25/26 Home Jersey, White",153.0,152.0,1.0,adidas_lb,mikesport_lb,False,False,False,L | M,S | M | L | XL
JJ2143,Adidas Fc Bayern 25/26 Away Jersey Men Football T-Shirt White,"FC Bayern 25/26 Away Jersey, White",153.0,152.0,1.0,adidas_lb,mikesport_lb,False,False,False,M | S,S | M
JJ4182,Adidas Real Madrid 25/26 Away Jersey Men Football T-Shirt Legend Ink,"Real Madrid 25/26 Away Jersey, Blue",153.0,152.0,1.0,adidas_lb,mikesport_lb,False,False,False,L | M | S,S | M | L | XL
JJ4320,Adidas Juventus 25/26 Home Jersey Men Football T-Shirt White/Black,"Juventus 25/26 Home Jersey, White",153.0,152.0,1.0,adidas_lb,mikesport_lb,False,False,False,L | M | S | XL,M | L
JJ5032,Adidas Essentials 3 Stripes Kids-Girls Sportswear T-Shirt White/Black,"Kids Training Essentials 3-Stripes Tee, White",29.0,28.0,1.0,adidas_lb,mikesport_lb,False,False,False,11-12 Years | 13-14 Years,7-8 Yrs | 9-10 Yrs
JJ5036,Adidas Train Essentials 3 Kids Girls Sportswear Tight Black/White,"Kids Train Essentials 3-Stripes Leggings, Black",38.0,37.0,1.0,adidas_lb,mikesport_lb,False,False,False,7-8 Years | 9-10 Years | 11-12 Years | 13-14 Years,7-8 Yrs | 11-12 Yrs | 13-14 Yrs | 9-10 Yrs
JL5081,Adidas Workout Essentials Woven Women Training Pant Black,"Workout Essentials Woven Training Joggers, Black",77.0,76.0,1.0,adidas_lb,mikesport_lb,False,False,False,L,XS | S | M | L
JM1830,Adidas Marvel Spiderman Cap Pure Ruby,"Kids Unisex adidas Marvel Spider Man Cap, Red",38.0,37.0,1.0,adidas_lb,mikesport_lb,False,False,False,,One-Size
JM6394,Adidas Retro Futurism Graphic Men Sportswear T-Shirt Black,"Retro Futurism Graphic T-Shirt, Black",38.0,37.0,1.0,adidas_lb,mikesport_lb,False,False,False,L,S | M | L | XL | 2XL
JM6459,Adidas Food Grilled Cheese Graphic Men Sportswear T-Shirt Off White,"Food Grilled Cheese Graphic T-Shirt, White",45.0,44.0,1.0,adidas_lb,mikesport_lb,False,False,False,L | M | S | XL,S | L | XL
JN8525,Adidas Fc Bayern 25/26 Home Jersey Kids-Unisex Football T-Shirt Red,"Kids Unisex FC Bayern 25/26 Home Jersey, Red",112.0,111.0,1.0,adidas_lb,mikesport_lb,False,False,False,7-8 Years | 9-10 Years | 11-12 Years | 13-14 Years,7-8 Yrs | 11-12 Yrs | 9-10 Yrs
JP0392,Adidas New Logo Baseball Unisex Training Cap White/Black,"Unisex New Logo Baseball Cap, White",29.0,28.0,1.0,adidas_lb,mikesport_lb,False,False,False,,One-Size
JP7129,Adidas Gazelle Ps-Boys Originals Shoes Blue/Orange/Black,"Kids Unisex Gazelle Shoes, Blue",89.0,88.0,1.0,adidas_lb,mikesport_lb,False,False,False,33 EU | 29 EU | 31 EU | 32 EU | 34 EU | 35 EU,28 | 30 | 31 | 32 | 33 | 35
JP7147,Adidas Adizero Evo Sl Women Running Shoes Black/Iron Metallic,"Adizero EVO SL Shoes, Black",223.0,222.0,1.0,adidas_lb,mikesport_lb,False,False,False,36 EU | 36 2/3 EU | 38 EU | 39 1/3 EU | 40 2/3 EU | 41 1/3 EU,36 | 36 2/3 | 37 1/3 | 38 | 38 2/3 | 39 1/3 | 40 | 40 2/3 | 41 1/3
JP7149,Adidas Adizero Evo Sl Men Running Shoes Core Black/White,"Adizero EVO SL Shoes, Black",223.0,222.0,1.0,adidas_lb,mikesport_lb,False,False,False,42 2/3 EU | 44 EU,40 | 41 1/3 | 42 | 42 2/3 | 43 1/3 | 44 | 44 2/3 | 45 1/3 | 46 | 46 2/3 | 47 1/3 | 48
JP9407,Adidas Runfalcon 5 Infant-Girls Sportswear Shoes Pink,"Kids Unisex Runfalcon 5 Shoes, Pink",57.0,56.0,1.0,adidas_lb,mikesport_lb,False,False,False,22 EU | 21 EU | 23 EU | 25 EU | 24 EU | 26 EU | 27 EU,23 | 24 | 25 | 26 | 27
JQ1844,Adidas Tensaur Sport 3.0 Cf Ps-Girls Sportswear Shoes Cloud White,"Kids Unisex Tensaur Sport 3.0 Cf K Shoes, White",57.0,56.0,1.0,adidas_lb,mikesport_lb,False,False,False,33 EU | 28 EU | 30 EU | 29 EU | 31 EU | 32 EU | 34 EU | 35 EU,35 | 36 | 37 1/3 | 38 | 38 2/3 | 39 1/3
JQ3019,Adidas Duramo Sl2 Gs-Girls Running Shoes Shadow Navy,"Kids Unisex Duramo SL Shoes, Blue",77.0,76.0,1.0,adidas_lb,mikesport_lb,False,False,False,36 EU | 36 2/3 EU | 37 1/3 EU | 38 EU | 38 2/3 EU | 39 1/3 EU | 40 EU,35.5 | 36 | 36 2/3 | 37 1/3 | 38 | 38 2/3 | 39 1/3
JR3089,Adidas Runfalcon 5 Women Running Shoes White/Purple/Blue,"Runfalcon 5 Running Shoes, White",89.0,88.0,1.0,adidas_lb,mikesport_lb,False,False,False,36 2/3 EU | 37 1/3 EU | 38 EU | 38 2/3 EU | 39 1/3 EU | 40 EU | 40 2/3 EU | 41 1/3 EU,36 2/3 | 37 1/3 | 38 | 38 2/3 | 39 1/3 | 40
JR3236,Adidas Duramo Rc2 Women Running Shoes Cloud White,"Duramo RC2 Running Shoes, White",77.0,76.0,1.0,adidas_lb,mikesport_lb,False,False,False,36 2/3 EU | 37 1/3 EU | 38 EU | 38 2/3 EU | 39 1/3 EU | 40 EU | 40 2/3 EU | 41 1/3 EU,36 2/3 | 37 1/3 | 38 2/3 | 40 | 40 2/3
JR4888,Adidas Adizero Evo Sl Men Running Shoes Core Black,"Adizero EVO SL Shoes, Black",223.0,222.0,1.0,adidas_lb,mikesport_lb,False,False,False,44 2/3 EU | 45 1/3 EU | 46 EU | 46 2/3 EU | 40 2/3 EU | 41 1/3 EU | 42 EU | 42 2/3 EU | 43 1/3 EU | 44 EU,40 | 40 2/3 | 41 1/3 | 42 | 42 2/3 | 43 1/3 | 44 | 44 2/3 | 45 1/3 | 46 | 47 1/3
JR5660,Adidas Marvel Spider-Man Runfalcon Ps-Boys Running Shoes Black/White/Ruby,"Kids Unisex adidas Marvel Spider-man Runfalcon Shoes, Black",77.0,76.0,1.0,adidas_lb,mikesport_lb,False,False,False,33 EU | 28 EU | 30 EU | 29 EU | 31 EU | 32 EU | 34 EU | 35 EU,28 | 29 | 30 | 31 | 32 | 33 | 34 | 35
JS2167,Adidas Ownthegame 3.0 Men Basketball Shoes Core Black,"Ownthegame 3.0 Shoes, Black",96.0,95.0,1.0,adidas_lb,mikesport_lb,False,False,False,44 2/3 EU | 45 1/3 EU | 46 EU | 46 2/3 EU | 47 1/3 EU | 49 1/3 EU | 40 2/3 EU | 41 1/3 EU | 42 EU | 42 2/3 EU | 43 1/3 EU | 44 EU,41 1/3 | 42 | 42 2/3 | 43 1/3 | 44 | 44 2/3 | 45 1/3 | 46 2/3
JS4435,Adidas Duramo Rc2 Women Running Shoes Core Black,"Duramo RC2 Running Shoes, Black",77.0,76.0,1.0,adidas_lb,mikesport_lb,False,False,False,36 2/3 EU | 37 1/3 EU | 38 EU | 38 2/3 EU | 39 1/3 EU | 40 EU | 40 2/3 EU | 41 1/3 EU,
JV5079,Adidas Camo Graphic Kids-Boys Sportswear T-Shirt Black,"Kids Unisex Camo Graphic T-Shirt, Black",29.0,28.0,1.0,adidas_lb,mikesport_lb,False,False,False,7-8 Years,7-8 Yrs | 11-12 Yrs | 13-14 Yrs | 9-10 Yrs | 15-16 Yrs
JV5379,Adidas Mercedes Amg Petronas Formula One Team Dna Men Motor-Spor Pant Black/White,"Mercedes - AMG Petronas Formula One Team DNA Joggers, Black",89.0,88.0,1.0,adidas_lb,mikesport_lb,False,False,False,2XL | L | M | XL,S | M
JV7924,Adidas Optime Workout Women Training 7/8 Tight Black,"Optime Workout 7/8 Leggings, Black",89.0,88.0,1.0,adidas_lb,mikesport_lb,False,False,False,L | M | S | XS,XS | S | M | L
JW1530,Adidas Tiro Club Unisex Football Ball White/Black,"Unisex Tiro Club Ball, White",29.0,28.0,1.0,adidas_lb,mikesport_lb,False,False,False,5,4 | 5
JW6270,Adidas Mercedes - Amg Petronas Formula One Team Driver Unisex Motor-Spor Cap White/Black,"Unisex Mercedes - AMG Petronas Formula One Team Driver Cap, White",77.0,76.0,1.0,adidas_lb,mikesport_lb,False,False,False,,One-Size
JW7584,Adidas All Me 7/8 Women Training 7/8 Tight Black,"All Me 7/8 Leggings, Black",96.0,95.0,1.0,adidas_lb,mikesport_lb,False,False,False,L | M | S | XS,XS | S | M | L
JX0213,Adidas Adicolor Classic Men Original Backpack Night Indigo,"Unisex Adicolor Classic Backpack, Blue",48.0,47.0,1.0,adidas_lb,mikesport_lb,False,False,False,,NS
JX0217,Adidas Adicolor Small Unisex Original Backpack Black/White,"Unisex Adicolor Small Backpack, Black",42.0,41.0,1.0,adidas_lb,mikesport_lb,False,False,False,,NS
JZ0506,Adidas Running Essential Climacool 6 Panel Baseball Unisex Training Cap Black,"Unisex Running Essential Climacool 6 Panel Baseball Cap, Black",38.0,37.0,1.0,adidas_lb,mikesport_lb,False,False,False,,One-Size
JZ0507,Adidas Running Essential Climacool 6 Panel Baseball Unisex Training Cap White,"Unisex Running Essential Climacool 6 Panel Baseball Cap, White",38.0,37.0,1.0,adidas_lb,mikesport_lb,False,False,False,,One-Size
JZ3544,Adidas Marvel Spider-Man Little-Boys Sportswear Set Off White/Dark Blue,"Kids Unisex Adidas Marvel Spider-Man Sport Set, White",77.0,76.0,1.0,adidas_lb,mikesport_lb,False,False,False,3-4 Years | 4-5 Years | 5-6 Years | 7-8 Years,3-4 Yrs | 4-5 Yrs | 5-6 Yrs | 7-8 Yrs
JZ7808,Adidas Adi365 Essentials T-Shirt Women Running T-Shirt Black,"adi365 Running Essentials T-shirt, Black",38.0,37.0,1.0,adidas_lb,mikesport_lb,False,False,False,L | M | S | XS,XS | S | M | L
KA0138,Adidas Run Essentials Full Length Women Running Tight Black,"Run Essentials Full Length Leggings, Black",77.0,76.0,1.0,adidas_lb,mikesport_lb,False,False,False,L | M | S | XS,XS | S | M
KA0242,Adidas Minecraft Training Kids-Boys Sportswear T-Shirt Silver Green,"Kids Unisex Adidas Minecraft Training T-Shirt, Green",42.0,41.0,1.0,adidas_lb,mikesport_lb,False,False,False,7-8 Years | 9-10 Years | 11-12 Years | 13-14 Years,5-6 Yrs | 7-8 Yrs | 11-12 Yrs | 13-14 Yrs | 9-10 Yrs | 15-16 Yrs
KA0243,Adidas Minecraft Kids-Boys Sportswear Short Black,"Kids Unisex Adidas Minecraft Training Short, Black",45.0,44.0,1.0,adidas_lb,mikesport_lb,False,False,False,7-8 Years | 9-10 Years | 11-12 Years | 13-14 Years,5-6 Yrs | 7-8 Yrs | 11-12 Yrs | 9-10 Yrs
KA0253,Adidas Adi365 Essentials Women Running Jacket White,"adi365 Running Essentials Jacket, White",96.0,95.0,1.0,adidas_lb,mikesport_lb,False,False,False,M,XS | S | M | L
KA2474,Adidas Workout Essentials V-Neck Women Training T-Shirt Black,"Workout Essentials V-Neck T-Shirt, Black",38.0,37.0,1.0,adidas_lb,mikesport_lb,False,False,False,L | M | S | XS,XS | S | M | L | XL
KA4291,Adidas Adi365 Essentials Men Running Short Black,"Adi365 Running Essentials Shorts, Black",45.0,44.0,1.0,adidas_lb,mikesport_lb,False,False,False,2XL | L | M | S | XL,S 7 | M 7 | L 7 | XL7 | XS7
KA7244,Adidas D4T Workout Men Training Pant Legend Ink,"D4T Workout Joggers, Blue",96.0,95.0,1.0,adidas_lb,mikesport_lb,False,False,False,L | M | S | XL,M | L | XL
KB5965,Adidas Adi365 Essentials Men Running T-Shirt Black,"Adi365 Running Essentials T-Shirt, Black",38.0,37.0,1.0,adidas_lb,mikesport_lb,False,False,False,2XL | L | M | S | XL,S | M | L | XL
KB6855,Adidas Future Icons Oversized Kids-Boys Sportswear T-Shirt White/Black,"Kids Unisex Future Icons Oversized T-Shirt, White",45.0,44.0,1.0,adidas_lb,mikesport_lb,False,False,False,7-8 Years | 9-10 Years | 11-12 Years | 13-14 Years,5-6 Yrs | 7-8 Yrs | 11-12 Yrs | 13-14 Yrs | 9-10 Yrs | 15-16 Yrs
KB6896,Adidas Future Icons 3 Stripes Kids-Girls Sportswear T-Shirt White/Grey,"Kids Future Icons 3 Stripes T-Shirt, White",42.0,41.0,1.0,adidas_lb,mikesport_lb,False,False,False,7-8 Years | 9-10 Years | 11-12 Years | 13-14 Years,5-6 Yrs | 7-8 Yrs | 11-12 Yrs | 13-14 Yrs | 9-10 Yrs | 170
KC1964,Adidas Future Icons 3 Stripes Kids-Boys Sportswear T-Shirt Black,"Kids Unisex Future Icons 3 Stripes T-Shirt, Black",42.0,41.0,1.0,adidas_lb,mikesport_lb,False,False,False,7-8 Years | 9-10 Years | 11-12 Years | 13-14 Years,5-6 Yrs | 7-8 Yrs | 11-12 Yrs | 13-14 Yrs | 9-10 Yrs | 15-16 Yrs
KC6409,Adidas Metal Straw 0.6 L Unisex Training Bottle Black,"Unisex Metal Water Bottle Straw 0.6 Liter, Black",38.0,37.0,1.0,adidas_lb,mikesport_lb,False,False,False,,NS
KC6412,Adidas Metal Screw 0.6 L Unisex Training Bottle Black,"Unisex Metal Water Bottle Screw Top 0.6 L, Black",38.0,37.0,1.0,adidas_lb,mikesport_lb,False,False,False,,NS
KC6413,Adidas Metal Screw Top 0.6 L Unisex Training Bottle Grey/Black,"Unisex Metal Water Bottle Screw Top 0.6 L, Grey",38.0,37.0,1.0,adidas_lb,mikesport_lb,False,False,False,,NS
KC8645,Adidas 3 Stripes Flared Kids-Girls Original Tight Black,"Kids 3 Stripes Flared Leggings, Black",48.0,47.0,1.0,adidas_lb,mikesport_lb,False,False,False,7-8 Years | 9-10 Years | 11-12 Years | 13-14 Years,7-8 Yrs | 11-12 Yrs | 13-14 Yrs | 9-10 Yrs | 170
KD0986,Adidas Minecraft Training Kids-Boys Sportswear Short Silver Green,"Kids Unisex Adidas Minecraft Training Short, Green",45.0,44.0,1.0,adidas_lb,mikesport_lb,False,False,False,7-8 Years | 9-10 Years | 11-12 Years | 13-14 Years,5-6 Yrs | 7-8 Yrs | 11-12 Yrs | 13-14 Yrs | 9-10 Yrs | 15-16 Yrs
KD2182,Adidas Linear Essential Graphic Pouch Women Training Bag Earth Strata,"Linear Essential Graphic Pouch, Brown",29.0,28.0,1.0,adidas_lb,mikesport_lb,False,False,False,,NS
KD2949,Adidas Workout Essentials Base Woven Men Training Short Grey Five,"Workout Essentials Base Woven Short, Grey",45.0,44.0,1.0,adidas_lb,mikesport_lb,False,False,False,L | M | S | XL,S 7 | M 7 | L 7 | XL7 | XS7
KD2962,Adidas Workout Essentials Base Woven Men Training Short Dusky Petrol,"Workout Essentials Base Woven Short, Blue",45.0,44.0,1.0,adidas_lb,mikesport_lb,False,False,False,L | M | S | XL,M 7
KD5929,Adidas Collegate Kids-Girls Sportswear T-Shirt Purple,"Kids Seasonals Collegiate Typography T-Shirt, Purple",38.0,37.0,1.0,adidas_lb,mikesport_lb,False,False,False,7-8 Years | 9-10 Years | 11-12 Years | 13-14 Years,5-6 Yrs | 7-8 Yrs | 11-12 Yrs | 13-14 Yrs | 9-10 Yrs | 170
KD7810,Adidas Adicolor Classic Women Original Backpack Aurora Coffee,"Unisex Adicolor Classic Backpack, Brown",48.0,47.0,1.0,adidas_lb,mikesport_lb,False,False,False,,NS
KE0901,Adidas Adicolor Trefoil Men Original T-Shirt White/Black,"Adicolor Trefoil T-Shirt, White",45.0,44.0,1.0,adidas_lb,mikesport_lb,False,False,False,L | M | S | XL,S | M | L | XL
KE9936,Adidas D4T Primelift 3 Stripes Men Training T-Shirt Charcoal,"D4T Primelift 3 Stripes T-Shirt, Brown",77.0,76.0,1.0,adidas_lb,mikesport_lb,False,False,False,L | M | S | XL,S | M | L | XL | 2XL
KE9937,Adidas D4T Power 3 Stripes Men Training T-Shirt Black,"D4T Primelift 3 Stripes T-Shirt, Black",77.0,76.0,1.0,adidas_lb,mikesport_lb,False,False,False,L | M | S | XL,S | M | L | XL
KF0714,Adidas Audi Revolut F1 Team Baseball Unisex Motor-Sport Cap Chalk Pearl,"Unisex Audi Formula One Team Baseball Cap, Grey",77.0,76.0,1.0,adidas_lb,mikesport_lb,False,False,False,,One-Size
KI6961,Adidas Adizero Evo Sl Women Running Shoes Alumina/Putty Beige,"Adizero EVO SL Shoes, Beige",223.0,222.0,1.0,adidas_lb,mikesport_lb,False,False,False,36 2/3 EU | 37 1/3 EU | 38 EU | 38 2/3 EU | 39 1/3 EU | 40 EU | 40 2/3 EU | 41 1/3 EU,36 2/3 | 38 | 38 2/3 | 41 1/3
KJ1995,Adidas Adizero Evo Sl Men Running Shoes Carbon/Lucid Orange,"Adizero EVO SL Shoes, Grey",223.0,222.0,1.0,adidas_lb,mikesport_lb,False,False,False,45 1/3 EU | 42 EU,41 1/3 | 42 | 42 2/3 | 43 1/3 | 44 | 44 2/3 | 45 1/3
KR2249,Adidas Future Icons 3 Stripes Wide Leg Kids-Girls Sportswear Pant Black,"Kids Future Icons 3 Stripes Wide Leg Tracksuit Bottoms, Black",77.0,76.0,1.0,adidas_lb,mikesport_lb,False,False,False,7-8 Years | 9-10 Years | 11-12 Years | 13-14 Years,7-8 Yrs | 11-12 Yrs | 13-14 Yrs | 9-10 Yrs
KS2570,Adidas Future Icons 3-Stripes Cuffed Kids-Unisex Sportswear Pant Black,"Kids Unisex Future Icons 3-Stripes Cuffed Tracksuit Bottoms, Black",77.0,76.0,1.0,adidas_lb,mikesport_lb,False,False,False,7-8 Years | 9-10 Years | 11-12 Years | 13-14 Years,7-8 Yrs | 11-12 Yrs | 13-14 Yrs | 9-10 Yrs
KS2577,Adidas Future Icons 3 Stripes Full Zip Kids-Boys Sportswear Hoody Black,"Kids Unisex Future Icons 3 Stripes Full Zip Hoodie, Black",89.0,88.0,1.0,adidas_lb,mikesport_lb,False,False,False,7-8 Years | 9-10 Years | 11-12 Years | 13-14 Years,7-8 Yrs | 11-12 Yrs | 13-14 Yrs | 9-10 Yrs
IH6388,Adidas Superstar Led Light Ps-Boys Original Shoes Core Black/Red,"Kids Unisex Superstar Led Lights Comfort Closure Elastic Lace Shoes, Black",128.0,126.0,2.0,adidas_lb,mikesport_lb,False,False,False,28 EU | 30 EU | 29 EU | 31 EU | 32 EU | 34 EU | 35 EU,28 | 29 | 30 | 31 | 32 | 33 | 34 | 35
IL7187,Adidas Run It Tko Men Running Pant Black,"Run It Tko Joggers, Black",128.0,126.0,2.0,adidas_lb,mikesport_lb,False,False,False,L | M | S | XL,S | M | L | XL
IU2520,Adidas Adicolor Satin Wide Leg Women Original Pant Black,"Satin Wide Leg Track Joggers, Black",128.0,126.0,2.0,adidas_lb,mikesport_lb,False,False,False,28 | 30 | 32,S | M | 32 | 40 | 34 | 42
JD9599,Adidas Z N E Men Sportswear Pant Black,"Z.N.E. Tracksuit Bottoms, Black",137.0,135.0,2.0,adidas_lb,mikesport_lb,False,False,False,L | M | S | XL,S | M | L | XL | 2XL
JQ6861,Adidas Initiation Men Basketball Shoes Lucid Lime/Black,"Unisex Adidas Initiation Shoes, Green",128.0,126.0,2.0,adidas_lb,mikesport_lb,False,False,False,44 2/3 EU | 45 1/3 EU | 46 EU | 46 2/3 EU | 47 1/3 EU | 40 2/3 EU | 41 1/3 EU | 42 EU | 42 2/3 EU | 43 1/3 EU | 44 EU,41 1/3 | 42 | 42 2/3 | 43 1/3 | 44 | 44 2/3 | 45 1/3 | 46
JR4668,Adidas Dropset 4 Women Training Shoes Ice Purple/Fig/Blue,"Dropset 4 Training Shoes, Purple",210.0,208.0,2.0,adidas_lb,mikesport_lb,False,False,False,39 1/3 EU | 40 EU | 40 2/3 EU | 41 1/3 EU,36 2/3 | 37 1/3 | 38 | 38 2/3 | 39 1/3 | 40
JR7031,Adidas Taekwondo Mei Balle Women Original Ballerinas Black/White,"Taekwondo Mei Shoes, Black",137.0,135.0,2.0,adidas_lb,mikesport_lb,False,False,False,36 EU | 36 2/3 EU | 37 1/3 EU | 38 EU | 38 2/3 EU | 39 1/3 EU | 40 EU | 40 2/3 EU | 41 1/3 EU,36
KD3660,Adidas Firebird Loose Track Women Original Pant Stone Khaki,"Firebird Loose Track Tracksuit Bottoms, Beige",128.0,126.0,2.0,adidas_lb,mikesport_lb,False,False,False,M | XS,XS | S | M | L
KD8477,Adidas Z.N.E. Woven Women Sportswear Pant Black,"Adidas Z.N.E. Woven Pant, Black",137.0,135.0,2.0,adidas_lb,mikesport_lb,False,False,False,L | M | S | XS,XS | S | M | L
KD8825,Adidas Sst Loose Women Original Track Top Stone Khaki,"Sst Loose Tracktop, Beige",128.0,126.0,2.0,adidas_lb,mikesport_lb,False,False,False,M,XS | S | M | L
KF0577,Adidas Z.N.E. Woven Men Sportswear Pant Dusky Petrol,"Adidas Z.N.E. Woven Pant, Blue",137.0,135.0,2.0,adidas_lb,mikesport_lb,False,False,False,L | M | S | XL,S | M | L | XL | 2XL
KF0578,Adidas Z.N.E. Woven Women Sportswear Pant Dusky Petrol,"Adidas Z.N.E. Woven Pant, Blue",137.0,135.0,2.0,adidas_lb,mikesport_lb,False,False,False,L | M | S | XS,XS | S | M | L
JV6441,Adidas Liverpool Fc 25/26 Home Jersey Men Football T-Shirt Strawberry Red,"Kids Unisex Liverpool FC 25/26 Home Shorts, Red",159.0,61.0,98.0,adidas_lb,mikesport_lb,False,False,False,L | M | S | XL,7-8 Yrs | 11-12 Yrs | 9-10 Yrs
JE0171,Adidas Future Icons 3 Stripes Full Zip Women Sportswear Hoody Black,"Future Icons 3-Stripes Full-Zip Hoodie, Black",115.0,117.0,-2.0,mikesport_lb,adidas_lb,False,False,False,L | M | S | XS,XS | S | M | L
KB4946,Adidas Stadium Women Sportswear Track Top Crystal Linen,"Stadium Tracktop, Beige",115.0,117.0,-2.0,mikesport_lb,adidas_lb,False,False,False,L | M,S | M | L
ID8765,Adidas Galaxy 7 Women Running Shoes Black/White/Carbon,"Galaxy 7 Running Shoes, Black",79.0,80.0,-1.0,mikesport_lb,adidas_lb,False,False,False,36 EU | 36 2/3 EU | 37 1/3 EU | 38 EU | 38 2/3 EU | 39 1/3 EU | 40 EU | 40 2/3 EU | 41 1/3 EU,36 2/3 | 37 1/3 | 38 | 38 2/3 | 39 1/3 | 40 | 40 2/3 | 41 1/3
IH1363,Adidas Breaknet Sleek Women Sportswear Shoes White/Sand Strata,"Breaknet Sleek Shoes, White",79.0,80.0,-1.0,mikesport_lb,adidas_lb,False,False,False,36 2/3 EU | 37 1/3 EU | 38 EU | 38 2/3 EU | 39 1/3 EU | 40 EU | 40 2/3 EU | 41 1/3 EU,38 | 39 1/3
IS3808,Adidas Designed For Training Workout Men T-Shirt White,"Training Workout T-Shirt, White",60.0,61.0,-1.0,mikesport_lb,adidas_lb,False,False,False,2XL | L | M,XS | S | M | L | XL | 2XL
IT6382,Adidas Starlancer Club Unisex Football Lucid Lemon/Black,"Starlancer Club Football, Green",25.0,26.0,-1.0,mikesport_lb,adidas_lb,False,False,False,5,5
JC9667,Adidas Essentials Kids-Boys Sportswear Hoody Black/White,"Unisex Kids Essentials Hoodie, Black",60.0,61.0,-1.0,mikesport_lb,adidas_lb,False,False,False,7-8 Years | 9-10 Years | 11-12 Years | 13-14 Years,7-8 Yrs | 11-12 Yrs | 13-14 Yrs | 9-10 Yrs | 15-16 Yrs
JC9774,Adidas Essentials Kids Unisex Sportswear T-Shirt White/Black,"Unisex Kids Essentials T-Shirt, White",25.0,26.0,-1.0,mikesport_lb,adidas_lb,False,False,False,7-8 Years | 9-10 Years | 11-12 Years | 13-14 Years,7-8 Yrs | 13-14 Yrs | 9-10 Yrs
JG3589,Adidas Club 3 Stripes Men Tennis Short Black,"Club Tennis Climacool 3-Stripes Shorts, Black",60.0,61.0,-1.0,mikesport_lb,adidas_lb,False,False,False,S,S 7
JI2062,Adidas Gazelle Indoor Men Original Shoes Green/White/Gum,"Gazelle Indoor Shoes, Green",175.0,176.0,-1.0,mikesport_lb,adidas_lb,False,False,False,44 2/3 EU | 45 1/3 EU | 46 EU | 42 2/3 EU | 43 1/3 EU | 44 EU,36 2/3 | 37 1/3 | 38 | 38 2/3 | 39 1/3 | 40 | 40 2/3 | 42 | 42 2/3 | 43 1/3 | 44 | 44 2/3 | 45 1/3 | 46 | 46 2/3
JI4817,Adidas Kantai Trail Men Sportswear Shoes White/Putty Grey,"Kantai Trail Shoes, White",175.0,176.0,-1.0,mikesport_lb,adidas_lb,False,False,False,43 1/3 EU,40 2/3 | 41 1/3 | 42 2/3 | 43 1/3 | 44 | 44 2/3 | 45 1/3 | 46 2/3 | 47 1/3
JJ1066,Adidas Essentials Kids-Girls Sportswear T-Shirt White/Black,"Kids Train Essentials Regular Fit Logo Training T-Shirt, White",25.0,26.0,-1.0,mikesport_lb,adidas_lb,False,False,False,7-8 Years | 9-10 Years | 11-12 Years | 13-14 Years,5-6 Yrs | 7-8 Yrs | 11-12 Yrs | 13-14 Yrs | 9-10 Yrs | 170
JQ2610,Adidas Galaxy 7 Women Running Shoes White/Halo Mint/Lime,"Galaxy 7 Running Shoes, White",79.0,80.0,-1.0,mikesport_lb,adidas_lb,False,False,False,36 EU | 36 2/3 EU | 37 1/3 EU | 38 EU | 38 2/3 EU | 39 1/3 EU | 40 EU | 40 2/3 EU | 41 1/3 EU,36 2/3 | 37 1/3 | 38 | 38 2/3 | 39 1/3 | 40 | 40 2/3 | 41 1/3
JR0287,Adidas Adistar 4 Women Running Shoes Mint/Metallic,"Adistar 4 Running Shoes, Green",207.0,208.0,-1.0,mikesport_lb,adidas_lb,False,False,False,36 2/3 EU | 38 EU | 38 2/3 EU | 39 1/3 EU | 40 2/3 EU,37 1/3 | 38 | 38 2/3 | 39 1/3 | 40
JR0310,Adidas Adistar 4 Men Running Shoes Ink/Lime Burst,"Adistar 4 Running Shoes, Blue",207.0,208.0,-1.0,mikesport_lb,adidas_lb,False,False,False,42 EU,43 1/3 | 44
KI0740,Adidas Advantage Infant-Boys Sportswear Shoes Off White,"Kids Unisex Advantage Shoes, White",60.0,61.0,-1.0,mikesport_lb,adidas_lb,False,False,False,22 EU | 21 EU | 23 EU | 25 EU | 24 EU | 26 EU | 27 EU,22 | 23 | 24 | 25 | 26 | 27
