product_key,sku_id,brand,style_code,catalog_product_name,retail_price_usd,match_type,match_score,matched_products_count,match_reason,competitor_min_price_usd,competitor_avg_price_usd,competitor_max_price_usd,num_competitors,competitors_on_sale_count,competitors_on_sale_ratio,competitors_in_stock_count,competitors_out_of_stock_count,latest_scraped_at,cheapest_competitor_name,has_competitor_data,data_freshness_hours
ADIDAS|B75807,SP-E1745BC3E3,ADIDAS,B75807,"Samba OG Shoes, Black",160.83,exact_style,1.0,2,same normalized brand and style_code,159.0,159.0,159.0,2,0,0.0,2,0,2026-04-10T14:37:54Z,adidas_lb,1,1077.48
ADIDAS|BB5476,SP-4665CFBB2F,ADIDAS,BB5476,"Gazelle Shoes, Black",172.26,exact_style,1.0,2,same normalized brand and style_code,159.0,159.0,159.0,2,0,0.0,2,0,2026-04-10T14:25:17Z,adidas_lb,1,1077.69
ADIDAS|DB3021,SP-0590004E40,ADIDAS,DB3021,"Handball Spezial Shoes, Black",152.94,exact_style,1.0,2,same normalized brand and style_code,159.0,159.0,159.0,2,0,0.0,2,0,2026-04-10T14:25:19Z,adidas_lb,1,1077.69
ADIDAS|DZ9435,SP-2F2652299B,ADIDAS,DZ9435,Adidas Unisex Training Dz9435 Light Ank 3Pp White/White/White,19.62,exact_style,1.0,2,same normalized brand and style_code,13.0,15.5,18.0,2,1,0.5,2,0,2026-04-10T14:38:10Z,mikesport,1,1077.48
ADIDAS|FM9931,SP-04B3889425,ADIDAS,FM9931,Adidas Performance 0.75 Unisex Training Water Bottle Black,14.43,exact_style,1.0,2,same normalized brand and style_code,13.0,13.0,13.0,2,0,0.0,2,0,2026-04-10T14:38:24Z,adidas_lb,1,1077.47
ADIDAS|GK9950,SP-F067DCDACE,ADIDAS,GK9950,"AEROREADY Essentials Regular-Fit 3-Stripes Track Suit, Black",85.64,exact_style,1.0,1,same normalized brand and style_code,84.0,84.0,84.0,1,1,1.0,1,0,2026-04-10T14:39:20Z,adidas_lb,1,1077.46
ADIDAS|GL0723,SP-154D0C8A2D,ADIDAS,GL0723,"3 Stripes Leggings, Black",37.8,exact_style,1.0,1,same normalized brand and style_code,35.0,35.0,35.0,1,1,1.0,1,0,2026-04-10T14:39:24Z,adidas_lb,1,1077.46
ADIDAS|H37774,SP-EE94F7E634,ADIDAS,H37774,"Adicolor Classics Tricot Skirt, Black",12.36,exact_style,1.0,1,same normalized brand and style_code,13.0,13.0,13.0,1,1,1.0,1,0,2026-04-10T14:41:58Z,adidas_lb,1,1077.41
ADIDAS|HE4146,SP-749D462018,ADIDAS,HE4146,"Studio Lounge Rib Jumpsuit, Green",23.57,exact_style,1.0,1,same normalized brand and style_code,21.0,21.0,21.0,1,1,1.0,1,0,2026-04-10T14:43:27Z,adidas_lb,1,1077.39
ADIDAS|HE4408,SP-F4341B2295,ADIDAS,HE4408,"AEROREADY Essentials Regular-Fit 3-Stripes Track Suit, Blue",93.87,exact_style,1.0,1,same normalized brand and style_code,84.0,84.0,84.0,1,1,1.0,1,0,2026-04-10T14:43:28Z,adidas_lb,1,1077.39
ADIDAS|HL9308,SP-21EC9D6B2F,ADIDAS,HL9308,"Adicolor Classics Poplin Skirt, Blue",31.58,exact_style,1.0,1,same normalized brand and style_code,32.0,32.0,32.0,1,1,1.0,1,0,2026-04-10T14:44:47Z,adidas_lb,1,1077.37
ADIDAS|HM4975,SP-C031FC9456,ADIDAS,HM4975,Adidas All Court 3.0 Unisex Basketball Ball Wood/Black,43.08,exact_style,1.0,2,same normalized brand and style_code,41.0,41.3333,42.0,2,0,0.0,2,0,2026-04-10T14:45:00Z,adidas_lb,1,1077.36
ADIDAS|HQ6041,SP-EA1A90B4B8,ADIDAS,HQ6041,Adidas Stan Smith Millencon Lifestyle Women,82.8,exact_style,1.0,2,same normalized brand and style_code,61.0,74.5,88.0,2,2,1.0,2,0,2026-04-10T14:45:58Z,tchooz,1,1077.35
ADIDAS|HS1747,SP-C3695075E8,ADIDAS,HS1747,"3 Bar Logo Swimsuit, Black",17.0,exact_style,1.0,1,same normalized brand and style_code,16.0,16.0,16.0,1,1,1.0,1,0,2026-04-10T14:46:59Z,adidas_lb,1,1077.33
ADIDAS|HT4369,SP-753874965B,ADIDAS,HT4369,"3-Stripes Clx Very-Short-Length Swim Shorts, Blue",35.68,exact_style,1.0,1,same normalized brand and style_code,31.0,31.0,31.0,1,1,1.0,1,0,2026-04-10T14:47:30Z,adidas_lb,1,1077.32
ADIDAS|IB7705,SP-24D24979D7,ADIDAS,IB7705,"3-Stripes Swimsuit, Black",22.97,exact_style,1.0,1,same normalized brand and style_code,23.0,23.0,23.0,1,1,1.0,1,0,2026-04-10T14:49:16Z,adidas_lb,1,1077.29
ADIDAS|ID0478,SP-3FB5CF5912,ADIDAS,ID0478,"Samba OG Shoes, Beige",140.14,exact_style,1.0,2,same normalized brand and style_code,159.0,159.0,159.0,2,0,0.0,2,0,2026-04-10T14:26:17Z,adidas_lb,1,1077.68
ADIDAS|ID3488,SP-73E4C8CC61,ADIDAS,ID3488,"4Dfwd 3 Running Shoes, Black",157.46,exact_style,1.0,1,same normalized brand and style_code,159.0,159.0,159.0,1,1,1.0,1,0,2026-04-10T14:50:58Z,adidas_lb,1,1077.26
ADIDAS|ID3489,SP-28A4947B98,ADIDAS,ID3489,"4Dfwd 3 Running Shoes, Beige",185.67,exact_style,1.0,1,same normalized brand and style_code,207.0,207.0,207.0,1,1,1.0,1,0,2026-04-10T14:50:58Z,adidas_lb,1,1077.26
ADIDAS|ID3491,SP-DEECA186E7,ADIDAS,ID3491,"4Dfwd 3 Running Shoes, Black",139.54,exact_style,1.0,1,same normalized brand and style_code,127.0,127.0,127.0,1,1,1.0,1,0,2026-04-10T14:50:58Z,adidas_lb,1,1077.26
ADIDAS|ID3499,SP-6C4030E8BF,ADIDAS,ID3499,"4Dfwd 3 Running Shoes, Beige",217.2,exact_style,1.0,1,same normalized brand and style_code,207.0,207.0,207.0,1,1,1.0,1,0,2026-04-10T14:50:59Z,adidas_lb,1,1077.26
ADIDAS|ID8311,SP-0D8F9A9ADA,ADIDAS,ID8311,"4Dfwd 4 Running Shoes, White",182.95,exact_style,1.0,1,same normalized brand and style_code,207.0,207.0,207.0,1,1,1.0,1,0,2026-04-10T14:51:12Z,adidas_lb,1,1077.26
ADIDAS|ID8764,SP-6A627AE57E,ADIDAS,ID8764,Adidas Galaxy 7 Women Running Shoes Black,81.96,exact_style,1.0,2,same normalized brand and style_code,80.0,80.0,80.0,2,0,0.0,2,0,2026-04-10T14:26:31Z,adidas_lb,1,1077.67
ADIDAS|ID8840,SP-C7EF6CC8AF,ADIDAS,ID8840,Adidas Ultraboost 5 Women Running Shoes White/Grey/Pink,139.73,exact_style,1.0,2,same normalized brand and style_code,144.0,147.0,150.0,2,2,1.0,2,0,2026-04-10T14:51:14Z,adidas_lb,1,1077.26
ADIDAS|ID8882,SP-BEDB9977CB,ADIDAS,ID8882,"4Dfwd 4 Running Shoes, Black",154.0,exact_style,1.0,1,same normalized brand and style_code,159.0,159.0,159.0,1,1,1.0,1,0,2026-04-10T14:51:15Z,adidas_lb,1,1077.26
ADIDAS|ID8887,SP-9DB6B598F6,ADIDAS,ID8887,"4Dfwd 4 Running Shoes, White",145.33,exact_style,1.0,1,same normalized brand and style_code,127.0,127.0,127.0,1,1,1.0,1,0,2026-04-10T14:51:15Z,adidas_lb,1,1077.26
ADIDAS|IE5863,SP-3B493D0895,ADIDAS,IE5863,"4DFWD 4 Running Shoes, White",185.33,exact_style,1.0,1,same normalized brand and style_code,159.0,159.0,159.0,1,1,1.0,1,0,2026-04-10T14:51:32Z,adidas_lb,1,1077.26
ADIDAS|IG8980,SP-545229B88B,ADIDAS,IG8980,"4Dfwd 3 Running Shoes, Grey",171.5,exact_style,1.0,1,same normalized brand and style_code,159.0,159.0,159.0,1,1,1.0,1,0,2026-04-10T14:52:41Z,adidas_lb,1,1077.24
ADIDAS|IG8986,SP-48A96BB634,ADIDAS,IG8986,"4DFWD 3 Running Shoes, Black",178.84,exact_style,1.0,1,same normalized brand and style_code,207.0,207.0,207.0,1,1,1.0,1,0,2026-04-10T14:52:42Z,adidas_lb,1,1077.24
ADIDAS|IG8995,SP-745B1972AB,ADIDAS,IG8995,"4Dfwd 3 Running Shoes, Black",255.18,exact_style,1.0,1,same normalized brand and style_code,207.0,207.0,207.0,1,1,1.0,1,0,2026-04-10T14:52:42Z,adidas_lb,1,1077.24
ADIDAS|IG8996,SP-485BDE7E2C,ADIDAS,IG8996,"4Dfwd 3 Running Shoes, Black",224.87,exact_style,1.0,1,same normalized brand and style_code,207.0,207.0,207.0,1,1,1.0,1,0,2026-04-10T14:52:43Z,adidas_lb,1,1077.24
ADIDAS|IG9166,SP-26E1DF3914,ADIDAS,IG9166,"Advantage 2.0 Shoes, White",120.55,exact_style,1.0,2,same normalized brand and style_code,126.0,126.0,126.0,2,0,0.0,2,0,2026-04-10T14:27:08Z,adidas_lb,1,1077.66
ADIDAS|IG9175,SP-265659CA96,ADIDAS,IG9175,"Advantage 2.0 Shoes, White",118.62,exact_style,1.0,2,same normalized brand and style_code,126.0,126.0,126.0,2,0,0.0,2,0,2026-04-10T14:27:09Z,adidas_lb,1,1077.66
ADIDAS|IG9184,SP-C328DB5C58,ADIDAS,IG9184,"Advantage Base 2.0 Shoes, Black",103.9,exact_style,1.0,2,same normalized brand and style_code,95.0,95.5,96.0,2,0,0.0,2,0,2026-04-10T14:27:10Z,adidas_lb,1,1077.66
ADIDAS|IH1478,SP-8C2C7BFBA1,ADIDAS,IH1478,"Grand Court 3.0 Shoes, White",121.49,exact_style,1.0,2,same normalized brand and style_code,126.0,126.0,126.0,2,0,0.0,2,0,2026-04-10T14:27:14Z,adidas_lb,1,1077.66
ADIDAS|IH6592,SP-82664C3C8D,ADIDAS,IH6592,"Handball Spezial Shoes, White",167.99,exact_style,1.0,2,same normalized brand and style_code,159.0,159.0,159.0,2,0,0.0,2,0,2026-04-10T14:27:31Z,adidas_lb,1,1077.66
ADIDAS|IH6870,SP-D2CBD27227,ADIDAS,IH6870,"Samba OG Shoes, White",155.52,exact_style,1.0,2,same normalized brand and style_code,159.0,159.0,159.0,2,0,0.0,2,0,2026-04-10T14:27:32Z,adidas_lb,1,1077.66
ADIDAS|IK7862,SP-02050B0FD1,ADIDAS,IK7862,"Adicolor 70S V-Neck Dress, Beige",42.63,exact_style,1.0,1,same normalized brand and style_code,38.0,38.0,38.0,1,1,1.0,1,0,2026-04-10T14:54:03Z,adidas_lb,1,1077.21
ADIDAS|IM2848,SP-33F5CF243E,ADIDAS,IM2848,"3 Stripes Leggings, Turquoise",12.2,exact_style,1.0,1,same normalized brand and style_code,14.0,14.0,14.0,1,1,1.0,1,0,2026-04-10T14:55:11Z,adidas_lb,1,1077.19
ADIDAS|IN160125,SP-D582D99C4D,ADIDAS,IN160125,Adidas Classic Solid Men Swim Swim Short Glow Blue,22.09,exact_style,1.0,1,same normalized brand and style_code,21.0,21.0,21.0,1,1,1.0,1,0,2026-04-10T14:14:27Z,mikesport,1,1077.87
ADIDAS|IN168591,SP-DCD0168711,ADIDAS,IN168591,Adidas Disney Toy Story Little-Boys Training Suit Royal Blue/Lime,34.77,exact_style,1.0,1,same normalized brand and style_code,40.0,40.0,40.0,1,1,1.0,1,0,2026-04-10T14:14:27Z,mikesport,1,1077.87
ADIDAS|IN174337,SP-DDAA79AADE,ADIDAS,IN174337,Adidas Disney Mickey Mouse Summer Baby-Boys Sportswear Suit White/Black,33.23,exact_style,1.0,1,same normalized brand and style_code,31.0,31.0,31.0,1,1,1.0,1,0,2026-04-10T14:14:27Z,mikesport,1,1077.87
ADIDAS|IN235999,SP-E44D80B7EB,ADIDAS,IN235999,Adidas Club Pleat Kids-Girls Tennis Skort White,74.65,exact_style,1.0,1,same normalized brand and style_code,61.0,61.0,61.0,1,0,0.0,1,0,2026-04-10T14:13:58Z,mikesport,1,1077.88
ADIDAS|IP2968,SP-AA14E90547,ADIDAS,IP2968,"3-Stripes Leggings, Multicolour",28.73,exact_style,1.0,1,same normalized brand and style_code,27.0,27.0,27.0,1,1,1.0,1,0,2026-04-10T14:56:42Z,adidas_lb,1,1077.17
ADIDAS|IP2970,SP-E0B825C9D5,ADIDAS,IP2970,"3-Stripes Leggings, Green",24.15,exact_style,1.0,1,same normalized brand and style_code,22.0,22.0,22.0,1,1,1.0,1,0,2026-04-10T14:56:43Z,adidas_lb,1,1077.17
ADIDAS|IS7049,SP-2AE7A078CB,ADIDAS,IS7049,Adidas Classic 3 Bar Logo Training Backpack Men Dark Blue/White,41.52,exact_style,1.0,2,same normalized brand and style_code,37.0,37.5,38.0,2,0,0.0,2,0,2026-04-10T14:28:18Z,adidas_lb,1,1077.64
ADIDAS|IU2415,SP-625A952A40,ADIDAS,IU2415,"3-Stripes Bra Long-Sleeve Top, Multicolour",22.04,exact_style,1.0,1,same normalized brand and style_code,22.0,22.0,22.0,1,1,1.0,1,0,2026-04-10T14:59:46Z,adidas_lb,1,1077.12
ADIDAS|IU2430,SP-14F06CB1CC,ADIDAS,IU2430,"3-Stripes Bodysuit, Black",31.75,exact_style,1.0,1,same normalized brand and style_code,30.0,30.0,30.0,1,1,1.0,1,0,2026-04-10T14:59:49Z,adidas_lb,1,1077.12
ADIDAS|IU2522,SP-154D3E9BB1,ADIDAS,IU2522,"3-Stripes Leggings, Black",38.91,exact_style,1.0,1,same normalized brand and style_code,34.0,34.0,34.0,1,1,1.0,1,0,2026-04-10T14:59:52Z,adidas_lb,1,1077.12
ADIDAS|IU2526,SP-0F8FD95EB4,ADIDAS,IU2526,"3-Stripes Skirt, Black",27.39,exact_style,1.0,1,same normalized brand and style_code,27.0,27.0,27.0,1,1,1.0,1,0,2026-04-10T14:59:52Z,adidas_lb,1,1077.12
ADIDAS|IW5977,SP-EEC5C6A0BE,ADIDAS,IW5977,"AEROREADY Sereno Cut 3-Stripes Track Suit, Blue",129.32,exact_style,1.0,1,same normalized brand and style_code,111.0,111.0,111.0,1,0,0.0,1,0,2026-04-10T14:28:28Z,adidas_lb,1,1077.64
ADIDAS|IX1248,SP-8DA54A884E,ADIDAS,IX1248,Adidas All Szn Men Sportswear Hoody Black,107.34,exact_style,1.0,2,same normalized brand and style_code,95.0,95.5,96.0,2,0,0.0,2,0,2026-04-10T14:28:29Z,adidas_lb,1,1077.64
ADIDAS|IX3178,SP-100050E78D,ADIDAS,IX3178,Adidas Power Vii Unisex Training Bag Alumina/Black,49.2,exact_style,1.0,2,same normalized brand and style_code,41.0,43.0,45.0,2,2,1.0,2,0,2026-04-10T15:01:22Z,mikesport,1,1077.09
ADIDAS|IY2155,SP-80442AC9A2,ADIDAS,IY2155,"3-Stripes French Terry Shorts, Purple",27.92,exact_style,1.0,1,same normalized brand and style_code,24.0,24.0,24.0,1,1,1.0,1,0,2026-04-10T15:02:04Z,adidas_lb,1,1077.08
ADIDAS|JC8403,SP-03C17880F4,ADIDAS,JC8403,3 STRIPES TEE,39.17,exact_style,1.0,1,same normalized brand and style_code,35.0,35.0,35.0,1,1,1.0,1,0,2026-04-10T15:03:23Z,adidas_lb,1,1077.06
ADIDAS|JD4982,SP-E7F43FB6BA,ADIDAS,JD4982,"3-Stripes Leggings, Brown",43.71,exact_style,1.0,1,same normalized brand and style_code,43.0,43.0,43.0,1,1,1.0,1,0,2026-04-10T15:03:59Z,adidas_lb,1,1077.05
ADIDAS|JE5682,SP-511FC63A1A,ADIDAS,JE5682,Adidas D4T 3 Stripes Men Training Short Black,68.3,exact_style,1.0,2,same normalized brand and style_code,76.0,76.5,77.0,2,0,0.0,2,0,2026-04-10T14:29:33Z,adidas_lb,1,1077.62
ADIDAS|JE8943,SP-275CC88728,ADIDAS,JE8943,Adidas Essentials Big Logo Men Sportswear T-Shirt White/Black,42.19,exact_style,1.0,2,same normalized brand and style_code,44.0,44.5,45.0,2,0,0.0,2,0,2026-04-10T14:29:49Z,adidas_lb,1,1077.62
ADIDAS|JE9741,SP-8F64E1FCBD,ADIDAS,JE9741,Adidas INTER MIAMI IMCF JSY HOME Football Men,74.49,exact_style,1.0,2,same normalized brand and style_code,61.0,61.0,61.0,2,2,1.0,2,0,2026-04-10T15:04:24Z,adidas_lb,1,1077.04
ADIDAS|JF8484,SP-648D792B8F,ADIDAS,JF8484,Adidas Lightweight Baseball Unisex Training Cap White,28.93,exact_style,1.0,2,same normalized brand and style_code,26.0,26.0,26.0,2,0,0.0,2,0,2026-04-10T14:29:59Z,adidas_lb,1,1077.61
ADIDAS|JI2306,SP-C5A9CE6C8D,ADIDAS,JI2306,"Barreda Shoes, White",92.69,exact_style,1.0,2,same normalized brand and style_code,95.0,95.5,96.0,2,0,0.0,2,0,2026-04-10T14:30:23Z,adidas_lb,1,1077.61
ADIDAS|JI2316,SP-1A5E48962B,ADIDAS,JI2316,"Barreda Decode Shoes, Black",121.06,exact_style,1.0,2,same normalized brand and style_code,126.0,126.0,126.0,2,0,0.0,2,0,2026-04-10T14:30:24Z,adidas_lb,1,1077.61
ADIDAS|JI2318,SP-C1FA92617F,ADIDAS,JI2318,"Barreda Decode Shoes, Green",123.0,exact_style,1.0,2,same normalized brand and style_code,126.0,126.0,126.0,2,0,0.0,2,0,2026-04-10T14:30:24Z,adidas_lb,1,1077.61
ADIDAS|JI2321,SP-A2D46F25B1,ADIDAS,JI2321,"Barreda Decode Shoes, White",136.18,exact_style,1.0,2,same normalized brand and style_code,126.0,126.0,126.0,2,0,0.0,2,0,2026-04-10T14:30:25Z,adidas_lb,1,1077.61
ADIDAS|JI4632,SP-CF5BCC0FE2,ADIDAS,JI4632,"Response Super Shoes, White",89.05,exact_style,1.0,2,same normalized brand and style_code,69.0,69.0,69.0,2,2,1.0,2,0,2026-04-10T15:06:34Z,adidas_lb,1,1077.0
ADIDAS|JI8081,SP-EFA218BDF9,ADIDAS,JI8081,Adidas Classic Training Backpack With Pencil Case Unisex Black/White,53.85,exact_style,1.0,2,same normalized brand and style_code,47.0,47.5,48.0,2,0,0.0,2,0,2026-04-10T14:30:38Z,adidas_lb,1,1077.6
ADIDAS|JJ1926,SP-351A270268,ADIDAS,JJ1926,Adidas Real Madrid 25/26 Home Men Football Short White,72.85,exact_style,1.0,2,same normalized brand and style_code,67.0,67.0,67.0,2,0,0.0,2,0,2026-04-10T14:30:50Z,adidas_lb,1,1077.6
ADIDAS|JJ1931,SP-56FCC8F98B,ADIDAS,JJ1931,Adidas Real Madrid 25/26 Home Jersey Men Football T-Shirt White,175.67,exact_style,1.0,2,same normalized brand and style_code,152.0,152.5,153.0,2,0,0.0,2,0,2026-04-10T14:30:50Z,adidas_lb,1,1077.6
ADIDAS|JJ2137,SP-DB6E685B51,ADIDAS,JJ2137,Adidas Fc Bayern 25/26 Home Jersey Men Football T-Shirt Red,140.76,exact_style,1.0,2,same normalized brand and style_code,159.0,159.0,159.0,2,0,0.0,2,0,2026-04-10T14:30:51Z,adidas_lb,1,1077.6
ADIDAS|JJ4182,SP-DB14195D44,ADIDAS,JJ4182,Adidas Real Madrid 25/26 Away Jersey Men Football T-Shirt Legend Ink,160.45,exact_style,1.0,2,same normalized brand and style_code,152.0,152.5,153.0,2,0,0.0,2,0,2026-04-10T14:30:53Z,adidas_lb,1,1077.6
ADIDAS|JJ4320,SP-DE8799B8CD,ADIDAS,JJ4320,Adidas Juventus 25/26 Home Jersey Men Football T-Shirt White/Black,198.12,exact_style,1.0,2,same normalized brand and style_code,152.0,152.5,153.0,2,0,0.0,2,0,2026-04-10T14:30:54Z,adidas_lb,1,1077.6
ADIDAS|JL5081,SP-0246864EFD,ADIDAS,JL5081,Adidas Workout Essentials Woven Women Training Pant Black,75.36,exact_style,1.0,2,same normalized brand and style_code,76.0,76.5,77.0,2,0,0.0,2,0,2026-04-10T14:30:55Z,adidas_lb,1,1077.6
ADIDAS|JM6459,SP-CC132CEF52,ADIDAS,JM6459,Adidas Food Grilled Cheese Graphic Men Sportswear T-Shirt Off White,43.76,exact_style,1.0,2,same normalized brand and style_code,44.0,44.5,45.0,2,0,0.0,2,0,2026-04-10T14:31:04Z,adidas_lb,1,1077.6
ADIDAS|JN5237,SP-42DCF92EB8,ADIDAS,JN5237,Adidas Juventus 25/26 Home Jersey Kids-Unisex Football T-Shirt White/Black,129.37,exact_style,1.0,2,same normalized brand and style_code,117.0,117.0,117.0,2,0,0.0,2,0,2026-04-10T14:31:14Z,adidas_lb,1,1077.59
ADIDAS|JN8878,SP-709D55A450,ADIDAS,JN8878,Adidas Real Madrid 25/26 Home Kids-Unisex Football Short White,56.3,exact_style,1.0,2,same normalized brand and style_code,61.0,61.0,61.0,2,0,0.0,2,0,2026-04-10T14:31:20Z,adidas_lb,1,1077.59
ADIDAS|JN8887,SP-DA8CC184C9,ADIDAS,JN8887,Adidas Real Madrid 25/26 Home Jersey Kids-Unisex Football T-Shirt White,112.3,exact_style,1.0,2,same normalized brand and style_code,117.0,117.0,117.0,2,0,0.0,2,0,2026-04-10T14:31:20Z,adidas_lb,1,1077.59
ADIDAS|JV5079,SP-236F78ABB2,ADIDAS,JV5079,Adidas Camo Graphic Kids-Boys Sportswear T-Shirt Black,27.49,exact_style,1.0,2,same normalized brand and style_code,28.0,28.5,29.0,2,0,0.0,2,0,2026-04-10T14:33:19Z,adidas_lb,1,1077.56
ADIDAS|JV7515,SP-E961A24573,ADIDAS,JV7515,"Adibreak Tracksuit Bottoms, Green",111.33,exact_style,1.0,1,same normalized brand and style_code,121.0,121.0,121.0,1,0,0.0,1,0,2026-04-10T14:33:30Z,adidas_lb,1,1077.56
ADIDAS|KA2796,SP-EB900BB3C2,ADIDAS,KA2796,"Adi365 Running Pocket Medium Support Bra, Green",77.07,exact_style,1.0,1,same normalized brand and style_code,80.0,80.0,80.0,1,0,0.0,1,0,2026-04-10T14:34:55Z,adidas_lb,1,1077.53
ADIDAS|KC5821,SP-D7ADEC42DC,ADIDAS,KC5821,"Adi365 Running Pocket Graphic Medium Support Bra, Black",89.24,exact_style,1.0,1,same normalized brand and style_code,88.0,88.0,88.0,1,0,0.0,1,0,2026-04-10T14:35:34Z,adidas_lb,1,1077.52
ADIDAS|KD3683,SP-7F6612273E,ADIDAS,KD3683,"3 Stripes Slim T-Shirt, White",48.34,exact_style,1.0,1,same normalized brand and style_code,54.0,54.0,54.0,1,0,0.0,1,0,2026-04-10T14:36:16Z,adidas_lb,1,1077.51
ADIDAS|KD7968,SP-DA4EFC860B,ADIDAS,KD7968,"3 Stripes Bralett, Black",47.59,exact_style,1.0,1,same normalized brand and style_code,54.0,54.0,54.0,1,0,0.0,1,0,2026-04-10T14:36:36Z,adidas_lb,1,1077.5
ADIDAS|KD7980,SP-FF9B4B4F9C,ADIDAS,KD7980,"3 Stripes Slim T-Shirt, Black",53.63,exact_style,1.0,1,same normalized brand and style_code,54.0,54.0,54.0,1,0,0.0,1,0,2026-04-10T14:36:38Z,adidas_lb,1,1077.5
ALL IN|IN204932,SP-171E383B23,ALL IN,IN204932,ALN Accessories Floating Kickboard Swim Swimming Gear Blue,5.17,exact_style,1.0,1,same normalized brand and style_code,5.0,5.0,5.0,1,1,1.0,1,0,2026-04-10T14:14:17Z,mikesport,1,1077.88
ALL IN|IN204933,SP-3C84F40051,ALL IN,IN204933,ALN Accessories Floating Kickboard Swim Swimming Gear Pink,5.21,exact_style,1.0,1,same normalized brand and style_code,5.0,5.0,5.0,1,1,1.0,1,0,2026-04-10T14:14:17Z,mikesport,1,1077.88
ALL IN|IN206612,SP-7418F06482,ALL IN,IN206612,ALN Accessories Aqua Dumbbell Swimming Gear Blue/Pink,6.24,exact_style,1.0,1,same normalized brand and style_code,6.0,6.0,6.0,1,1,1.0,1,0,2026-04-10T14:14:17Z,mikesport,1,1077.88
AQUATAIL|IN094156,SP-4B36B44C2F,AQUATAIL,IN094156,Aquatail Mermaid Tail Kids Beach Fins Green,45.26,exact_style,1.0,1,same normalized brand and style_code,42.0,42.0,42.0,1,1,1.0,1,0,2026-04-10T14:14:24Z,mikesport,1,1077.87
AQUATAIL|IN094389,SP-1BEA1A72D1,AQUATAIL,IN094389,Aquatail Mermaid Tail Kids Beach Fins Blue,38.34,exact_style,1.0,1,same normalized brand and style_code,42.0,42.0,42.0,1,1,1.0,1,0,2026-04-10T14:14:24Z,mikesport,1,1077.87
Adidas|NAME:ADIDAS COPA PURE II+ FG BOOTS39+45,SP-3350E7D69E,ADIDAS,,ADIDAS COPA PURE II+ FG BOOTS39+45,83.85,similar_product,0.7799,1,same brand/category/gender with 0.50 name overlap and comparable price,79.0,79.0,79.0,1,1,1.0,1,0,2026-04-10T14:41:14Z,adidas_lb,1,1077.43
BABOLAT|IN171671,SP-C3AF8C8D07,BABOLAT,IN171671,Babolat Nadal Junior 23 Strung Grip Kids Tennis Racquet Multi,86.04,exact_style,1.0,1,same normalized brand and style_code,67.0,67.0,67.0,1,0,0.0,1,0,2026-04-10T14:14:06Z,mikesport,1,1077.88
BABOLAT|IN235629,SP-474329A365,BABOLAT,IN235629,Babolat Pure Drive Junior 25 Gen11 Kids Tennis Racquet Blue,189.47,exact_style,1.0,1,same normalized brand and style_code,178.0,178.0,178.0,1,0,0.0,1,0,2026-04-10T14:14:06Z,mikesport,1,1077.88
BABOLAT|IN235630,SP-42A81C708A,BABOLAT,IN235630,Babolat Pure Drive Junior 25 Gen11 Kids Tennis Racquet Light Blue,175.45,exact_style,1.0,1,same normalized brand and style_code,173.0,173.0,173.0,1,0,0.0,1,0,2026-04-10T14:14:06Z,mikesport,1,1077.88
BABOLAT|IN235631,SP-7DC760B623,BABOLAT,IN235631,Babolat Nadal Junior 19 Kids Tennis Racquet Black/Yellow,57.91,exact_style,1.0,1,same normalized brand and style_code,56.0,56.0,56.0,1,0,0.0,1,0,2026-04-10T14:14:06Z,mikesport,1,1077.88
BILLABONG|IN224291,SP-428F9FE7D9,BILLABONG,IN224291,Billabong Gone Tropic Women Lifestyle Swim Short Pistachio,39.82,exact_style,1.0,1,same normalized brand and style_code,40.0,40.0,40.0,1,1,1.0,1,0,2026-04-10T14:14:27Z,mikesport,1,1077.87
BILLABONG|IN224310,SP-BB4694C6BC,BILLABONG,IN224310,Billabong All Day Layback Boys Beach Swim Short Sea Green,24.37,exact_style,1.0,1,same normalized brand and style_code,24.0,24.0,24.0,1,1,1.0,1,0,2026-04-10T14:14:27Z,mikesport,1,1077.87
BILLABONG|IN224311,SP-A2C7D98A61,BILLABONG,IN224311,Billabong All Day Layback Boys Beach Swim Short Lemon,24.04,exact_style,1.0,1,same normalized brand and style_code,24.0,24.0,24.0,1,1,1.0,1,0,2026-04-10T14:14:27Z,mikesport,1,1077.87
BLUE POINT|IN209972,SP-53DDAF3223,BLUE POINT,IN209972,Blue Point Men Beach Swim Short White,43.82,exact_style,1.0,1,same normalized brand and style_code,43.0,43.0,43.0,1,0,0.0,1,0,2026-04-10T14:14:54Z,mikesport,1,1077.87
BODY GLOVE|IN131719,SP-30038913CA,BODY GLOVE,IN131719,Body Glove Women Beach Monokini Whisper Crissy 1 Piece Storm,64.17,exact_style,1.0,1,same normalized brand and style_code,67.0,67.0,67.0,1,1,1.0,1,0,2026-04-10T14:14:41Z,mikesport,1,1077.87
BOGNER|IN207946,SP-950A524EDF,BOGNER,IN207946,Bogner Nelson 2 Men Beach Swim Short Black,107.42,exact_style,1.0,1,same normalized brand and style_code,99.0,99.0,99.0,1,0,0.0,1,0,2026-04-10T14:14:58Z,mikesport,1,1077.86
BOGNER|IN239500,SP-E45BDB93ED,BOGNER,IN239500,Bogner Paul Men Swim Short Black,225.91,exact_style,1.0,1,same normalized brand and style_code,183.0,183.0,183.0,1,0,0.0,1,0,2026-04-10T14:13:55Z,mikesport,1,1077.88
BOGNER|IN239502,SP-A83D634897,BOGNER,IN239502,Bogner Paul Men Swim Short Navy Blue,170.4,exact_style,1.0,1,same normalized brand and style_code,183.0,183.0,183.0,1,0,0.0,1,0,2026-04-10T14:13:55Z,mikesport,1,1077.88
CROCS|IN073617,SP-CC5CDA3953,CROCS,IN073617,Crocs Bistro Slip Resistant Work Clog Unisex lifestyle Slippers Black,43.74,exact_style,1.0,1,same normalized brand and style_code,42.0,42.0,42.0,1,1,1.0,1,0,2026-04-10T14:14:48Z,mikesport,1,1077.87
CROCS|IN073618,SP-8909E63A20,CROCS,IN073618,Crocs Bistro Slip Resistant Work Clog Unisex lifestyle Slippers Navy,47.71,exact_style,1.0,1,same normalized brand and style_code,42.0,42.0,42.0,1,1,1.0,1,0,2026-04-10T14:14:48Z,mikesport,1,1077.87
CROCS|IN164432,SP-1EFF62AD3C,CROCS,IN164432,Crocs Bae Clog Women Lifestyle Black,83.16,exact_style,1.0,1,same normalized brand and style_code,84.0,84.0,84.0,1,0,0.0,1,0,2026-04-10T14:14:35Z,mikesport,1,1077.87
CROCS|IN204251,SP-9775ACFE6C,CROCS,IN204251,Crocs Classic Neo Puff Kids Lifestyle After Ski Navy/Gum,57.8,exact_style,1.0,1,same normalized brand and style_code,50.0,50.0,50.0,1,1,1.0,1,0,2026-04-10T14:14:45Z,mikesport,1,1077.87
CROCS|IN206521,SP-22ED3EE46C,CROCS,IN206521,Crocs All Terrain Kids Lifestyle Sandals Storm,32.41,exact_style,1.0,1,same normalized brand and style_code,29.0,29.0,29.0,1,1,1.0,1,0,2026-04-10T14:15:00Z,mikesport,1,1077.86
CROCS|IN216172,SP-E5AA98F640,CROCS,IN216172,Crocs 3D Christmas Tree Unisex Lifestyle Jibbitz Charm,5.75,exact_style,1.0,1,same normalized brand and style_code,6.0,6.0,6.0,1,0,0.0,1,0,2026-04-10T14:14:45Z,mikesport,1,1077.87
CROCS|IN216174,SP-45B7989AB6,CROCS,IN216174,Crocs 3D Candy Cane Unisex Lifestyle Jibbitz Charm,6.03,exact_style,1.0,1,same normalized brand and style_code,6.0,6.0,6.0,1,0,0.0,1,0,2026-04-10T14:14:45Z,mikesport,1,1077.87
CROCS|IN221020,SP-984922E582,CROCS,IN221020,Crocs 3D Beach Umbrella Unisex Lifestyle Jibbitz Charm,6.7,exact_style,1.0,1,same normalized brand and style_code,6.0,6.0,6.0,1,0,0.0,1,0,2026-04-10T14:14:29Z,mikesport,1,1077.87
CROCS|IN221080,SP-4922B84AAD,CROCS,IN221080,Crocs Bae Clog Women Lifestyle White,103.95,exact_style,1.0,1,same normalized brand and style_code,84.0,84.0,84.0,1,0,0.0,1,0,2026-04-10T14:14:35Z,mikesport,1,1077.87
CROCS|IN221081,SP-579FCCF26F,CROCS,IN221081,Crocs Bae Clog Women Lifestyle Kiwi,81.46,exact_style,1.0,1,same normalized brand and style_code,84.0,84.0,84.0,1,0,0.0,1,0,2026-04-10T14:14:35Z,mikesport,1,1077.87
CROCS|IN221082,SP-B3F68BA4E6,CROCS,IN221082,Crocs Bae Clog Women Lifestyle Dragon Fruit,84.2,exact_style,1.0,1,same normalized brand and style_code,84.0,84.0,84.0,1,0,0.0,1,0,2026-04-10T14:14:35Z,mikesport,1,1077.87
CROCS|IN221083,SP-9EF0AF0731,CROCS,IN221083,Crocs Bae Clog Women Lifestyle Orangesicle,77.12,exact_style,1.0,1,same normalized brand and style_code,84.0,84.0,84.0,1,0,0.0,1,0,2026-04-10T14:14:35Z,mikesport,1,1077.87
CROCS|IN224595,SP-5FCBB664AF,CROCS,IN224595,Crocs Bae Women Lifestyle Clog Milk Chocolate,83.53,exact_style,1.0,1,same normalized brand and style_code,84.0,84.0,84.0,1,0,0.0,1,0,2026-04-10T14:14:29Z,mikesport,1,1077.87
CROCS|IN227539,SP-2FEAF9AB06,CROCS,IN227539,Crocs 3D Dino Unisex Lifestyle Jibbitz Charm,6.1,exact_style,1.0,1,same normalized brand and style_code,6.0,6.0,6.0,1,0,0.0,1,0,2026-04-10T14:14:20Z,mikesport,1,1077.88
CROCS|IN227544,SP-12E813D427,CROCS,IN227544,Crocs Bae Women Lifestyle Clog Taupe,88.7,exact_style,1.0,1,same normalized brand and style_code,84.0,84.0,84.0,1,0,0.0,1,0,2026-04-10T14:14:22Z,mikesport,1,1077.87
CROCS|IN227545,SP-CE1996B0E0,CROCS,IN227545,Crocs Bae Women Lifestyle Clog Starfish,91.09,exact_style,1.0,1,same normalized brand and style_code,84.0,84.0,84.0,1,0,0.0,1,0,2026-04-10T14:14:22Z,mikesport,1,1077.87
CROCS|IN227557,SP-0AA1FDD34E,CROCS,IN227557,Crocs Bae Glitter Women Lifestyle Clog Black,105.2,exact_style,1.0,1,same normalized brand and style_code,90.0,90.0,90.0,1,0,0.0,1,0,2026-04-10T14:14:22Z,mikesport,1,1077.87
CROCS|IN227558,SP-1B705F3CD9,CROCS,IN227558,Crocs Bae Glitter Clog Women Lifestyle Clog Pink Milk,78.2,exact_style,1.0,1,same normalized brand and style_code,90.0,90.0,90.0,1,0,0.0,1,0,2026-04-10T14:14:22Z,mikesport,1,1077.87
CROCS|IN231485,SP-C12CBB627C,CROCS,IN231485,Crocs 3D Kitty Unisex Lifestyle Jibbitz Charm,6.42,exact_style,1.0,1,same normalized brand and style_code,6.0,6.0,6.0,1,0,0.0,1,0,2026-04-10T14:14:13Z,mikesport,1,1077.88
CROCS|IN231539,SP-C3B564E9B6,CROCS,IN231539,Crocs 3D Holiday Beach Umbrella Unisex Lifestyle Jibbitz Charm,7.06,exact_style,1.0,1,same normalized brand and style_code,6.0,6.0,6.0,1,0,0.0,1,0,2026-04-10T14:14:11Z,mikesport,1,1077.88
CROCS|IN231583,SP-6F212837EF,CROCS,IN231583,Crocs Bae Lined Women Lifestyle Clog Black,70.06,exact_style,1.0,1,same normalized brand and style_code,67.0,67.0,67.0,1,1,1.0,1,0,2026-04-10T14:14:09Z,mikesport,1,1077.88
CROCS|IN236650,SP-331574EF21,CROCS,IN236650,Crocs 3D Coffee Cup Unisex Lifestyle Jibbitz Charm,6.08,exact_style,1.0,1,same normalized brand and style_code,6.0,6.0,6.0,1,0,0.0,1,0,2026-04-10T14:13:56Z,mikesport,1,1077.88
CROCS|IN236684,SP-7C595F60D7,CROCS,IN236684,Crocs Bae Women Lifestyle Clog Mauve Mist,105.71,exact_style,1.0,1,same normalized brand and style_code,84.0,84.0,84.0,1,0,0.0,1,0,2026-04-10T14:14:00Z,mikesport,1,1077.88
CROCS|IN236685,SP-57E4E0DDE1,CROCS,IN236685,Crocs Bae Women Lifestyle Clog Quartz,78.52,exact_style,1.0,1,same normalized brand and style_code,84.0,84.0,84.0,1,0,0.0,1,0,2026-04-10T14:14:00Z,mikesport,1,1077.88
CROCS|IN236714,SP-CA4D78ABDF,CROCS,IN236714,Crocs All Day Women Lifestyle Slippers Black,36.75,exact_style,1.0,1,same normalized brand and style_code,36.0,36.0,36.0,1,0,0.0,1,0,2026-04-10T14:14:00Z,mikesport,1,1077.88
CROCS|IN236715,SP-1DE83EF0B0,CROCS,IN236715,Crocs All Day Women Lifestyle Slippers White,31.42,exact_style,1.0,1,same normalized brand and style_code,36.0,36.0,36.0,1,0,0.0,1,0,2026-04-10T14:14:00Z,mikesport,1,1077.88
CROCS|IN236716,SP-0A0C5718B8,CROCS,IN236716,Crocs All Day Women Lifestyle Slippers Powder Pink,44.63,exact_style,1.0,1,same normalized brand and style_code,36.0,36.0,36.0,1,0,0.0,1,0,2026-04-10T14:14:00Z,mikesport,1,1077.88
CROCS|IN236717,SP-F272E0B3EC,CROCS,IN236717,Crocs All Day Men Lifestyle Slippers Black,39.39,exact_style,1.0,1,same normalized brand and style_code,36.0,36.0,36.0,1,0,0.0,1,0,2026-04-10T14:13:58Z,mikesport,1,1077.88
CROCS|IN236719,SP-26CA5937C8,CROCS,IN236719,Crocs All Day Men Lifestyle Slippers Navy,44.51,exact_style,1.0,1,same normalized brand and style_code,36.0,36.0,36.0,1,0,0.0,1,0,2026-04-10T14:14:00Z,mikesport,1,1077.88
CROCS|IN236746,SP-63D1F944FA,CROCS,IN236746,Crocs Bae Pinnacle Embellished Women Lifestyle Clog Frappe,192.49,exact_style,1.0,1,same normalized brand and style_code,168.0,168.0,168.0,1,0,0.0,1,0,2026-04-10T14:14:00Z,mikesport,1,1077.88
CROCS|IN238046,SP-ECB50BF5E1,CROCS,IN238046,Crocs 3D Chilling Frog Unisex Lifestyle Jibbitz Charm,7.39,exact_style,1.0,1,same normalized brand and style_code,6.0,6.0,6.0,1,0,0.0,1,0,2026-04-10T14:13:58Z,mikesport,1,1077.88
CROCS|IN238067,SP-ABDA020E90,CROCS,IN238067,Crocs Barbie Classic Kids Lifestyle Clog Multi,82.57,exact_style,1.0,1,same normalized brand and style_code,66.0,66.0,66.0,1,0,0.0,1,0,2026-04-10T14:13:58Z,mikesport,1,1077.88
CROCS|IN238068,SP-D62159F18D,CROCS,IN238068,Crocs Barbie Classic Infant Lifestyle Clog Multi,67.25,exact_style,1.0,1,same normalized brand and style_code,60.0,60.0,60.0,1,0,0.0,1,0,2026-04-10T14:13:58Z,mikesport,1,1077.88
NEW BALANCE|BB550,SP-20E084F9D9,NEW BALANCE,BB550,New Balance Bb550 Men Lifestyle Shoes Sea Salt/Blue/Angora,107.38,exact_style,1.0,11,same normalized brand and style_code,95.0,120.8182,139.0,2,2,1.0,2,1,2026-04-10T14:22:54Z,mikesport,1,1077.73
NEW BALANCE|IN170907,SP-7542B894A6,NEW BALANCE,IN170907,New Balance Fuel Women Performance Bra Black,28.85,exact_style,1.0,1,same normalized brand and style_code,31.0,31.0,31.0,1,1,1.0,1,0,2026-04-10T14:14:22Z,mikesport,1,1077.87
NEW BALANCE|IN192321,SP-7CDB28E0F3,NEW BALANCE,IN192321,New Balance Accelerate 7 Inch Men Performanc Short Ice Blue,25.92,exact_style,1.0,1,same normalized brand and style_code,27.0,27.0,27.0,1,1,1.0,1,0,2026-04-10T14:14:24Z,mikesport,1,1077.87
NEW BALANCE|IN192327,SP-C48AE249D6,NEW BALANCE,IN192327,New Balance 327 Men Lifestyle Shoes Grey/ White,139.02,exact_style,1.0,1,same normalized brand and style_code,118.0,118.0,118.0,1,1,1.0,1,0,2026-04-10T14:14:08Z,mikesport,1,1077.88
NEW BALANCE|IN202153,SP-16070A4590,NEW BALANCE,IN202153,New Balance 2002R Unisex Lifestyle Shoes Bone/ Light Aluminum,137.52,exact_style,1.0,1,same normalized brand and style_code,128.0,128.0,128.0,1,1,1.0,1,0,2026-04-10T14:15:02Z,mikesport,1,1077.86
NEW BALANCE|IN202162,SP-9E98D31333,NEW BALANCE,IN202162,New Balance Athletics Men Lifestyle T-Shirt Ash Heather,59.28,exact_style,1.0,1,same normalized brand and style_code,49.0,49.0,49.0,1,0,0.0,1,0,2026-04-10T14:15:02Z,mikesport,1,1077.86
NEW BALANCE|IN202164,SP-7C71C82AFB,NEW BALANCE,IN202164,New Balance Athletics Men Lifestyle T-Shirt Navy,60.03,exact_style,1.0,1,same normalized brand and style_code,49.0,49.0,49.0,1,0,0.0,1,0,2026-04-10T14:14:40Z,mikesport,1,1077.87
NEW BALANCE|IN205049,SP-8CE19B7B41,NEW BALANCE,IN205049,New Balance Athletics Men Lifestyle Pant Ash Heather,84.54,exact_style,1.0,1,same normalized brand and style_code,74.0,74.0,74.0,1,1,1.0,1,0,2026-04-10T14:14:18Z,mikesport,1,1077.88
NEW BALANCE|IN205050,SP-F37123B899,NEW BALANCE,IN205050,New Balance Athletics Men Lifestyle Pant Black,112.98,exact_style,1.0,1,same normalized brand and style_code,105.0,105.0,105.0,1,0,0.0,1,0,2026-04-10T14:14:36Z,mikesport,1,1077.87
NEW BALANCE|IN205068,SP-5A822EBD49,NEW BALANCE,IN205068,New Balance Athletics Men Lifestyle Short Black,60.85,exact_style,1.0,1,same normalized brand and style_code,55.0,55.0,55.0,1,1,1.0,1,0,2026-04-10T14:15:04Z,mikesport,1,1077.86
NEW BALANCE|IN205073,SP-8B54A344D5,NEW BALANCE,IN205073,New Balance Archive Men Lifestyle Sweatshirt Athletic Grey,66.93,exact_style,1.0,1,same normalized brand and style_code,72.0,72.0,72.0,1,1,1.0,1,0,2026-04-10T14:15:02Z,mikesport,1,1077.86
NEW BALANCE|IN205134,SP-264C0F6E4D,NEW BALANCE,IN205134,New Balance Athletic Jersey Women Lifestyle T-Shirt Black,50.21,exact_style,1.0,1,same normalized brand and style_code,49.0,49.0,49.0,1,0,0.0,1,0,2026-04-10T14:15:04Z,mikesport,1,1077.86
NEW BALANCE|IN209467,SP-A0C279D81B,NEW BALANCE,IN209467,New Balance 327 Men Lifestyle Shoes Black/White,179.43,exact_style,1.0,1,same normalized brand and style_code,169.0,169.0,169.0,1,0,0.0,1,0,2026-04-10T14:14:19Z,mikesport,1,1077.88
NEW BALANCE|IN209953,SP-A5571E2645,NEW BALANCE,IN209953,New Balance 1906 Men Lifestyle Shoes Silver/Black,343.62,exact_style,1.0,1,same normalized brand and style_code,275.0,275.0,275.0,1,0,0.0,1,0,2026-04-10T14:14:19Z,mikesport,1,1077.88
NEW BALANCE|IN217981,SP-1119C7A992,NEW BALANCE,IN217981,New Balance 1080 Men Running Shoes Black/Magnet/Linen,248.52,exact_style,1.0,1,same normalized brand and style_code,202.0,202.0,202.0,1,1,1.0,1,0,2026-04-10T14:14:43Z,mikesport,1,1077.87
NEW BALANCE|IN218014,SP-4BFC3223D5,NEW BALANCE,IN218014,New Balance 327 Women Lifestyle Shoes Moonbeam,205.09,exact_style,1.0,1,same normalized brand and style_code,169.0,169.0,169.0,1,0,0.0,1,0,2026-04-10T14:14:01Z,mikesport,1,1077.88
NEW BALANCE|IN219643,SP-F557DDEAE8,NEW BALANCE,IN219643,New Balance Athletics French Terry Men Lifestyle Hoody Dusk Shower,88.45,exact_style,1.0,1,same normalized brand and style_code,80.0,80.0,80.0,1,1,1.0,1,0,2026-04-10T14:14:25Z,mikesport,1,1077.87
NEW BALANCE|IN219653,SP-AA4107C9BC,NEW BALANCE,IN219653,New Balance Athletics Logo Men Lifestyle T-Shirt Dream State,39.55,exact_style,1.0,1,same normalized brand and style_code,34.0,34.0,34.0,1,1,1.0,1,0,2026-04-10T14:14:25Z,mikesport,1,1077.87
NEW BALANCE|IN219772,SP-24B46A527F,NEW BALANCE,IN219772,New Balance 1080 Women Running Shoes Black/Phantom,235.95,exact_style,1.0,1,same normalized brand and style_code,202.0,202.0,202.0,1,1,1.0,1,0,2026-04-10T14:14:40Z,mikesport,1,1077.87
NEW BALANCE|IN219784,SP-FEA7F5C6A1,NEW BALANCE,IN219784,New Balance Essential Women Performance Bra Olivine,46.19,exact_style,1.0,1,same normalized brand and style_code,48.0,48.0,48.0,1,1,1.0,1,0,2026-04-10T14:14:38Z,mikesport,1,1077.87
NEW BALANCE|IN219793,SP-E859AD8963,NEW BALANCE,IN219793,New Balance Athletics French Terry Women Lifestyle Pant Linen,73.86,exact_style,1.0,1,same normalized brand and style_code,74.0,74.0,74.0,1,1,1.0,1,0,2026-04-10T14:14:25Z,mikesport,1,1077.87
NEW BALANCE|IN219806,SP-EED5158BD6,NEW BALANCE,IN219806,New Balance 327 Women Lifestyle Shoes Moonbeam/Stone Pink,177.62,exact_style,1.0,1,same normalized brand and style_code,169.0,169.0,169.0,1,0,0.0,1,0,2026-04-10T14:14:40Z,mikesport,1,1077.87
NEW BALANCE|IN219826,SP-FA311BCAB5,NEW BALANCE,IN219826,New Balance Sport Quarter Zip Women Performanc Long Sleeve Black,55.86,exact_style,1.0,1,same normalized brand and style_code,55.0,55.0,55.0,1,0,0.0,1,0,2026-04-10T14:14:18Z,mikesport,1,1077.88
NEW BALANCE|IN219834,SP-8786A633D5,NEW BALANCE,IN219834,New Balance Sport Women Performance Long Sleeve Black,29.34,exact_style,1.0,1,same normalized brand and style_code,27.0,27.0,27.0,1,1,1.0,1,0,2026-04-10T14:14:38Z,mikesport,1,1077.87
NEW BALANCE|IN219845,SP-4C55644A29,NEW BALANCE,IN219845,New Balance Athletics Flower Women Lifestyle T-Shirt Clay Ash,38.91,exact_style,1.0,1,same normalized brand and style_code,38.0,38.0,38.0,1,1,1.0,1,0,2026-04-10T14:14:25Z,mikesport,1,1077.87
NEW BALANCE|IN223598,SP-9E192AAE8B,NEW BALANCE,IN223598,New Balance 1906R Women Lifestyle Shoes Silver Metalic,176.78,exact_style,1.0,1,same normalized brand and style_code,202.0,202.0,202.0,1,1,1.0,1,0,2026-04-10T14:14:30Z,mikesport,1,1077.87
NEW BALANCE|IN226798,SP-B2BF00C26E,NEW BALANCE,IN226798,New Balance 1906R Unisex Lifestyle Shoes Harbor Grey,303.52,exact_style,1.0,1,same normalized brand and style_code,275.0,275.0,275.0,1,0,0.0,1,0,2026-04-10T14:14:19Z,mikesport,1,1077.88
NEW BALANCE|IN226834,SP-BC8BFD0C2A,NEW BALANCE,IN226834,New Balance Athletics Men Performanc T-Shirt Blue Gemstone,33.4,exact_style,1.0,1,same normalized brand and style_code,34.0,34.0,34.0,1,1,1.0,1,0,2026-04-10T14:14:18Z,mikesport,1,1077.88
NEW BALANCE|IN226835,SP-0D038F16ED,NEW BALANCE,IN226835,New Balance Athletics Men Performanc T-Shirt Navy Heather,43.21,exact_style,1.0,1,same normalized brand and style_code,34.0,34.0,34.0,1,1,1.0,1,0,2026-04-10T14:14:25Z,mikesport,1,1077.87
NEW BALANCE|IN226849,SP-8EDF34B77B,NEW BALANCE,IN226849,New Balance Athletics French Terry Logo Men Lifestyle Hoody Black,96.07,exact_style,1.0,1,same normalized brand and style_code,88.0,88.0,88.0,1,1,1.0,1,0,2026-04-10T14:14:18Z,mikesport,1,1077.88
NEW BALANCE|IN226859,SP-9DE0BC17BB,NEW BALANCE,IN226859,New Balance Athletics Graphic Men Performanc T-Shirt Black,48.16,exact_style,1.0,1,same normalized brand and style_code,39.0,39.0,39.0,1,1,1.0,1,0,2026-04-10T14:14:18Z,mikesport,1,1077.88
NEW BALANCE|IN226860,SP-BA949A0923,NEW BALANCE,IN226860,New Balance Athletics Graphic Men Performance T-Shirt Lab Green,25.64,exact_style,1.0,1,same normalized brand and style_code,28.0,28.0,28.0,1,1,1.0,1,0,2026-04-10T14:14:15Z,mikesport,1,1077.88
NEW BALANCE|IN226903,SP-5F9B088137,NEW BALANCE,IN226903,New Balance 327 Ps-Boys Lifestyle Shoes Black/White,82.24,exact_style,1.0,1,same normalized brand and style_code,76.0,76.0,76.0,1,1,1.0,1,0,2026-04-10T14:14:25Z,mikesport,1,1077.87
NEW BALANCE|IN226904,SP-3346E77C8D,NEW BALANCE,IN226904,New Balance 327 Ps-Boys Lifestyle Shoes Silver Birch,79.93,exact_style,1.0,1,same normalized brand and style_code,76.0,76.0,76.0,1,1,1.0,1,0,2026-04-10T14:14:25Z,mikesport,1,1077.87
NEW BALANCE|IN226963,SP-AEB17209EC,NEW BALANCE,IN226963,New Balance Harmony Women Performanc Bra Black,41.75,exact_style,1.0,1,same normalized brand and style_code,38.0,38.0,38.0,1,1,1.0,1,0,2026-04-10T14:14:16Z,mikesport,1,1077.88
NEW BALANCE|IN226965,SP-FCD511BE4F,NEW BALANCE,IN226965,New Balance Essential Yoga Women Performance Bra Black,75.81,exact_style,1.0,1,same normalized brand and style_code,59.0,59.0,59.0,1,0,0.0,1,0,2026-04-10T14:14:18Z,mikesport,1,1077.88
NEW BALANCE|IN226994,SP-FB406DA2F5,NEW BALANCE,IN226994,New Balance 237 Women Lifestyle Shoes Sea Salt,93.08,exact_style,1.0,1,same normalized brand and style_code,102.0,102.0,102.0,1,1,1.0,1,0,2026-04-10T14:14:08Z,mikesport,1,1077.88
NEW BALANCE|IN226998,SP-E8BBCA75D7,NEW BALANCE,IN226998,New Balance Athletics French Terry Women Lifestyle Short Linen,66.43,exact_style,1.0,1,same normalized brand and style_code,55.0,55.0,55.0,1,1,1.0,1,0,2026-04-10T14:14:19Z,mikesport,1,1077.88
NEW BALANCE|IN227021,SP-ABD0B6080A,NEW BALANCE,IN227021,New Balance Athletics Gradient Shoes Women Lifestyle T-Shirt Linen,36.38,exact_style,1.0,1,same normalized brand and style_code,34.0,34.0,34.0,1,1,1.0,1,0,2026-04-10T14:14:16Z,mikesport,1,1077.88
NEW BALANCE|IN232938,SP-928176DAC9,NEW BALANCE,IN232938,New Balance 1440 Men Running Shoes Black,133.65,exact_style,1.0,1,same normalized brand and style_code,109.0,109.0,109.0,1,1,1.0,1,0,2026-04-10T14:14:11Z,mikesport,1,1077.88
NEW BALANCE|IN234674,SP-823EFC5B57,NEW BALANCE,IN234674,New Balance 47 Brrr Trucker Unisex Performance Cap Black,48.16,exact_style,1.0,1,same normalized brand and style_code,39.0,39.0,39.0,1,0,0.0,1,0,2026-04-10T14:14:01Z,mikesport,1,1077.88
NEW BALANCE|IN234677,SP-B79D3FAE0C,NEW BALANCE,IN234677,New Balance 47 Clean Up Canvas 2 Men Lifestyle Cap Linen/Medusa Green,44.55,exact_style,1.0,1,same normalized brand and style_code,39.0,39.0,39.0,1,0,0.0,1,0,2026-04-10T14:13:57Z,mikesport,1,1077.88
NEW BALANCE|IN234702,SP-9AA8578AF3,NEW BALANCE,IN234702,New Balance 47 Clean Up Unisex Lifestyle Cap Black,32.23,exact_style,1.0,1,same normalized brand and style_code,35.0,35.0,35.0,1,0,0.0,1,0,2026-04-10T14:14:01Z,mikesport,1,1077.88
NEW BALANCE|IN234703,SP-5EC0254D0A,NEW BALANCE,IN234703,New Balance 47 Clean Up Women Lifestyle Cap Linen,35.68,exact_style,1.0,1,same normalized brand and style_code,35.0,35.0,35.0,1,0,0.0,1,0,2026-04-10T14:14:01Z,mikesport,1,1077.88
NEW BALANCE|IN234704,SP-A756F33BA2,NEW BALANCE,IN234704,New Balance 47 Clean Up Women Lifestyle Cap Pink Granite,46.46,exact_style,1.0,1,same normalized brand and style_code,35.0,35.0,35.0,1,0,0.0,1,0,2026-04-10T14:14:01Z,mikesport,1,1077.88
NEW BALANCE|IN234705,SP-46B0A2E099,NEW BALANCE,IN234705,New Balance 47 Clean Up Women Lifestyle Cap Grey Matter,41.57,exact_style,1.0,1,same normalized brand and style_code,35.0,35.0,35.0,1,0,0.0,1,0,2026-04-10T14:14:01Z,mikesport,1,1077.88
NEW BALANCE|IN234707,SP-292F8CAAAC,NEW BALANCE,IN234707,New Balance 47 Hitch Men Lifestyle Cap Nb Navy,45.45,exact_style,1.0,1,same normalized brand and style_code,39.0,39.0,39.0,1,0,0.0,1,0,2026-04-10T14:14:01Z,mikesport,1,1077.88
NEW BALANCE|IN234708,SP-A8890E7A65,NEW BALANCE,IN234708,New Balance 47 Hitch Men Lifestyle Cap Team Away Grey,39.64,exact_style,1.0,1,same normalized brand and style_code,39.0,39.0,39.0,1,0,0.0,1,0,2026-04-10T14:14:01Z,mikesport,1,1077.88
NEW BALANCE|IN234715,SP-DB450DEC3B,NEW BALANCE,IN234715,New Balance 1080V15 Men Running Shoes Black,316.67,exact_style,1.0,1,same normalized brand and style_code,275.0,275.0,275.0,1,0,0.0,1,0,2026-04-10T14:14:01Z,mikesport,1,1077.88
NEW BALANCE|IN234716,SP-D066E902D0,NEW BALANCE,IN234716,New Balance 1080V15 Men Running Shoes Afterglow,273.3,exact_style,1.0,1,same normalized brand and style_code,275.0,275.0,275.0,1,0,0.0,1,0,2026-04-10T14:14:01Z,mikesport,1,1077.88
NEW BALANCE|IN234746,SP-C2A32D9C08,NEW BALANCE,IN234746,New Balance Athletics French Terry Men Lifestyle Pant Pumpernickel,115.28,exact_style,1.0,1,same normalized brand and style_code,105.0,105.0,105.0,1,0,0.0,1,0,2026-04-10T14:14:01Z,mikesport,1,1077.88
NEW BALANCE|IN234751,SP-6477693F65,NEW BALANCE,IN234751,New Balance Athletics French Terry Men Lifestyle Pant Black,92.21,exact_style,1.0,1,same normalized brand and style_code,99.0,99.0,99.0,1,0,0.0,1,0,2026-04-10T14:14:01Z,mikesport,1,1077.88
NEW BALANCE|IN234813,SP-AA3A19B5B7,NEW BALANCE,IN234813,New Balance 1000 Women Lifestyle Shoes Silver Metallic,246.43,exact_style,1.0,1,same normalized brand and style_code,229.0,229.0,229.0,1,0,0.0,1,0,2026-04-10T14:14:00Z,mikesport,1,1077.88
NEW BALANCE|IN234835,SP-5142DAE261,NEW BALANCE,IN234835,New Balance 204L Women Lifestyle Shoes Grey,171.06,exact_style,1.0,1,same normalized brand and style_code,169.0,169.0,169.0,1,0,0.0,1,0,2026-04-10T14:14:06Z,mikesport,1,1077.88
NEW BALANCE|IN234837,SP-B2EA9F6428,NEW BALANCE,IN234837,New Balance 327 Men Lifestyle Shoes Tornado,184.98,exact_style,1.0,1,same normalized brand and style_code,169.0,169.0,169.0,1,0,0.0,1,0,2026-04-10T14:14:00Z,mikesport,1,1077.88
NEW BALANCE|IN234838,SP-3B47C73D99,NEW BALANCE,IN234838,New Balance 327 Men Lifestyle Shoes Brown,180.76,exact_style,1.0,1,same normalized brand and style_code,169.0,169.0,169.0,1,0,0.0,1,0,2026-04-10T14:14:00Z,mikesport,1,1077.88
NEW BALANCE|IN234839,SP-112F8642D1,NEW BALANCE,IN234839,New Balance 327 Women Lifestyle Shoes Black,200.68,exact_style,1.0,1,same normalized brand and style_code,185.0,185.0,185.0,1,0,0.0,1,0,2026-04-10T14:14:00Z,mikesport,1,1077.88
NEW BALANCE|IN234881,SP-C80777C682,NEW BALANCE,IN234881,New Balance Essential Train Women Performance Bra Black,76.39,exact_style,1.0,1,same normalized brand and style_code,65.0,65.0,65.0,1,0,0.0,1,0,2026-04-10T14:14:00Z,mikesport,1,1077.88
NEW BALANCE|IN234882,SP-3D39AF9FF6,NEW BALANCE,IN234882,New Balance Essential Yoga Women Performance Bra Medusa Green,63.99,exact_style,1.0,1,same normalized brand and style_code,59.0,59.0,59.0,1,0,0.0,1,0,2026-04-10T14:13:57Z,mikesport,1,1077.88
NEW BALANCE|IN234884,SP-61E130E733,NEW BALANCE,IN234884,New Balance Essential Yoga Women Performance Bra Daybreak,68.1,exact_style,1.0,1,same normalized brand and style_code,59.0,59.0,59.0,1,0,0.0,1,0,2026-04-10T14:14:00Z,mikesport,1,1077.88
NEW BALANCE|IN234886,SP-E20D71253B,NEW BALANCE,IN234886,New Balance 25 Inches Essential High-Rise Women Performance 7/8 Tight Black,72.99,exact_style,1.0,1,same normalized brand and style_code,59.0,59.0,59.0,1,0,0.0,1,0,2026-04-10T14:14:00Z,mikesport,1,1077.88
NEW BALANCE|IN234908,SP-7B8C3CDB88,NEW BALANCE,IN234908,New Balance 327 Women Lifestyle Shoes Black/Sea Salt,183.9,exact_style,1.0,1,same normalized brand and style_code,169.0,169.0,169.0,1,0,0.0,1,0,2026-04-10T14:14:00Z,mikesport,1,1077.88
NEW BALANCE|IN234918,SP-B87306A6F9,NEW BALANCE,IN234918,New Balance Athletics Jersey Women Lifestyle T-Shirt Daybreak,58.59,exact_style,1.0,1,same normalized brand and style_code,49.0,49.0,49.0,1,0,0.0,1,0,2026-04-10T14:14:00Z,mikesport,1,1077.88
NEW BALANCE|IN234925,SP-016FA5F172,NEW BALANCE,IN234925,New Balance Athletic Premium Logo Relaxed Women Lifestyle Sweatshirt Big Teal,77.65,exact_style,1.0,1,same normalized brand and style_code,75.0,75.0,75.0,1,0,0.0,1,0,2026-04-10T14:13:57Z,mikesport,1,1077.88
NEW BALANCE|IN238153,SP-BB4CF55CF1,NEW BALANCE,IN238153,New Balance Athletics Kids-Boys Performanc Short Caviar,39.96,exact_style,1.0,1,same normalized brand and style_code,39.0,39.0,39.0,1,0,0.0,1,0,2026-04-10T14:14:00Z,mikesport,1,1077.88
NEW BALANCE|IN238166,SP-02EF4F091B,NEW BALANCE,IN238166,New Balance Athletics Graffiti Graphic Kids-Girls Lifestyle T-Shirt Caviar/Pink,33.41,exact_style,1.0,1,same normalized brand and style_code,35.0,35.0,35.0,1,0,0.0,1,0,2026-04-10T14:14:00Z,mikesport,1,1077.88
NEW BALANCE|NB9060,SP-B6194DA390,NEW BALANCE,NB9060,Joe Freshgoods x New Balance NB9060,87.68,exact_style,1.0,1,same normalized brand and style_code,80.0,80.0,80.0,1,1,1.0,1,0,2026-04-10T15:12:42Z,shoesworld,1,1076.9
NIKE|IM5019,SP-B39CD90660,NIKE,IM5019,NIKE Vomero Plus IM5019,92.49,exact_style,1.0,1,same normalized brand and style_code,83.0,83.0,83.0,1,0,0.0,1,0,2026-04-10T15:12:50Z,shoesworld,1,1076.9
NIKE|IN160787,SP-B677F147CF,NIKE,IN160787,Nike Air Force 1 07 Women Lifestyle Shoes White,187.87,exact_style,1.0,1,same normalized brand and style_code,207.0,207.0,207.0,1,0,0.0,1,0,2026-04-10T14:14:08Z,mikesport,1,1077.88
NIKE|IN171152,SP-DCBF4E8148,NIKE,IN171152,Nike Air Force 1 07 Men Lifestyle Shoes White/Black,213.98,exact_style,1.0,1,same normalized brand and style_code,207.0,207.0,207.0,1,0,0.0,1,0,2026-04-10T14:14:18Z,mikesport,1,1077.88
NIKE|IN195234,SP-6A8CBD0A6C,NIKE,IN195234,Nike One Girls Training Bra Black/White,35.96,exact_style,1.0,1,same normalized brand and style_code,37.0,37.0,37.0,1,0,0.0,1,0,2026-04-10T14:14:10Z,mikesport,1,1077.88
NIKE|IN199973,SP-DB0AA24C01,NIKE,IN199973,Nike Air Force 1 07 Wb Men Lifestyle Shoes Flax/Gum/Black,169.9,exact_style,1.0,1,same normalized brand and style_code,155.0,155.0,155.0,1,1,1.0,1,0,2026-04-10T14:14:05Z,mikesport,1,1077.88
NIKE|IN203470,SP-88DFC2BCBD,NIKE,IN203470,Nike Club Boys Lifestyle Short Black/White,57.2,exact_style,1.0,1,same normalized brand and style_code,56.0,56.0,56.0,1,0,0.0,1,0,2026-04-10T14:14:34Z,mikesport,1,1077.87
NIKE|IN203565,SP-AC11618B60,NIKE,IN203565,Nike Challenger Men Running Pant Black,121.78,exact_style,1.0,1,same normalized brand and style_code,112.0,112.0,112.0,1,0,0.0,1,0,2026-04-10T14:14:05Z,mikesport,1,1077.88
NIKE|IN204428,SP-2BEE5B126F,NIKE,IN204428,Nike Academy Team L Unisex Training Bags Cases And Luggage Black/White,91.21,exact_style,1.0,1,same normalized brand and style_code,77.0,77.0,77.0,1,0,0.0,1,0,2026-04-10T14:14:37Z,mikesport,1,1077.87
NIKE|IN204429,SP-9D3EC934A6,NIKE,IN204429,Nike Academy Team M Unisex Training Bag Black/White,77.29,exact_style,1.0,1,same normalized brand and style_code,67.0,67.0,67.0,1,0,0.0,1,0,2026-04-10T14:15:04Z,mikesport,1,1077.86
NIKE|IN204430,SP-77A5EF0131,NIKE,IN204430,Nike Academy Team M Unisex Training Bag Navy/Black/White,73.68,exact_style,1.0,1,same normalized brand and style_code,67.0,67.0,67.0,1,0,0.0,1,0,2026-04-10T14:15:04Z,mikesport,1,1077.86
NIKE|IN204651,SP-58C9C3FB4F,NIKE,IN204651,Nike Chill Knit Women Lifestyle T-Shirt Black/Sail,78.63,exact_style,1.0,1,same normalized brand and style_code,80.0,80.0,80.0,1,0,0.0,1,0,2026-04-10T14:15:00Z,mikesport,1,1077.86
NIKE|IN204722,SP-16107603B2,NIKE,IN204722,Nike Challenger Men Running Pant Smoke Grey/Black,126.92,exact_style,1.0,1,same normalized brand and style_code,112.0,112.0,112.0,1,0,0.0,1,0,2026-04-10T14:15:02Z,mikesport,1,1077.86
NIKE|IN205755,SP-0EC65E75A7,NIKE,IN205755,Nike Club Flow Men Lifestyle Short Black/White,44.87,exact_style,1.0,1,same normalized brand and style_code,43.0,43.0,43.0,1,1,1.0,1,0,2026-04-10T14:14:58Z,mikesport,1,1077.86
NIKE|IN209406,SP-5B7283A238,NIKE,IN209406,Nike Alate Curve Aop Women Training Bra Black,44.33,exact_style,1.0,1,same normalized brand and style_code,38.0,38.0,38.0,1,1,1.0,1,0,2026-04-10T14:14:55Z,mikesport,1,1077.87
NIKE|IN211236,SP-F3734633B0,NIKE,IN211236,Nike Indy Light-Support Women Training Bra Black/White,67.99,exact_style,1.0,1,same normalized brand and style_code,56.0,56.0,56.0,1,0,0.0,1,0,2026-04-10T14:14:19Z,mikesport,1,1077.88
NIKE|IN213549,SP-92437D4CE3,NIKE,IN213549,Nike Df Pacer Men Running Long Sleeve Black,86.53,exact_style,1.0,1,same normalized brand and style_code,80.0,80.0,80.0,1,0,0.0,1,0,2026-04-10T14:14:49Z,mikesport,1,1077.87
NIKE|IN217042,SP-6294EFF394,NIKE,IN217042,Nike Element Men Running Long Sleeve Armor Navy/Grey,90.54,exact_style,1.0,1,same normalized brand and style_code,76.0,76.0,76.0,1,1,1.0,1,0,2026-04-10T14:14:41Z,mikesport,1,1077.87
NIKE|IN220655,SP-853172544A,NIKE,IN220655,Nike Club Men Lifestyle Pant Black/White,86.91,exact_style,1.0,1,same normalized brand and style_code,89.0,89.0,89.0,1,0,0.0,1,0,2026-04-10T14:14:37Z,mikesport,1,1077.87
NIKE|IN220664,SP-5BABA5198D,NIKE,IN220664,Nike Club Alumni Men Lifestyle Short Black/White,74.57,exact_style,1.0,1,same normalized brand and style_code,67.0,67.0,67.0,1,0,0.0,1,0,2026-04-10T14:14:32Z,mikesport,1,1077.87
NIKE|IN220714,SP-6186950F73,NIKE,IN220714,Nike Club Men Lifestyle Pant Black/White,98.0,exact_style,1.0,1,same normalized brand and style_code,89.0,89.0,89.0,1,0,0.0,1,0,2026-04-10T14:14:37Z,mikesport,1,1077.87
NIKE|IN221359,SP-A4A12CC268,NIKE,IN221359,Nike Club French Terry Men Lifestyle Hoody Black/White,113.01,exact_style,1.0,1,same normalized brand and style_code,112.0,112.0,112.0,1,0,0.0,1,0,2026-04-10T14:14:37Z,mikesport,1,1077.87
NIKE|IN222361,SP-95F89E6174,NIKE,IN222361,Nike Academy Team S Unisex Training Bags Cases And Luggage Black/White,68.03,exact_style,1.0,1,same normalized brand and style_code,59.0,59.0,59.0,1,0,0.0,1,0,2026-04-10T14:14:37Z,mikesport,1,1077.87
NIKE|IN222373,SP-5D4B96E09C,NIKE,IN222373,Nike Air Jordan 1 Men Lifestyle Sneakers Black/White/Red,160.62,exact_style,1.0,1,same normalized brand and style_code,159.0,159.0,159.0,1,1,1.0,1,0,2026-04-10T14:14:35Z,mikesport,1,1077.87
NIKE|IN222434,SP-A39D32F242,NIKE,IN222434,Nike Club Men Lifestyle Hoody Black,66.7,exact_style,1.0,1,same normalized brand and style_code,69.0,69.0,69.0,1,1,1.0,1,0,2026-04-10T14:14:33Z,mikesport,1,1077.87
NIKE|IN222447,SP-75B1A246DD,NIKE,IN222447,Nike Club French Terry Alumni Men Lifestyle Short Grey/White,75.99,exact_style,1.0,1,same normalized brand and style_code,67.0,67.0,67.0,1,0,0.0,1,0,2026-04-10T14:14:19Z,mikesport,1,1077.88
NIKE|IN222488,SP-75279CED6C,NIKE,IN222488,Nike Air Force Men Lifestyle Shoes Summit White,183.95,exact_style,1.0,1,same normalized brand and style_code,148.0,148.0,148.0,1,1,1.0,1,0,2026-04-10T14:14:32Z,mikesport,1,1077.87
NIKE|IN226441,SP-A544BF76A8,NIKE,IN226441,Nike One Keyhole Women Training Bra Black,47.12,exact_style,1.0,1,same normalized brand and style_code,47.0,47.0,47.0,1,1,1.0,1,0,2026-04-10T14:14:24Z,mikesport,1,1077.87
NIKE|IN227178,SP-672C269E79,NIKE,IN227178,Nike Air Force 1 07 Next Nature Women Lifestyle Shoes White/Silver,137.11,exact_style,1.0,1,same normalized brand and style_code,155.0,155.0,155.0,1,1,1.0,1,0,2026-04-10T14:14:05Z,mikesport,1,1077.88
NIKE|IN227223,SP-C11BA696DF,NIKE,IN227223,Nike Club Men Lifestyle Pant Black/White,63.57,exact_style,1.0,1,same normalized brand and style_code,66.0,66.0,66.0,1,1,1.0,1,0,2026-04-10T14:14:15Z,mikesport,1,1077.88
NIKE|IN227224,SP-678BBA12C3,NIKE,IN227224,Nike Club French Terry Men Lifestyle Hoody Blue/White,64.8,exact_style,1.0,1,same normalized brand and style_code,69.0,69.0,69.0,1,1,1.0,1,0,2026-04-10T14:14:11Z,mikesport,1,1077.88
NIKE|IN227227,SP-6BB19DF665,NIKE,IN227227,Nike Club Men Lifestyle Long Sleeve Black/White,66.75,exact_style,1.0,1,same normalized brand and style_code,63.0,63.0,63.0,1,1,1.0,1,0,2026-04-10T14:14:18Z,mikesport,1,1077.88
NIKE|IN227297,SP-F7FAFB8DB4,NIKE,IN227297,Nike Club Men Lifestyle Hoody Black/White,79.57,exact_style,1.0,1,same normalized brand and style_code,74.0,74.0,74.0,1,1,1.0,1,0,2026-04-10T14:14:11Z,mikesport,1,1077.88
NIKE|IN230183,SP-A766A3D4CB,NIKE,IN230183,Nike Air Force 1 Gs-Girls Lifestyle Shoes White/Pink,118.21,exact_style,1.0,1,same normalized brand and style_code,114.0,114.0,114.0,1,1,1.0,1,0,2026-04-10T14:14:19Z,mikesport,1,1077.88
NIKE|IN230243,SP-4068E7483B,NIKE,IN230243,Nike Club French Terry Pullover Men Lifestyle Hoody Ghost/White,74.31,exact_style,1.0,1,same normalized brand and style_code,69.0,69.0,69.0,1,1,1.0,1,0,2026-04-10T14:14:19Z,mikesport,1,1077.88
NIKE|IN230333,SP-B7486CDFB2,NIKE,IN230333,Nike One Light-Support Padded Women Training Bra Pink/Canyon Rust,51.47,exact_style,1.0,1,same normalized brand and style_code,47.0,47.0,47.0,1,1,1.0,1,0,2026-04-10T14:14:19Z,mikesport,1,1077.88
NIKE|IN230334,SP-B49F9A44F0,NIKE,IN230334,Nike Air Jordan 1 Low Se Women Lifestyle Shoes Anthracite,157.87,exact_style,1.0,1,same normalized brand and style_code,159.0,159.0,159.0,1,1,1.0,1,0,2026-04-10T14:14:14Z,mikesport,1,1077.88
NIKE|IN230459,SP-3E61C2F87F,NIKE,IN230459,Nike Air Max Pk Full-Zip Men Lifestyle Hoody Blue/Black,101.84,exact_style,1.0,1,same normalized brand and style_code,100.0,100.0,100.0,1,1,1.0,1,0,2026-04-10T14:14:14Z,mikesport,1,1077.88
NIKE|IN230472,SP-882C75963E,NIKE,IN230472,Nike Air Force 1 07 Women Lifestyle Shoes Summit White,135.55,exact_style,1.0,1,same normalized brand and style_code,148.0,148.0,148.0,1,1,1.0,1,0,2026-04-10T14:14:18Z,mikesport,1,1077.88
NIKE|IN232091,SP-76A23C6634,NIKE,IN232091,Nike Air Jordan 1 Low Men Lifestyle Shoes Black/White,162.74,exact_style,1.0,1,same normalized brand and style_code,169.0,169.0,169.0,1,1,1.0,1,0,2026-04-10T14:14:05Z,mikesport,1,1077.88
NIKE|IN232094,SP-8F8A2E507A,NIKE,IN232094,Nike Air Jordan 1 Low Women Lifestyle Shoes Mystic Hibiscus,193.14,exact_style,1.0,1,same normalized brand and style_code,169.0,169.0,169.0,1,1,1.0,1,0,2026-04-10T14:14:05Z,mikesport,1,1077.88
NIKE|IN232104,SP-A4B321429E,NIKE,IN232104,Nike Air Force 1 07 Lv8 Men Lifestyle Shoes Black/Wolf Grey,160.86,exact_style,1.0,1,same normalized brand and style_code,155.0,155.0,155.0,1,1,1.0,1,0,2026-04-10T14:14:05Z,mikesport,1,1077.88
NIKE|IN232276,SP-8DEF4856DC,NIKE,IN232276,Nike Air Jordan 1 Men Lifestyle Shoes Sail/Blue/Lava/White,188.91,exact_style,1.0,1,same normalized brand and style_code,169.0,169.0,169.0,1,1,1.0,1,0,2026-04-10T14:14:05Z,mikesport,1,1077.88
NIKE|IN232277,SP-754C50418D,NIKE,IN232277,Nike Air Force 1 07 Wb Men Lifestyle Shoes Wolf Grey/Black,179.91,exact_style,1.0,1,same normalized brand and style_code,155.0,155.0,155.0,1,1,1.0,1,0,2026-04-10T14:14:05Z,mikesport,1,1077.88
NIKE|IN232278,SP-DC2D1E2F28,NIKE,IN232278,Nike Air Force 1 07 Gtx Men Lifestyle Shoes Fauna Brown/Black,189.35,exact_style,1.0,1,same normalized brand and style_code,194.0,194.0,194.0,1,1,1.0,1,0,2026-04-10T14:14:05Z,mikesport,1,1077.88
NIKE|IN232283,SP-71B70A7334,NIKE,IN232283,Nike Air Fleece Boys Lifestyle Pant Black/White,78.44,exact_style,1.0,1,same normalized brand and style_code,72.0,72.0,72.0,1,1,1.0,1,0,2026-04-10T14:14:05Z,mikesport,1,1077.88
NIKE|IN232284,SP-FD095E04D0,NIKE,IN232284,Nike Air Boys Lifestyle Pant Seaweed/Black/White,79.43,exact_style,1.0,1,same normalized brand and style_code,72.0,72.0,72.0,1,1,1.0,1,0,2026-04-10T14:14:05Z,mikesport,1,1077.88
NIKE|IN232285,SP-4D19290060,NIKE,IN232285,Nike Air Fleece Boys Lifestyle Hoody Black/White,80.61,exact_style,1.0,1,same normalized brand and style_code,72.0,72.0,72.0,1,1,1.0,1,0,2026-04-10T14:14:07Z,mikesport,1,1077.88
NIKE|IN232335,SP-F32E6859B7,NIKE,IN232335,Nike Air Force 1 07 Vintage Women Lifestyle Shoes Burgundy/Silvr/White,189.44,exact_style,1.0,1,same normalized brand and style_code,169.0,169.0,169.0,1,1,1.0,1,0,2026-04-10T14:14:05Z,mikesport,1,1077.88
NIKE|IN232337,SP-74302C346B,NIKE,IN232337,Nike Air Force 1 '07 Women Lifestyle Shoes Burgundy Crush,184.18,exact_style,1.0,1,same normalized brand and style_code,169.0,169.0,169.0,1,1,1.0,1,0,2026-04-10T14:14:07Z,mikesport,1,1077.88
NIKE|IN232348,SP-C3739F5327,NIKE,IN232348,Nike Air Men Lifestyle Pant Black/White,143.44,exact_style,1.0,1,same normalized brand and style_code,143.0,143.0,143.0,1,1,1.0,1,0,2026-04-10T14:14:07Z,mikesport,1,1077.88
NIKE|IN232383,SP-DBF6B755DC,NIKE,IN232383,Nike One Women Training Bra Black/White,58.66,exact_style,1.0,1,same normalized brand and style_code,54.0,54.0,54.0,1,1,1.0,1,0,2026-04-10T14:14:05Z,mikesport,1,1077.88
NIKE|IN233573,SP-F94AB5A280,NIKE,IN233573,Nike 22 Oz Big Mouth 2.0 Unisex Training Bottle Clear/Black,8.83,exact_style,1.0,1,same normalized brand and style_code,8.0,8.0,8.0,1,1,1.0,1,0,2026-04-10T14:14:11Z,mikesport,1,1077.88
NIKE|IN235315,SP-7286ED76D8,NIKE,IN235315,Nike Air Jordan 1 Low Men Lifestyle Shoes Gym Red/White/Black,216.35,exact_style,1.0,1,same normalized brand and style_code,225.0,225.0,225.0,1,0,0.0,1,0,2026-04-10T14:13:59Z,mikesport,1,1077.88
NIKE|IN235324,SP-A09457D613,NIKE,IN235324,Nike Air Force 1 '07 Next Nature Women Lifestyle Shoes White/Linen,205.13,exact_style,1.0,1,same normalized brand and style_code,207.0,207.0,207.0,1,0,0.0,1,0,2026-04-10T14:13:59Z,mikesport,1,1077.88
NIKE|IN235361,SP-B656BCF67E,NIKE,IN235361,Nike Club Alumni French Terry Men Lifestyle Short Blue/White,63.16,exact_style,1.0,1,same normalized brand and style_code,72.0,72.0,72.0,1,0,0.0,1,0,2026-04-10T14:13:59Z,mikesport,1,1077.88
NIKE|IN235390,SP-2F91D09AA8,NIKE,IN235390,Nike (20L) Girls Lifestyle Backpack Light Magenta,68.28,exact_style,1.0,1,same normalized brand and style_code,61.0,61.0,61.0,1,0,0.0,1,0,2026-04-10T14:13:59Z,mikesport,1,1077.88
NIKE|IN237212,SP-20E0FF4DDC,NIKE,IN237212,Nike Air Jordan 1 Low Gs-Girls Lifestyle Shoes Black/White/Pink,191.59,exact_style,1.0,1,same normalized brand and style_code,164.0,164.0,164.0,1,0,0.0,1,0,2026-04-10T14:13:59Z,mikesport,1,1077.88
NIKE|IN237220,SP-E923EE9DF9,NIKE,IN237220,Nike Academy Team Unisex Football Bag Navy/Black/White,54.73,exact_style,1.0,1,same normalized brand and style_code,59.0,59.0,59.0,1,0,0.0,1,0,2026-04-10T14:13:59Z,mikesport,1,1077.88
NIKE|IN237225,SP-EF3A3CE8FD,NIKE,IN237225,Nike Air Force 1 Le Gs-Boys Lifestyle Shoes Black,204.55,exact_style,1.0,1,same normalized brand and style_code,174.0,174.0,174.0,1,0,0.0,1,0,2026-04-10T14:13:58Z,mikesport,1,1077.88
NIKE|IN237263,SP-EC9AF8E301,NIKE,IN237263,Nike Club French Terry Men Lifestyle Pant Grey/White,87.68,exact_style,1.0,1,same normalized brand and style_code,89.0,89.0,89.0,1,0,0.0,1,0,2026-04-10T14:13:59Z,mikesport,1,1077.88
NIKE|IN237307,SP-E70F8AC18A,NIKE,IN237307,Nike (20L) Boys Lifestyle Backpack Black/Orange/White,74.2,exact_style,1.0,1,same normalized brand and style_code,61.0,61.0,61.0,1,0,0.0,1,0,2026-04-10T14:13:58Z,mikesport,1,1077.88
NIKE|IN237320,SP-14615F55C9,NIKE,IN237320,Nike Club French Terry Open Hem Men Lifestyle Pant Grey/White,90.93,exact_style,1.0,1,same normalized brand and style_code,89.0,89.0,89.0,1,0,0.0,1,0,2026-04-10T14:13:59Z,mikesport,1,1077.88
NIKE|IN237333,SP-6F021B8DA6,NIKE,IN237333,Nike Challenger Winterized 12.5Cm Men Running Short Pure Platinum,81.01,exact_style,1.0,1,same normalized brand and style_code,80.0,80.0,80.0,1,0,0.0,1,0,2026-04-10T14:13:58Z,mikesport,1,1077.88
NIKE|IN237334,SP-5C52EEBFCD,NIKE,IN237334,Nike Challenger Winterized 12.5Cm Men Running Short Blue,71.84,exact_style,1.0,1,same normalized brand and style_code,80.0,80.0,80.0,1,0,0.0,1,0,2026-04-10T14:13:58Z,mikesport,1,1077.88
NIKE|IN237338,SP-23392C79BE,NIKE,IN237338,Nike Air Force 1 '07 Women Lifestyle Shoes Midnight Navy/Black,246.76,exact_style,1.0,1,same normalized brand and style_code,225.0,225.0,225.0,1,0,0.0,1,0,2026-04-10T14:13:58Z,mikesport,1,1077.88
NIKE|IN237354,SP-5B19015206,NIKE,IN237354,Nike Air Force 1 07 Premium Flowers Women Lifestyle Shoes Black/White/Gold,217.81,exact_style,1.0,1,same normalized brand and style_code,225.0,225.0,225.0,1,0,0.0,1,0,2026-04-10T14:13:59Z,mikesport,1,1077.88
NIKE|IN237500,SP-7637E3C2FF,NIKE,IN237500,Nike Fitted Women Training Long Sleeve Black,65.65,exact_style,1.0,1,same normalized brand and style_code,72.0,72.0,72.0,1,0,0.0,1,0,2026-04-10T14:13:58Z,mikesport,1,1077.88
NIKE|IN237517,SP-7DAC8BE0F9,NIKE,IN237517,Nike Air Force 1 07 Lv8 Men Lifestyle Shoes Anthracite/Grey,273.82,exact_style,1.0,1,same normalized brand and style_code,225.0,225.0,225.0,1,0,0.0,1,0,2026-04-10T14:13:58Z,mikesport,1,1077.88
NIKE|IN238476,SP-87CD96F6B8,NIKE,IN238476,Nike Brand Energy Infant-Boys Lifestyle Set Black,44.2,exact_style,1.0,1,same normalized brand and style_code,41.0,41.0,41.0,1,0,0.0,1,0,2026-04-10T14:14:00Z,mikesport,1,1077.88
NIKE|IN239482,SP-AADCC2E724,NIKE,IN239482,Nike Flex Classic 6 Packs Unisex Training Band Multicolor,12.14,exact_style,1.0,1,same normalized brand and style_code,14.0,14.0,14.0,1,0,0.0,1,0,2026-04-10T14:13:55Z,mikesport,1,1077.88
New Balance|NAME:NEW BALANCE FRESH FOAM X TRAIL MORE V3 BLACK/PINK/YELLOW WOMEN'S TRAIL SHOES,SP-7DFB8328BE,NEW BALANCE,,New Balance Fresh Foam X Trail More v3 Black/Pink/Yellow Women's Trail Shoes,79.67,same_model_family,0.98,1,same brand/category/gender with 1.00 name overlap,85.0,85.0,85.0,1,1,1.0,1,0,2026-04-10T15:12:49Z,shoesworld,1,1076.9
ON|1ME10031756,SP-2732E00DB0,ON,1ME10031756,1Me10031756 Club Hoodie Crater,147.23,exact_style,1.0,1,same normalized brand and style_code,159.0,159.0,159.0,1,0,0.0,1,0,2026-04-10T14:14:02Z,mikesport,1,1077.88
ON|IN202591,SP-C7D5ADC445,ON,IN202591,On Climate 2 Men Running Long Sleeve Black,154.12,exact_style,1.0,1,same normalized brand and style_code,145.0,145.0,145.0,1,0,0.0,1,0,2026-04-10T14:14:50Z,mikesport,1,1077.87
ON|IN205159,SP-402F2C3335,ON,IN205159,On Climate Men Running Hoody Black,174.03,exact_style,1.0,1,same normalized brand and style_code,159.0,159.0,159.0,1,0,0.0,1,0,2026-04-10T14:14:51Z,mikesport,1,1077.87
ON|IN205174,SP-48868D2AA6,ON,IN205174,On Climate Women Running Hoody Black,141.86,exact_style,1.0,1,same normalized brand and style_code,159.0,159.0,159.0,1,0,0.0,1,0,2026-04-10T14:14:51Z,mikesport,1,1077.87
ON|IN213151,SP-06A4E41C88,ON,IN213151,On Climate Men Running Hoody Denim,142.95,exact_style,1.0,1,same normalized brand and style_code,111.0,111.0,111.0,1,1,1.0,1,0,2026-04-10T14:14:51Z,mikesport,1,1077.87
ON|IN213158,SP-5368149B74,ON,IN213158,On Climate 2 Women Running Long Sleeve Black,140.53,exact_style,1.0,1,same normalized brand and style_code,145.0,145.0,145.0,1,0,0.0,1,0,2026-04-10T14:14:51Z,mikesport,1,1077.87
ON|IN218628,SP-5EEE00AE58,ON,IN218628,On Studio Women Training Bra Black,94.01,exact_style,1.0,1,same normalized brand and style_code,75.0,75.0,75.0,1,0,0.0,1,0,2026-04-10T14:14:41Z,mikesport,1,1077.87
ON|IN218636,SP-09354499DD,ON,IN218636,On Boxy Club Women Lifestyle T-Shirt White,73.65,exact_style,1.0,1,same normalized brand and style_code,65.0,65.0,65.0,1,0,0.0,1,0,2026-04-10T14:14:28Z,mikesport,1,1077.87
ON|IN219864,SP-98266B6693,ON,IN219864,On All-Day Joggers Men Lifestyle Pant Black,187.81,exact_style,1.0,1,same normalized brand and style_code,179.0,179.0,179.0,1,0,0.0,1,0,2026-04-10T14:14:26Z,mikesport,1,1077.87
ON|IN224959,SP-FAEA6F848F,ON,IN224959,On Club Boxy Women Lifestyle T-Shirt Black,73.83,exact_style,1.0,1,same normalized brand and style_code,65.0,65.0,65.0,1,0,0.0,1,0,2026-04-10T14:14:28Z,mikesport,1,1077.87
ON|IN226210,SP-BF5626A1D8,ON,IN226210,"On 5""Core Men Running Short Black",66.21,exact_style,1.0,1,same normalized brand and style_code,75.0,75.0,75.0,1,0,0.0,1,0,2026-04-10T14:14:26Z,mikesport,1,1077.87
ON|IN226216,SP-33D4752389,ON,IN226216,"On 5"" Performance Men Running Short Black",96.65,exact_style,1.0,1,same normalized brand and style_code,99.0,99.0,99.0,1,0,0.0,1,0,2026-04-10T14:14:26Z,mikesport,1,1077.87
ON|IN226223,SP-D38DD30CF0,ON,IN226223,"On 5"" Performance Women Running Short Black",91.76,exact_style,1.0,1,same normalized brand and style_code,99.0,99.0,99.0,1,0,0.0,1,0,2026-04-10T14:14:26Z,mikesport,1,1077.87
ON|IN227404,SP-B461EE0286,ON,IN227404,On Cloudboom Max 1 Men Running Shoes White/Black,359.24,exact_style,1.0,1,same normalized brand and style_code,279.0,279.0,279.0,1,0,0.0,1,0,2026-04-10T14:14:20Z,mikesport,1,1077.88
ON|IN227416,SP-64DAAC38A4,ON,IN227416,On Cloudboom Max 1 Women Running Shoes Honeydrew/Lilac,273.77,exact_style,1.0,1,same normalized brand and style_code,223.0,223.0,223.0,1,1,1.0,1,0,2026-04-10T14:14:20Z,mikesport,1,1077.88
ON|IN233209,SP-4F416D339A,ON,IN233209,On Club Collective Men Lifestyle T-Shirt White,85.57,exact_style,1.0,1,same normalized brand and style_code,79.0,79.0,79.0,1,0,0.0,1,0,2026-04-10T14:14:01Z,mikesport,1,1077.88
ON|IN233210,SP-90BB09D2CD,ON,IN233210,On Club Collective Men Lifestyle T-Shirt Black,70.68,exact_style,1.0,1,same normalized brand and style_code,79.0,79.0,79.0,1,0,0.0,1,0,2026-04-10T14:14:01Z,mikesport,1,1077.88
ON|IN233212,SP-6094574FE4,ON,IN233212,On Club Collective 1/4 Zip Men Lifestyle Long Sleeve Ore,152.03,exact_style,1.0,1,same normalized brand and style_code,159.0,159.0,159.0,1,0,0.0,1,0,2026-04-10T14:14:01Z,mikesport,1,1077.88
ON|IN233213,SP-834156AAD3,ON,IN233213,On Club Collective Men Lifestyle Pant Black,155.32,exact_style,1.0,1,same normalized brand and style_code,145.0,145.0,145.0,1,0,0.0,1,0,2026-04-10T14:14:04Z,mikesport,1,1077.88
ON|IN233369,SP-EA820C1A13,ON,IN233369,ON Trail-T Men Trail Running Shirt Desert,73.91,exact_style,1.0,1,same normalized brand and style_code,75.0,75.0,75.0,1,0,0.0,1,0,2026-04-10T14:13:55Z,mikesport,1,1077.88
ON|IN233371,SP-805D3F1EDC,ON,IN233371,ON Men Trail-T Running Tee Reef,76.84,exact_style,1.0,1,same normalized brand and style_code,75.0,75.0,75.0,1,0,0.0,1,0,2026-04-10T14:13:55Z,mikesport,1,1077.88
ON|IN233376,SP-9109C66E8F,ON,IN233376,On 5 Inch Core Men Running Short Midnight,74.98,exact_style,1.0,1,same normalized brand and style_code,75.0,75.0,75.0,1,0,0.0,1,0,2026-04-10T14:14:05Z,mikesport,1,1077.88
ON|IN233381,SP-B7A8557FF6,ON,IN233381,On 7 Inch Core Men Running Short Desert,73.29,exact_style,1.0,1,same normalized brand and style_code,75.0,75.0,75.0,1,0,0.0,1,0,2026-04-10T14:14:05Z,mikesport,1,1077.88
ON|IN233395,SP-B7529301C1,ON,IN233395,On 7 Inch Court Tennis 7 Inch White,109.72,exact_style,1.0,1,same normalized brand and style_code,99.0,99.0,99.0,1,0,0.0,1,0,2026-04-10T14:13:58Z,mikesport,1,1077.88
ON|IN233396,SP-DF88997BEE,ON,IN233396,On 7 Inch Court Tennis 7 Inch Tide,103.04,exact_style,1.0,1,same normalized brand and style_code,99.0,99.0,99.0,1,0,0.0,1,0,2026-04-10T14:13:58Z,mikesport,1,1077.88
ON|IN233409,SP-06A343CFF5,ON,IN233409,On Endurance Women Running Bra Heron,124.97,exact_style,1.0,1,same normalized brand and style_code,105.0,105.0,105.0,1,0,0.0,1,0,2026-04-10T14:14:01Z,mikesport,1,1077.88
ON|IN233410,SP-FC59B5B023,ON,IN233410,On Endurance Women Running Bra Iceberg,109.02,exact_style,1.0,1,same normalized brand and style_code,105.0,105.0,105.0,1,0,0.0,1,0,2026-04-10T14:14:04Z,mikesport,1,1077.88
ON|IN233413,SP-57AE88CE7F,ON,IN233413,On Climate Full Zip Women Running Hoody White,164.93,exact_style,1.0,1,same normalized brand and style_code,159.0,159.0,159.0,1,0,0.0,1,0,2026-04-10T14:14:05Z,mikesport,1,1077.88
ON|IN233416,SP-8EE0491D9F,ON,IN233416,On Climate Women Running Long Sleeve Iceberg,155.45,exact_style,1.0,1,same normalized brand and style_code,145.0,145.0,145.0,1,0,0.0,1,0,2026-04-10T14:14:04Z,mikesport,1,1077.88
ON|IN233425,SP-5643A090B0,ON,IN233425,On 3 Inch Core Women Running Short Black,78.78,exact_style,1.0,1,same normalized brand and style_code,75.0,75.0,75.0,1,0,0.0,1,0,2026-04-10T14:14:05Z,mikesport,1,1077.88
ON|IN233426,SP-D0A64208B9,ON,IN233426,On 3 Inch Core Women Running Short Heron,78.49,exact_style,1.0,1,same normalized brand and style_code,75.0,75.0,75.0,1,0,0.0,1,0,2026-04-10T14:14:01Z,mikesport,1,1077.88
ON|IN233432,SP-2D1656C34E,ON,IN233432,On Studio Women Training Bra Heron,78.84,exact_style,1.0,1,same normalized brand and style_code,75.0,75.0,75.0,1,0,0.0,1,0,2026-04-10T14:14:01Z,mikesport,1,1077.88
ON|IN233433,SP-238EEC1D13,ON,IN233433,On Studio Crop Top Women Training Long Sleeve Heron,80.74,exact_style,1.0,1,same normalized brand and style_code,75.0,75.0,75.0,1,0,0.0,1,0,2026-04-10T14:14:01Z,mikesport,1,1077.88
ON|IN233446,SP-63A3151A45,ON,IN233446,On 30 Inch Studio Flared Women Training Tight Black,170.04,exact_style,1.0,1,same normalized brand and style_code,145.0,145.0,145.0,1,0,0.0,1,0,2026-04-10T14:14:05Z,mikesport,1,1077.88
ON|IN233447,SP-20A699F44B,ON,IN233447,On 3 Inch Performance Women Running Short Black,92.74,exact_style,1.0,1,same normalized brand and style_code,85.0,85.0,85.0,1,0,0.0,1,0,2026-04-10T14:14:04Z,mikesport,1,1077.88
ON|IN233448,SP-A5BA957315,ON,IN233448,On 3 Inch Performance Women Running Short Sailor,97.0,exact_style,1.0,1,same normalized brand and style_code,85.0,85.0,85.0,1,0,0.0,1,0,2026-04-10T14:14:04Z,mikesport,1,1077.88
ON|IN233451,SP-6B6DD9AB71,ON,IN233451,On Performance Women Running Bra White,97.9,exact_style,1.0,1,same normalized brand and style_code,89.0,89.0,89.0,1,0,0.0,1,0,2026-04-10T14:14:04Z,mikesport,1,1077.88
ON|IN233452,SP-1AB356CEBD,ON,IN233452,On Performance Women Running Bra Black,86.19,exact_style,1.0,1,same normalized brand and style_code,89.0,89.0,89.0,1,0,0.0,1,0,2026-04-10T14:14:04Z,mikesport,1,1077.88
ON|IN233453,SP-F0B4D9EAF5,ON,IN233453,ON Sports Performance Women Running Bra Women Gourami,97.32,exact_style,1.0,1,same normalized brand and style_code,89.0,89.0,89.0,1,0,0.0,1,0,2026-04-10T14:13:55Z,mikesport,1,1077.88
ON|IN233454,SP-946B9D03B0,ON,IN233454,On 3 Inch Court 2 In 1 Women Tennis Short White,91.49,exact_style,1.0,1,same normalized brand and style_code,99.0,99.0,99.0,1,0,0.0,1,0,2026-04-10T14:14:00Z,mikesport,1,1077.88
ON|IN233463,SP-B508115FF9,ON,IN233463,On Studio 7/8 Training High Waist Plain Mineral,164.2,exact_style,1.0,1,same normalized brand and style_code,145.0,145.0,145.0,1,0,0.0,1,0,2026-04-10T14:13:58Z,mikesport,1,1077.88
ON|IN233464,SP-CA2B45C970,ON,IN233464,On Studio 7/8 Women Training 7/8 Tight Navy,164.9,exact_style,1.0,1,same normalized brand and style_code,145.0,145.0,145.0,1,0,0.0,1,0,2026-04-10T14:14:01Z,mikesport,1,1077.88
ON|IN233465,SP-966ED5B129,ON,IN233465,On Studio High Waist Women Training 7/8 Tight Black,143.48,exact_style,1.0,1,same normalized brand and style_code,145.0,145.0,145.0,1,0,0.0,1,0,2026-04-10T14:14:04Z,mikesport,1,1077.88
ON|IN233478,SP-A2AD690C12,ON,IN233478,On All Day Unisex Lifestyle Cap Navy,67.94,exact_style,1.0,1,same normalized brand and style_code,59.0,59.0,59.0,1,0,0.0,1,0,2026-04-10T14:14:01Z,mikesport,1,1077.88
ON|IN233479,SP-7743651252,ON,IN233479,On All Day Unisex Lifestyle Cap Black,65.87,exact_style,1.0,1,same normalized brand and style_code,59.0,59.0,59.0,1,0,0.0,1,0,2026-04-10T14:14:01Z,mikesport,1,1077.88
ON|IN233480,SP-F1BA32F84D,ON,IN233480,On All Day Unisex Lifestyle Cap Ivory,61.83,exact_style,1.0,1,same normalized brand and style_code,59.0,59.0,59.0,1,0,0.0,1,0,2026-04-10T14:14:01Z,mikesport,1,1077.88
PUMA|BF2023,SP-229CAF275F,PUMA,BF2023,DARE TO Leggings Sportstyle/Prime Women,14.1,exact_style,1.0,2,same normalized brand and style_code,5.0,12.5,20.0,1,1,1.0,1,0,2026-04-10T14:22:53Z,tchooz,1,1077.73
Puma|NAME:ACTIVE SPORTS GRAPHIC TEE II BOYS,SP-24A89F1A48,PUMA,,ACTIVE SPORTS Graphic Tee II Boys,12.75,same_model_family,0.9396,1,same brand/category/gender with 1.00 name overlap,10.0,10.0,10.0,1,1,1.0,1,0,2026-04-10T14:22:53Z,tchooz,1,1077.73
Puma|NAME:CATS CLUB TEE PS BOYS,SP-7EBCBD2E4F,PUMA,,CATS CLUB Tee PS Boys,10.96,same_model_family,0.9755,1,same brand/category/gender with 1.00 name overlap,10.0,10.0,10.0,1,1,1.0,1,0,2026-04-10T14:22:54Z,tchooz,1,1077.73
Puma|NAME:FEED YOUR PUMA BACKPACK PRIME GIRLS,SP-176380B593,PUMA,,FEED YOUR PUMA Backpack PRIME Girls,69.44,same_model_family,0.9619,1,same brand/category/gender with 1.00 name overlap,60.0,60.0,60.0,1,0,0.0,1,0,2026-04-10T14:22:54Z,tchooz,1,1077.73
Puma|NAME:FEED YOUR PUMA BACKPACK PRIME KIDS,SP-9358D6C153,PUMA,,FEED YOUR PUMA Backpack PRIME Kids,60.45,same_model_family,0.98,1,same brand/category/gender with 1.00 name overlap,60.0,60.0,60.0,1,0,0.0,1,0,2026-04-10T14:22:54Z,tchooz,1,1077.73
THE NORTH FACE|IN176210,SP-71A50D913C,THE NORTH FACE,IN176210,The North Face Base Camp Travel Canister L Unisex Hiking Case Summit Gold/Black,26.25,exact_style,1.0,1,same normalized brand and style_code,25.0,25.0,25.0,1,1,1.0,1,0,2026-04-10T14:14:29Z,mikesport,1,1077.87
THE NORTH FACE|IN200628,SP-C394BB70B8,THE NORTH FACE,IN200628,The North Face Base Unisex Lifestyle Band Black,18.81,exact_style,1.0,1,same normalized brand and style_code,20.0,20.0,20.0,1,1,1.0,1,0,2026-04-10T14:14:44Z,mikesport,1,1077.87
THE NORTH FACE|IN214605,SP-E668E236D6,THE NORTH FACE,IN214605,The North Face Box Nse Men Lifestyle Long Sleeve Black/White,39.86,exact_style,1.0,1,same normalized brand and style_code,38.0,38.0,38.0,1,1,1.0,1,0,2026-04-10T14:14:16Z,mikesport,1,1077.88
THE NORTH FACE|IN216414,SP-8DB0F3B215,THE NORTH FACE,IN216414,The North Face Easy Kids Lifestyle Long Sleeve White,24.79,exact_style,1.0,1,same normalized brand and style_code,25.0,25.0,25.0,1,1,1.0,1,0,2026-04-10T14:14:16Z,mikesport,1,1077.88
THE NORTH FACE|IN229217,SP-A670A1698B,THE NORTH FACE,IN229217,The North Face Baby 1996 Retro Nuptse One Piece Boys Hiking Suit Tnf Black,196.39,exact_style,1.0,1,same normalized brand and style_code,168.0,168.0,168.0,1,1,1.0,1,0,2026-04-10T14:14:09Z,mikesport,1,1077.88
TOPTEN ACCESSORIES|IN208899,SP-46BE11CF40,TOPTEN ACCESSORIES,IN208899,Topten Accessories The Ultimate Soccer Backpack Unisex Back To School Bag Blue/White,14.56,exact_style,1.0,1,same normalized brand and style_code,14.0,14.0,14.0,1,1,1.0,1,0,2026-04-10T14:14:51Z,mikesport,1,1077.87
The North Face|NAME:THE NORTH FACE GLENCLYFFE URBAN BOOTS IN A WHITE DUNE/TNF BLACK COLORWAY,SP-2A3C5C0C82,THE NORTH FACE,,The North Face Glenclyffe Urban Boots in a white dune/tnf black colorway,82.74,same_model_family,0.8787,1,same brand/category/gender with 0.60 name overlap,80.0,80.0,80.0,1,1,1.0,0,1,2026-04-10T14:14:44Z,mikesport,1,1077.87
