sku_id,brand,product_name,system_category,gender,retail_price_usd,cost_price_usd,initial_stock,current_stock,inventory_value_at_cost,inventory_value_at_retail,status
SP-6A627AE57E,Adidas,Adidas Galaxy 7 Women Running Shoes Black,footwear,women,81.96,38.4,12,12,460.8,983.52,active
SP-EA1A90B4B8,Adidas,Adidas Stan Smith Millencon Lifestyle Women,footwear,women,82.8,35.76,10,10,357.6,828.0,active
SP-C7EF6CC8AF,Adidas,Adidas Ultraboost 5 Women Running Shoes White/Grey/Pink,footwear,women,139.73,70.56,9,9,635.04,1257.57,active
SP-26E1DF3914,Adidas,"Advantage 2.0 Shoes, White",footwear,men,120.55,60.48,14,14,846.72,1687.7,active
SP-265659CA96,Adidas,"Advantage 2.0 Shoes, White",footwear,women,118.62,60.48,13,13,786.24,1542.06,active
SP-C328DB5C58,Adidas,"Advantage Base 2.0 Shoes, Black",footwear,men,103.9,45.84,10,10,458.4,1039.0,active
SP-1A5E48962B,Adidas,"Barreda Decode Shoes, Black",footwear,men,121.06,60.48,10,10,604.8,1210.6,active
SP-C1FA92617F,Adidas,"Barreda Decode Shoes, Green",footwear,men,123.0,60.48,13,13,786.24,1599.0,active
SP-A2D46F25B1,Adidas,"Barreda Decode Shoes, White",footwear,women,136.18,60.48,13,13,786.24,1770.34,active
SP-C5A9CE6C8D,Adidas,"Barreda Shoes, White",footwear,men,92.69,45.84,14,14,641.76,1297.66,active
SP-8C2C7BFBA1,Adidas,"Grand Court 3.0 Shoes, White",footwear,men,121.49,60.48,14,14,846.72,1700.86,active
SP-CF5BCC0FE2,Adidas,"Response Super Shoes, White",footwear,unisex,89.05,33.12,12,12,397.44,1068.6,active
SP-20E084F9D9,New Balance,New Balance Bb550 Men Lifestyle Shoes Sea Salt/Blue/Angora,footwear,men,107.38,56.35,14,14,788.9,1503.32,active
SP-48A96BB634,Adidas,"4DFWD 3 Running Shoes, Black",footwear,men,178.84,99.36,9,9,894.24,1609.56,active
SP-3B493D0895,Adidas,"4DFWD 4 Running Shoes, White",footwear,men,185.33,76.32,9,9,686.88,1667.97,active
SP-28A4947B98,Adidas,"4Dfwd 3 Running Shoes, Beige",footwear,men,185.67,99.36,9,9,894.24,1671.03,active
SP-6C4030E8BF,Adidas,"4Dfwd 3 Running Shoes, Beige",footwear,women,217.2,99.36,10,10,993.6,2172.0,active
SP-73E4C8CC61,Adidas,"4Dfwd 3 Running Shoes, Black",footwear,men,157.46,76.32,9,9,686.88,1417.14,active
SP-DEECA186E7,Adidas,"4Dfwd 3 Running Shoes, Black",footwear,men,139.54,60.96,9,9,548.64,1255.86,active
SP-745B1972AB,Adidas,"4Dfwd 3 Running Shoes, Black",footwear,women,255.18,99.36,11,11,1092.96,2806.98,active
SP-485BDE7E2C,Adidas,"4Dfwd 3 Running Shoes, Black",footwear,women,224.87,99.36,9,9,894.24,2023.83,active
SP-545229B88B,Adidas,"4Dfwd 3 Running Shoes, Grey",footwear,men,171.5,76.32,11,11,839.52,1886.5,active
SP-BEDB9977CB,Adidas,"4Dfwd 4 Running Shoes, Black",footwear,women,154.0,76.32,12,12,915.84,1848.0,active
SP-0D8F9A9ADA,Adidas,"4Dfwd 4 Running Shoes, White",footwear,women,182.95,99.36,10,10,993.6,1829.5,active
SP-9DB6B598F6,Adidas,"4Dfwd 4 Running Shoes, White",footwear,men,145.33,60.96,12,12,731.52,1743.96,active
SP-F272E0B3EC,Crocs,Crocs All Day Men Lifestyle Slippers Black,footwear,men,39.39,18.72,12,12,224.64,472.68,active
SP-26CA5937C8,Crocs,Crocs All Day Men Lifestyle Slippers Navy,footwear,men,44.51,18.72,12,12,224.64,534.12,active
SP-CA4D78ABDF,Crocs,Crocs All Day Women Lifestyle Slippers Black,footwear,women,36.75,18.72,10,10,187.2,367.5,active
SP-0A0C5718B8,Crocs,Crocs All Day Women Lifestyle Slippers Powder Pink,footwear,women,44.63,18.72,9,9,168.48,401.67,active
SP-1DE83EF0B0,Crocs,Crocs All Day Women Lifestyle Slippers White,footwear,women,31.42,18.72,10,10,187.2,314.2,active
SP-22ED3EE46C,Crocs,Crocs All Terrain Kids Lifestyle Sandals Storm,footwear,kids,32.41,15.08,9,9,135.72,291.69,active
SP-1EFF62AD3C,Crocs,Crocs Bae Clog Women Lifestyle Black,footwear,women,83.16,43.68,10,10,436.8,831.6,active
SP-B3F68BA4E6,Crocs,Crocs Bae Clog Women Lifestyle Dragon Fruit,footwear,women,84.2,43.68,10,10,436.8,842.0,active
SP-579FCCF26F,Crocs,Crocs Bae Clog Women Lifestyle Kiwi,footwear,women,81.46,43.68,10,10,436.8,814.6,active
SP-9EF0AF0731,Crocs,Crocs Bae Clog Women Lifestyle Orangesicle,footwear,women,77.12,43.68,10,10,436.8,771.2,active
SP-4922B84AAD,Crocs,Crocs Bae Clog Women Lifestyle White,footwear,women,103.95,43.68,9,9,393.12,935.55,active
SP-1B705F3CD9,Crocs,Crocs Bae Glitter Clog Women Lifestyle Clog Pink Milk,footwear,women,78.2,46.8,9,9,421.2,703.8,active
SP-0AA1FDD34E,Crocs,Crocs Bae Glitter Women Lifestyle Clog Black,footwear,women,105.2,46.8,9,9,421.2,946.8,active
SP-6F212837EF,Crocs,Crocs Bae Lined Women Lifestyle Clog Black,footwear,women,70.06,34.84,9,9,313.56,630.54,active
SP-63D1F944FA,Crocs,Crocs Bae Pinnacle Embellished Women Lifestyle Clog Frappe,footwear,women,192.49,87.36,9,9,786.24,1732.41,active
SP-7C595F60D7,Crocs,Crocs Bae Women Lifestyle Clog Mauve Mist,footwear,women,105.71,43.68,10,10,436.8,1057.1,active
SP-5FCBB664AF,Crocs,Crocs Bae Women Lifestyle Clog Milk Chocolate,footwear,women,83.53,43.68,9,9,393.12,751.77,active
SP-57E4E0DDE1,Crocs,Crocs Bae Women Lifestyle Clog Quartz,footwear,women,78.52,43.68,10,10,436.8,785.2,active
SP-CE1996B0E0,Crocs,Crocs Bae Women Lifestyle Clog Starfish,footwear,women,91.09,43.68,9,9,393.12,819.81,active
SP-12E813D427,Crocs,Crocs Bae Women Lifestyle Clog Taupe,footwear,women,88.7,43.68,10,10,436.8,887.0,active
SP-D62159F18D,Crocs,Crocs Barbie Classic Infant Lifestyle Clog Multi,footwear,kids,67.25,31.2,10,10,312.0,672.5,active
SP-ABDA020E90,Crocs,Crocs Barbie Classic Kids Lifestyle Clog Multi,footwear,kids,82.57,34.32,10,10,343.2,825.7,active
SP-CC5CDA3953,Crocs,Crocs Bistro Slip Resistant Work Clog Unisex lifestyle Slippers Black,footwear,unisex,43.74,21.84,9,9,196.56,393.66,active
SP-8909E63A20,Crocs,Crocs Bistro Slip Resistant Work Clog Unisex lifestyle Slippers Navy,footwear,unisex,47.71,21.84,10,10,218.4,477.1,active
SP-B6194DA390,New Balance,Joe Freshgoods x New Balance NB9060,footwear,unisex,87.68,39.2,14,14,548.8,1227.52,active
SP-AA3A19B5B7,New Balance,New Balance 1000 Women Lifestyle Shoes Silver Metallic,footwear,women,246.43,112.21,10,10,1122.1,2464.3,active
SP-1119C7A992,New Balance,New Balance 1080 Men Running Shoes Black/Magnet/Linen,footwear,men,248.52,98.98,10,10,989.8,2485.2,active
SP-24B46A527F,New Balance,New Balance 1080 Women Running Shoes Black/Phantom,footwear,women,235.95,98.98,9,9,890.82,2123.55,active
SP-D066E902D0,New Balance,New Balance 1080V15 Men Running Shoes Afterglow,footwear,men,273.3,134.75,12,12,1617.0,3279.6,active
SP-DB450DEC3B,New Balance,New Balance 1080V15 Men Running Shoes Black,footwear,men,316.67,134.75,12,12,1617.0,3800.04,active
SP-928176DAC9,New Balance,New Balance 1440 Men Running Shoes Black,footwear,men,133.65,53.41,10,10,534.1,1336.5,active
SP-A5571E2645,New Balance,New Balance 1906 Men Lifestyle Shoes Silver/Black,footwear,unisex,343.62,134.75,12,12,1617.0,4123.44,active
SP-B2BF00C26E,New Balance,New Balance 1906R Unisex Lifestyle Shoes Harbor Grey,footwear,unisex,303.52,134.75,12,12,1617.0,3642.24,active
SP-9E192AAE8B,New Balance,New Balance 1906R Women Lifestyle Shoes Silver Metalic,footwear,women,176.78,98.98,12,12,1187.76,2121.36,active
SP-16070A4590,New Balance,New Balance 2002R Unisex Lifestyle Shoes Bone/ Light Aluminum,footwear,unisex,137.52,62.72,9,9,564.48,1237.68,active
SP-5142DAE261,New Balance,New Balance 204L Women Lifestyle Shoes Grey,footwear,women,171.06,82.81,12,12,993.72,2052.72,active
SP-FB406DA2F5,New Balance,New Balance 237 Women Lifestyle Shoes Sea Salt,footwear,women,93.08,49.98,9,9,449.82,837.72,active
SP-A0C279D81B,New Balance,New Balance 327 Men Lifestyle Shoes Black/White,footwear,men,179.43,82.81,13,13,1076.53,2332.59,active
SP-3B47C73D99,New Balance,New Balance 327 Men Lifestyle Shoes Brown,footwear,men,180.76,82.81,14,14,1159.34,2530.64,active
SP-C48AE249D6,New Balance,New Balance 327 Men Lifestyle Shoes Grey/ White,footwear,men,139.02,57.82,10,10,578.2,1390.2,active
SP-B2EA9F6428,New Balance,New Balance 327 Men Lifestyle Shoes Tornado,footwear,men,184.98,82.81,14,14,1159.34,2589.72,active
SP-5F9B088137,New Balance,New Balance 327 Ps-Boys Lifestyle Shoes Black/White,footwear,kids,82.24,37.24,10,10,372.4,822.4,active
SP-3346E77C8D,New Balance,New Balance 327 Ps-Boys Lifestyle Shoes Silver Birch,footwear,kids,79.93,37.24,10,10,372.4,799.3,active
SP-112F8642D1,New Balance,New Balance 327 Women Lifestyle Shoes Black,footwear,women,200.68,90.65,14,14,1269.1,2809.52,active
SP-7B8C3CDB88,New Balance,New Balance 327 Women Lifestyle Shoes Black/Sea Salt,footwear,women,183.9,82.81,9,9,745.29,1655.1,active
SP-4BFC3223D5,New Balance,New Balance 327 Women Lifestyle Shoes Moonbeam,footwear,women,205.09,82.81,10,10,828.1,2050.9,active
SP-EED5158BD6,New Balance,New Balance 327 Women Lifestyle Shoes Moonbeam/Stone Pink,footwear,women,177.62,82.81,13,13,1076.53,2309.06,active
SP-A09457D613,Nike,Nike Air Force 1 '07 Next Nature Women Lifestyle Shoes White/Linen,footwear,women,205.13,97.29,12,12,1167.48,2461.56,active
SP-74302C346B,Nike,Nike Air Force 1 '07 Women Lifestyle Shoes Burgundy Crush,footwear,women,184.18,79.43,9,9,714.87,1657.62,active
SP-23392C79BE,Nike,Nike Air Force 1 '07 Women Lifestyle Shoes Midnight Navy/Black,footwear,women,246.76,105.75,9,9,951.75,2220.84,active
SP-DC2D1E2F28,Nike,Nike Air Force 1 07 Gtx Men Lifestyle Shoes Fauna Brown/Black,footwear,men,189.35,91.18,10,10,911.8,1893.5,active
SP-7DAC8BE0F9,Nike,Nike Air Force 1 07 Lv8 Men Lifestyle Shoes Anthracite/Grey,footwear,men,273.82,105.75,10,10,1057.5,2738.2,active
SP-A4B321429E,Nike,Nike Air Force 1 07 Lv8 Men Lifestyle Shoes Black/Wolf Grey,footwear,men,160.86,72.85,13,13,947.05,2091.18,active
SP-DCBF4E8148,Nike,Nike Air Force 1 07 Men Lifestyle Shoes White/Black,footwear,men,213.98,97.29,13,13,1264.77,2781.74,active
SP-672C269E79,Nike,Nike Air Force 1 07 Next Nature Women Lifestyle Shoes White/Silver,footwear,women,137.11,72.85,10,10,728.5,1371.1,active
SP-5B19015206,Nike,Nike Air Force 1 07 Premium Flowers Women Lifestyle Shoes Black/White/Gold,footwear,women,217.81,105.75,10,10,1057.5,2178.1,active
SP-F32E6859B7,Nike,Nike Air Force 1 07 Vintage Women Lifestyle Shoes Burgundy/Silvr/White,footwear,women,189.44,79.43,12,12,953.16,2273.28,active
SP-DB0AA24C01,Nike,Nike Air Force 1 07 Wb Men Lifestyle Shoes Flax/Gum/Black,footwear,men,169.9,72.85,12,12,874.2,2038.8,active
SP-754C50418D,Nike,Nike Air Force 1 07 Wb Men Lifestyle Shoes Wolf Grey/Black,footwear,men,179.91,72.85,9,9,655.65,1619.19,active
SP-882C75963E,Nike,Nike Air Force 1 07 Women Lifestyle Shoes Summit White,footwear,women,135.55,69.56,9,9,626.04,1219.95,active
SP-B677F147CF,Nike,Nike Air Force 1 07 Women Lifestyle Shoes White,footwear,women,187.87,97.29,13,13,1264.77,2442.31,active
SP-A766A3D4CB,Nike,Nike Air Force 1 Gs-Girls Lifestyle Shoes White/Pink,footwear,kids,118.21,53.58,9,9,482.22,1063.89,active
SP-EF3A3CE8FD,Nike,Nike Air Force 1 Le Gs-Boys Lifestyle Shoes Black,footwear,kids,204.55,81.78,12,12,981.36,2454.6,active
SP-75279CED6C,Nike,Nike Air Force Men Lifestyle Shoes Summit White,footwear,men,183.95,69.56,9,9,626.04,1655.55,active
SP-20E0FF4DDC,Nike,Nike Air Jordan 1 Low Gs-Girls Lifestyle Shoes Black/White/Pink,footwear,kids,191.59,77.08,9,9,693.72,1724.31,active
SP-76A23C6634,Nike,Nike Air Jordan 1 Low Men Lifestyle Shoes Black/White,footwear,men,162.74,79.43,10,10,794.3,1627.4,active
SP-7286ED76D8,Nike,Nike Air Jordan 1 Low Men Lifestyle Shoes Gym Red/White/Black,footwear,men,216.35,105.75,9,9,951.75,1947.15,active
SP-B49F9A44F0,Nike,Nike Air Jordan 1 Low Se Women Lifestyle Shoes Anthracite,footwear,women,157.87,74.73,9,9,672.57,1420.83,active
SP-8F8A2E507A,Nike,Nike Air Jordan 1 Low Women Lifestyle Shoes Mystic Hibiscus,footwear,women,193.14,79.43,11,11,873.73,2124.54,active
SP-8DEF4856DC,Nike,Nike Air Jordan 1 Men Lifestyle Shoes Sail/Blue/Lava/White,footwear,men,188.91,79.43,10,10,794.3,1889.1,active
SP-5D4B96E09C,Nike,Nike Air Jordan 1 Men Lifestyle Sneakers Black/White/Red,footwear,men,160.62,74.73,9,9,672.57,1445.58,active
SP-B461EE0286,ON,On Cloudboom Max 1 Men Running Shoes White/Black,footwear,men,359.24,128.34,13,13,1668.42,4670.12,active
SP-64DAAC38A4,ON,On Cloudboom Max 1 Women Running Shoes Honeydrew/Lilac,footwear,women,273.77,102.58,9,9,923.22,2463.93,active
SP-749D462018,Adidas,"Studio Lounge Rib Jumpsuit, Green",football_boots,women,23.57,10.08,6,6,60.48,141.42,active
SP-B508115FF9,ON,On Studio 7/8 Training High Waist Plain Mineral,football_boots,women,164.2,66.7,7,7,466.9,1149.4,active
SP-CA2B45C970,ON,On Studio 7/8 Women Training 7/8 Tight Navy,football_boots,women,164.9,66.7,6,6,400.2,989.4,active
SP-238EEC1D13,ON,On Studio Crop Top Women Training Long Sleeve Heron,football_boots,women,80.74,34.5,7,7,241.5,565.18,active
SP-966ED5B129,ON,On Studio High Waist Women Training 7/8 Tight Black,football_boots,women,143.48,66.7,7,7,466.9,1004.36,active
SP-09E55BAC3E,Adidas,2024 Copa Gloro2,football_boots,unisex,65.57,33.6,8,8,268.8,524.56,active
SP-79E8A2816E,Adidas,2024 Copa Gloro2 FG 39-45,football_boots,unisex,82.09,36.0,8,8,288.0,656.72,active
SP-3350E7D69E,Adidas,ADIDAS COPA PURE II+ FG BOOTS39+45,football_boots,unisex,83.85,36.0,8,8,288.0,670.8,active
SP-404E26F96A,Nike,35-45 Nike Air Zoom Mercurial Superfly IX Elite FG,football_boots,unisex,67.88,31.02,10,10,310.2,678.8,active
SP-7BE0A2526A,Nike,35-45 Nike Air Zoom Mercurial Superfly IX Elite FG6,football_boots,unisex,76.67,32.9,10,10,329.0,766.7,active
SP-4129A11BDA,Nike,35-45 Nike Air Zoom Mercurial Vapor XV Elite TF,football_boots,unisex,61.48,31.02,10,10,310.2,614.8,active
SP-AF96283080,Nike,35-45） Nike Air Zoom Mercurial Superfly IX Elite FG,football_boots,unisex,69.23,31.49,10,10,314.9,692.3,active
SP-435247DC0F,Puma,2024 new Puma Mg studs football shoes PUMA FUTURE 2024 39-45,football_boots,unisex,60.37,35.0,8,8,280.0,482.96,active
SP-A2F2F1E782,Puma,FUTURE 7 ULTIMATE FG36-45,football_boots,unisex,77.68,37.5,10,10,375.0,776.8,active
SP-5ECECDA788,Puma,FUTURE 7 ULTIMATE MG,football_boots,unisex,67.91,35.0,8,8,280.0,543.28,active
SP-BCCE453E4E,Puma,PUMA FUTURE 2024,football_boots,unisex,66.83,33.0,8,8,264.0,534.64,active
SP-46BE11CF40,Topten Accessories,Topten Accessories The Ultimate Soccer Backpack Unisex Back To School Bag Blue/White,football_boots,unisex,14.56,7.28,6,6,43.68,87.36,active
SP-8DA54A884E,Adidas,Adidas All Szn Men Sportswear Hoody Black,apparel,men,107.34,45.84,14,14,641.76,1502.76,active
SP-236F78ABB2,Adidas,Adidas Camo Graphic Kids-Boys Sportswear T-Shirt Black,apparel,kids,27.49,13.68,14,14,191.52,384.86,active
SP-511FC63A1A,Adidas,Adidas D4T 3 Stripes Men Training Short Black,apparel,men,68.3,36.72,14,14,514.08,956.2,active
SP-275CC88728,Adidas,Adidas Essentials Big Logo Men Sportswear T-Shirt White/Black,apparel,men,42.19,21.36,14,14,299.04,590.66,active
SP-DB6E685B51,Adidas,Adidas Fc Bayern 25/26 Home Jersey Men Football T-Shirt Red,apparel,men,140.76,76.32,14,14,1068.48,1970.64,active
SP-CC132CEF52,Adidas,Adidas Food Grilled Cheese Graphic Men Sportswear T-Shirt Off White,apparel,men,43.76,21.36,14,14,299.04,612.64,active
SP-42DCF92EB8,Adidas,Adidas Juventus 25/26 Home Jersey Kids-Unisex Football T-Shirt White/Black,apparel,unisex,129.37,56.16,14,14,786.24,1811.18,active
SP-DE8799B8CD,Adidas,Adidas Juventus 25/26 Home Jersey Men Football T-Shirt White/Black,apparel,men,198.12,73.2,14,14,1024.8,2773.68,active
SP-DB14195D44,Adidas,Adidas Real Madrid 25/26 Away Jersey Men Football T-Shirt Legend Ink,apparel,men,160.45,73.2,14,14,1024.8,2246.3,active
SP-DA8CC184C9,Adidas,Adidas Real Madrid 25/26 Home Jersey Kids-Unisex Football T-Shirt White,apparel,unisex,112.3,56.16,14,14,786.24,1572.2,active
SP-56FCC8F98B,Adidas,Adidas Real Madrid 25/26 Home Jersey Men Football T-Shirt White,apparel,men,175.67,73.2,14,14,1024.8,2459.38,active
SP-709D55A450,Adidas,Adidas Real Madrid 25/26 Home Kids-Unisex Football Short White,apparel,unisex,56.3,29.28,14,14,409.92,788.2,active
SP-351A270268,Adidas,Adidas Real Madrid 25/26 Home Men Football Short White,apparel,men,72.85,32.16,14,14,450.24,1019.9,active
SP-0246864EFD,Adidas,Adidas Workout Essentials Woven Women Training Pant Black,apparel,women,75.36,36.72,14,14,514.08,1055.04,active
SP-DA4EFC860B,Adidas,"3 Stripes Bralett, Black",apparel,women,47.59,25.92,14,14,362.88,666.26,active
SP-154D0C8A2D,Adidas,"3 Stripes Leggings, Black",apparel,women,37.8,16.8,14,14,235.2,529.2,active
SP-33F5CF243E,Adidas,"3 Stripes Leggings, Turquoise",apparel,women,12.2,6.72,14,14,94.08,170.8,active
SP-FF9B4B4F9C,Adidas,"3 Stripes Slim T-Shirt, Black",apparel,women,53.63,25.92,14,14,362.88,750.82,active
SP-7F6612273E,Adidas,"3 Stripes Slim T-Shirt, White",apparel,women,48.34,25.92,14,14,362.88,676.76,active
SP-625A952A40,Adidas,"3-Stripes Bra Long-Sleeve Top, Multicolour",apparel,women,22.04,10.56,14,14,147.84,308.56,active
SP-753874965B,Adidas,"3-Stripes Clx Very-Short-Length Swim Shorts, Blue",apparel,men,35.68,14.88,14,14,208.32,499.52,active
SP-80442AC9A2,Adidas,"3-Stripes French Terry Shorts, Purple",apparel,women,27.92,11.52,14,14,161.28,390.88,active
SP-154D3E9BB1,Adidas,"3-Stripes Leggings, Black",apparel,women,38.91,16.32,14,14,228.48,544.74,active
SP-E7F43FB6BA,Adidas,"3-Stripes Leggings, Brown",apparel,women,43.71,20.64,14,14,288.96,611.94,active
SP-E0B825C9D5,Adidas,"3-Stripes Leggings, Green",apparel,women,24.15,10.56,14,14,147.84,338.1,active
SP-AA14E90547,Adidas,"3-Stripes Leggings, Multicolour",apparel,women,28.73,12.96,14,14,181.44,402.22,active
SP-E20D71253B,New Balance,New Balance 25 Inches Essential High-Rise Women Performance 7/8 Tight Black,apparel,women,72.99,28.91,14,14,404.74,1021.86,active
SP-7CDB28E0F3,New Balance,New Balance Accelerate 7 Inch Men Performanc Short Ice Blue,apparel,men,25.92,13.23,14,14,185.22,362.88,active
SP-8B54A344D5,New Balance,New Balance Archive Men Lifestyle Sweatshirt Athletic Grey,apparel,men,66.93,35.28,14,14,493.92,937.02,active
SP-264C0F6E4D,New Balance,New Balance Athletic Jersey Women Lifestyle T-Shirt Black,apparel,women,50.21,24.01,14,14,336.14,702.94,active
SP-016FA5F172,New Balance,New Balance Athletic Premium Logo Relaxed Women Lifestyle Sweatshirt Big Teal,apparel,women,77.65,36.75,14,14,514.5,1087.1,active
SP-4C55644A29,New Balance,New Balance Athletics Flower Women Lifestyle T-Shirt Clay Ash,apparel,women,38.91,18.62,14,14,260.68,544.74,active
SP-8EDF34B77B,New Balance,New Balance Athletics French Terry Logo Men Lifestyle Hoody Black,apparel,men,96.07,43.12,14,14,603.68,1344.98,active
SP-F557DDEAE8,New Balance,New Balance Athletics French Terry Men Lifestyle Hoody Dusk Shower,apparel,men,88.45,39.2,14,14,548.8,1238.3,active
SP-6477693F65,New Balance,New Balance Athletics French Terry Men Lifestyle Pant Black,apparel,men,92.21,48.51,14,14,679.14,1290.94,active
SP-C2A32D9C08,New Balance,New Balance Athletics French Terry Men Lifestyle Pant Pumpernickel,apparel,men,115.28,51.45,14,14,720.3,1613.92,active
SP-E859AD8963,New Balance,New Balance Athletics French Terry Women Lifestyle Pant Linen,apparel,women,73.86,36.26,14,14,507.64,1034.04,active
SP-E8BBCA75D7,New Balance,New Balance Athletics French Terry Women Lifestyle Short Linen,apparel,women,66.43,26.95,14,14,377.3,930.02,active
SP-ABD0B6080A,New Balance,New Balance Athletics Gradient Shoes Women Lifestyle T-Shirt Linen,apparel,women,36.38,16.66,14,14,233.24,509.32,active
SP-02EF4F091B,New Balance,New Balance Athletics Graffiti Graphic Kids-Girls Lifestyle T-Shirt Caviar/Pink,apparel,kids,33.41,17.15,14,14,240.1,467.74,active
SP-9DE0BC17BB,New Balance,New Balance Athletics Graphic Men Performanc T-Shirt Black,apparel,men,48.16,19.11,14,14,267.54,674.24,active
SP-BA949A0923,New Balance,New Balance Athletics Graphic Men Performance T-Shirt Lab Green,apparel,men,25.64,13.72,14,14,192.08,358.96,active
SP-B87306A6F9,New Balance,New Balance Athletics Jersey Women Lifestyle T-Shirt Daybreak,apparel,women,58.59,24.01,14,14,336.14,820.26,active
SP-BB4CF55CF1,New Balance,New Balance Athletics Kids-Boys Performanc Short Caviar,apparel,kids,39.96,19.11,14,14,267.54,559.44,active
SP-AA4107C9BC,New Balance,New Balance Athletics Logo Men Lifestyle T-Shirt Dream State,apparel,men,39.55,16.66,14,14,233.24,553.7,active
SP-8CE19B7B41,New Balance,New Balance Athletics Men Lifestyle Pant Ash Heather,apparel,men,84.54,36.26,14,14,507.64,1183.56,active
SP-F37123B899,New Balance,New Balance Athletics Men Lifestyle Pant Black,apparel,men,112.98,51.45,14,14,720.3,1581.72,active
SP-5A822EBD49,New Balance,New Balance Athletics Men Lifestyle Short Black,apparel,men,60.85,26.95,14,14,377.3,851.9,active
SP-9E98D31333,New Balance,New Balance Athletics Men Lifestyle T-Shirt Ash Heather,apparel,men,59.28,24.01,14,14,336.14,829.92,active
SP-7C71C82AFB,New Balance,New Balance Athletics Men Lifestyle T-Shirt Navy,apparel,men,60.03,24.01,14,14,336.14,840.42,active
SP-BC8BFD0C2A,New Balance,New Balance Athletics Men Performanc T-Shirt Blue Gemstone,apparel,men,33.4,16.66,14,14,233.24,467.6,active
SP-0D038F16ED,New Balance,New Balance Athletics Men Performanc T-Shirt Navy Heather,apparel,men,43.21,16.66,14,14,233.24,604.94,active
SP-FD095E04D0,Nike,Nike Air Boys Lifestyle Pant Seaweed/Black/White,apparel,kids,79.43,33.84,14,14,473.76,1112.02,active
SP-4D19290060,Nike,Nike Air Fleece Boys Lifestyle Hoody Black/White,apparel,kids,80.61,33.84,14,14,473.76,1128.54,active
SP-71B70A7334,Nike,Nike Air Fleece Boys Lifestyle Pant Black/White,apparel,kids,78.44,33.84,14,14,473.76,1098.16,active
SP-3E61C2F87F,Nike,Nike Air Max Pk Full-Zip Men Lifestyle Hoody Blue/Black,apparel,men,101.84,47.0,14,14,658.0,1425.76,active
SP-C3739F5327,Nike,Nike Air Men Lifestyle Pant Black/White,apparel,men,143.44,67.21,14,14,940.94,2008.16,active
SP-AC11618B60,Nike,Nike Challenger Men Running Pant Black,apparel,men,121.78,52.64,14,14,736.96,1704.92,active
SP-16107603B2,Nike,Nike Challenger Men Running Pant Smoke Grey/Black,apparel,men,126.92,52.64,14,14,736.96,1776.88,active
SP-5C52EEBFCD,Nike,Nike Challenger Winterized 12.5Cm Men Running Short Blue,apparel,men,71.84,37.6,14,14,526.4,1005.76,active
SP-6F021B8DA6,Nike,Nike Challenger Winterized 12.5Cm Men Running Short Pure Platinum,apparel,men,81.01,37.6,14,14,526.4,1134.14,active
SP-58C9C3FB4F,Nike,Nike Chill Knit Women Lifestyle T-Shirt Black/Sail,apparel,women,78.63,37.6,14,14,526.4,1100.82,active
SP-B656BCF67E,Nike,Nike Club Alumni French Terry Men Lifestyle Short Blue/White,apparel,men,63.16,33.84,14,14,473.76,884.24,active
SP-5BABA5198D,Nike,Nike Club Alumni Men Lifestyle Short Black/White,apparel,men,74.57,31.49,14,14,440.86,1043.98,active
SP-88DFC2BCBD,Nike,Nike Club Boys Lifestyle Short Black/White,apparel,kids,57.2,26.32,14,14,368.48,800.8,active
SP-0EC65E75A7,Nike,Nike Club Flow Men Lifestyle Short Black/White,apparel,men,44.87,20.21,14,14,282.94,628.18,active
SP-75B1A246DD,Nike,Nike Club French Terry Alumni Men Lifestyle Short Grey/White,apparel,men,75.99,31.49,14,14,440.86,1063.86,active
SP-A4A12CC268,Nike,Nike Club French Terry Men Lifestyle Hoody Black/White,apparel,men,113.01,52.64,14,14,736.96,1582.14,active
SP-678BBA12C3,Nike,Nike Club French Terry Men Lifestyle Hoody Blue/White,apparel,men,64.8,32.43,14,14,454.02,907.2,active
SP-EC9AF8E301,Nike,Nike Club French Terry Men Lifestyle Pant Grey/White,apparel,men,87.68,41.83,14,14,585.62,1227.52,active
SP-14615F55C9,Nike,Nike Club French Terry Open Hem Men Lifestyle Pant Grey/White,apparel,men,90.93,41.83,14,14,585.62,1273.02,active
SP-4068E7483B,Nike,Nike Club French Terry Pullover Men Lifestyle Hoody Ghost/White,apparel,men,74.31,32.43,14,14,454.02,1040.34,active
SP-A39D32F242,Nike,Nike Club Men Lifestyle Hoody Black,apparel,men,66.7,32.43,14,14,454.02,933.8,active
SP-F7FAFB8DB4,Nike,Nike Club Men Lifestyle Hoody Black/White,apparel,men,79.57,34.78,14,14,486.92,1113.98,active
SP-6BB19DF665,Nike,Nike Club Men Lifestyle Long Sleeve Black/White,apparel,men,66.75,29.61,14,14,414.54,934.5,active
SP-C11BA696DF,Nike,Nike Club Men Lifestyle Pant Black/White,apparel,men,63.57,31.02,14,14,434.28,889.98,active
SP-6186950F73,Nike,Nike Club Men Lifestyle Pant Black/White,apparel,men,98.0,41.83,14,14,585.62,1372.0,active
SP-853172544A,Nike,Nike Club Men Lifestyle Pant Black/White,apparel,men,86.91,41.83,14,14,585.62,1216.74,active
SP-2732E00DB0,ON,1Me10031756 Club Hoodie Crater,apparel,men,147.23,73.14,14,14,1023.96,2061.22,active
SP-805D3F1EDC,ON,ON Men Trail-T Running Tee Reef,apparel,men,76.84,34.5,14,14,483.0,1075.76,active
SP-EA820C1A13,ON,ON Trail-T Men Trail Running Shirt Desert,apparel,men,73.91,34.5,14,14,483.0,1034.74,active
SP-5643A090B0,ON,On 3 Inch Core Women Running Short Black,apparel,women,78.78,34.5,14,14,483.0,1102.92,active
SP-D0A64208B9,ON,On 3 Inch Core Women Running Short Heron,apparel,women,78.49,34.5,14,14,483.0,1098.86,active
SP-946B9D03B0,ON,On 3 Inch Court 2 In 1 Women Tennis Short White,apparel,women,91.49,45.54,14,14,637.56,1280.86,active
SP-20A699F44B,ON,On 3 Inch Performance Women Running Short Black,apparel,women,92.74,39.1,14,14,547.4,1298.36,active
SP-A5BA957315,ON,On 3 Inch Performance Women Running Short Sailor,apparel,women,97.0,39.1,14,14,547.4,1358.0,active
SP-63A3151A45,ON,On 30 Inch Studio Flared Women Training Tight Black,apparel,women,170.04,66.7,14,14,933.8,2380.56,active
SP-9109C66E8F,ON,On 5 Inch Core Men Running Short Midnight,apparel,men,74.98,34.5,14,14,483.0,1049.72,active
SP-33D4752389,ON,"On 5"" Performance Men Running Short Black",apparel,men,96.65,45.54,14,14,637.56,1353.1,active
SP-D38DD30CF0,ON,"On 5"" Performance Women Running Short Black",apparel,women,91.76,45.54,14,14,637.56,1284.64,active
SP-BF5626A1D8,ON,"On 5""Core Men Running Short Black",apparel,men,66.21,34.5,14,14,483.0,926.94,active
SP-B7A8557FF6,ON,On 7 Inch Core Men Running Short Desert,apparel,men,73.29,34.5,14,14,483.0,1026.06,active
SP-DF88997BEE,ON,On 7 Inch Court Tennis 7 Inch Tide,apparel,men,103.04,45.54,14,14,637.56,1442.56,active
SP-B7529301C1,ON,On 7 Inch Court Tennis 7 Inch White,apparel,men,109.72,45.54,14,14,637.56,1536.08,active
SP-98266B6693,ON,On All-Day Joggers Men Lifestyle Pant Black,apparel,men,187.81,82.34,14,14,1152.76,2629.34,active
SP-09354499DD,ON,On Boxy Club Women Lifestyle T-Shirt White,apparel,women,73.65,29.9,14,14,418.6,1031.1,active
SP-57AE88CE7F,ON,On Climate Full Zip Women Running Hoody White,apparel,women,164.93,73.14,14,14,1023.96,2309.02,active
SP-402F2C3335,ON,On Climate Men Running Hoody Black,apparel,men,174.03,73.14,14,14,1023.96,2436.42,active
SP-06A4E41C88,ON,On Climate Men Running Hoody Denim,apparel,men,142.95,51.06,14,14,714.84,2001.3,active
SP-48868D2AA6,ON,On Climate Women Running Hoody Black,apparel,women,141.86,73.14,14,14,1023.96,1986.04,active
SP-FAEA6F848F,ON,On Club Boxy Women Lifestyle T-Shirt Black,apparel,women,73.83,29.9,14,14,418.6,1033.62,active
SP-834156AAD3,ON,On Club Collective Men Lifestyle Pant Black,apparel,men,155.32,66.7,14,14,933.8,2174.48,active
SP-90BB09D2CD,ON,On Club Collective Men Lifestyle T-Shirt Black,apparel,men,70.68,36.34,14,14,508.76,989.52,active
SP-4F416D339A,ON,On Club Collective Men Lifestyle T-Shirt White,apparel,men,85.57,36.34,14,14,508.76,1197.98,active
SP-229CAF275F,Puma,DARE TO Leggings Sportstyle/Prime Women,apparel,women,14.1,6.25,14,14,87.5,197.4,active
SP-14F06CB1CC,Adidas,"3-Stripes Bodysuit, Black",sportswear,women,31.75,14.4,12,12,172.8,381.0,active
SP-F067DCDACE,Adidas,"AEROREADY Essentials Regular-Fit 3-Stripes Track Suit, Black",sportswear,men,85.64,40.32,12,12,483.84,1027.68,active
SP-F4341B2295,Adidas,"AEROREADY Essentials Regular-Fit 3-Stripes Track Suit, Blue",sportswear,men,93.87,40.32,12,12,483.84,1126.44,active
SP-EEC5C6A0BE,Adidas,"AEROREADY Sereno Cut 3-Stripes Track Suit, Blue",sportswear,men,129.32,53.28,12,12,639.36,1551.84,active
SP-D7ADEC42DC,Adidas,"Adi365 Running Pocket Graphic Medium Support Bra, Black",sportswear,women,89.24,42.24,12,12,506.88,1070.88,active
SP-EB900BB3C2,Adidas,"Adi365 Running Pocket Medium Support Bra, Green",sportswear,women,77.07,38.4,12,12,460.8,924.84,active
SP-E961A24573,Adidas,"Adibreak Tracksuit Bottoms, Green",sportswear,women,111.33,58.08,12,12,696.96,1335.96,active
SP-C80777C682,New Balance,New Balance Essential Train Women Performance Bra Black,sportswear,women,76.39,31.85,12,12,382.2,916.68,active
SP-FEA7F5C6A1,New Balance,New Balance Essential Women Performance Bra Olivine,sportswear,women,46.19,23.52,12,12,282.24,554.28,active
SP-FCD511BE4F,New Balance,New Balance Essential Yoga Women Performance Bra Black,sportswear,women,75.81,28.91,12,12,346.92,909.72,active
SP-61E130E733,New Balance,New Balance Essential Yoga Women Performance Bra Daybreak,sportswear,women,68.1,28.91,12,12,346.92,817.2,active
SP-3D39AF9FF6,New Balance,New Balance Essential Yoga Women Performance Bra Medusa Green,sportswear,women,63.99,28.91,12,12,346.92,767.88,active
SP-7542B894A6,New Balance,New Balance Fuel Women Performance Bra Black,sportswear,women,28.85,15.19,12,12,182.28,346.2,active
SP-AEB17209EC,New Balance,New Balance Harmony Women Performanc Bra Black,sportswear,women,41.75,18.62,12,12,223.44,501.0,active
SP-5B7283A238,Nike,Nike Alate Curve Aop Women Training Bra Black,sportswear,women,44.33,17.86,12,12,214.32,531.96,active
SP-87CD96F6B8,Nike,Nike Brand Energy Infant-Boys Lifestyle Set Black,sportswear,kids,44.2,19.27,12,12,231.24,530.4,active
SP-F3734633B0,Nike,Nike Indy Light-Support Women Training Bra Black/White,sportswear,women,67.99,26.32,12,12,315.84,815.88,active
SP-6A8CBD0A6C,Nike,Nike One Girls Training Bra Black/White,sportswear,kids,35.96,17.39,12,12,208.68,431.52,active
SP-A544BF76A8,Nike,Nike One Keyhole Women Training Bra Black,sportswear,women,47.12,22.09,12,12,265.08,565.44,active
SP-B7486CDFB2,Nike,Nike One Light-Support Padded Women Training Bra Pink/Canyon Rust,sportswear,women,51.47,22.09,12,12,265.08,617.64,active
SP-DBF6B755DC,Nike,Nike One Women Training Bra Black/White,sportswear,women,58.66,25.38,12,12,304.56,703.92,active
SP-F0B4D9EAF5,ON,ON Sports Performance Women Running Bra Women Gourami,sportswear,women,97.32,40.94,12,12,491.28,1167.84,active
SP-06A343CFF5,ON,On Endurance Women Running Bra Heron,sportswear,women,124.97,48.3,12,12,579.6,1499.64,active
SP-FC59B5B023,ON,On Endurance Women Running Bra Iceberg,sportswear,women,109.02,48.3,12,12,579.6,1308.24,active
SP-1AB356CEBD,ON,On Performance Women Running Bra Black,sportswear,women,86.19,40.94,12,12,491.28,1034.28,active
SP-6B6DD9AB71,ON,On Performance Women Running Bra White,sportswear,women,97.9,40.94,12,12,491.28,1174.8,active
SP-5EEE00AE58,ON,On Studio Women Training Bra Black,sportswear,women,94.01,34.5,12,12,414.0,1128.12,active
SP-2D1656C34E,ON,On Studio Women Training Bra Heron,sportswear,women,78.84,34.5,12,12,414.0,946.08,active
SP-C031FC9456,Adidas,Adidas All Court 3.0 Unisex Basketball Ball Wood/Black,accessories,unisex,43.08,19.68,18,18,354.24,775.44,active
SP-2AE7A078CB,Adidas,Adidas Classic 3 Bar Logo Training Backpack Men Dark Blue/White,accessories,unisex,41.52,18.0,18,18,324.0,747.36,active
SP-EFA218BDF9,Adidas,Adidas Classic Training Backpack With Pencil Case Unisex Black/White,accessories,unisex,53.85,22.8,18,18,410.4,969.3,active
SP-8F64E1FCBD,Adidas,Adidas INTER MIAMI IMCF JSY HOME Football Men,accessories,men,74.49,29.28,18,18,527.04,1340.82,active
SP-648D792B8F,Adidas,Adidas Lightweight Baseball Unisex Training Cap White,accessories,unisex,28.93,12.48,18,18,224.64,520.74,active
SP-04B3889425,Adidas,Adidas Performance 0.75 Unisex Training Water Bottle Black,accessories,unisex,14.43,6.24,18,18,112.32,259.74,active
SP-100050E78D,Adidas,Adidas Power Vii Unisex Training Bag Alumina/Black,accessories,unisex,49.2,20.64,18,18,371.52,885.6,active
SP-2F2652299B,Adidas,Adidas Unisex Training Dz9435 Light Ank 3Pp White/White/White,accessories,unisex,19.62,7.44,18,18,133.92,353.16,active
SP-984922E582,Crocs,Crocs 3D Beach Umbrella Unisex Lifestyle Jibbitz Charm,accessories,unisex,6.7,3.12,18,18,56.16,120.6,active
SP-45B7989AB6,Crocs,Crocs 3D Candy Cane Unisex Lifestyle Jibbitz Charm,accessories,unisex,6.03,3.12,18,18,56.16,108.54,active
SP-ECB50BF5E1,Crocs,Crocs 3D Chilling Frog Unisex Lifestyle Jibbitz Charm,accessories,unisex,7.39,3.12,18,18,56.16,133.02,active
SP-E5AA98F640,Crocs,Crocs 3D Christmas Tree Unisex Lifestyle Jibbitz Charm,accessories,unisex,5.75,3.12,18,18,56.16,103.5,active
SP-331574EF21,Crocs,Crocs 3D Coffee Cup Unisex Lifestyle Jibbitz Charm,accessories,unisex,6.08,3.12,18,18,56.16,109.44,active
SP-2FEAF9AB06,Crocs,Crocs 3D Dino Unisex Lifestyle Jibbitz Charm,accessories,unisex,6.1,3.12,18,18,56.16,109.8,active
SP-C3B564E9B6,Crocs,Crocs 3D Holiday Beach Umbrella Unisex Lifestyle Jibbitz Charm,accessories,unisex,7.06,3.12,18,18,56.16,127.08,active
SP-C12CBB627C,Crocs,Crocs 3D Kitty Unisex Lifestyle Jibbitz Charm,accessories,unisex,6.42,3.12,18,18,56.16,115.56,active
SP-823EFC5B57,New Balance,New Balance 47 Brrr Trucker Unisex Performance Cap Black,accessories,unisex,48.16,19.11,18,18,343.98,866.88,active
SP-B79D3FAE0C,New Balance,New Balance 47 Clean Up Canvas 2 Men Lifestyle Cap Linen/Medusa Green,accessories,men,44.55,19.11,18,18,343.98,801.9,active
SP-9AA8578AF3,New Balance,New Balance 47 Clean Up Unisex Lifestyle Cap Black,accessories,unisex,32.23,17.15,18,18,308.7,580.14,active
SP-46B0A2E099,New Balance,New Balance 47 Clean Up Women Lifestyle Cap Grey Matter,accessories,women,41.57,17.15,18,18,308.7,748.26,active
SP-5EC0254D0A,New Balance,New Balance 47 Clean Up Women Lifestyle Cap Linen,accessories,women,35.68,17.15,18,18,308.7,642.24,active
SP-A756F33BA2,New Balance,New Balance 47 Clean Up Women Lifestyle Cap Pink Granite,accessories,women,46.46,17.15,18,18,308.7,836.28,active
SP-292F8CAAAC,New Balance,New Balance 47 Hitch Men Lifestyle Cap Nb Navy,accessories,men,45.45,19.11,18,18,343.98,818.1,active
SP-A8890E7A65,New Balance,New Balance 47 Hitch Men Lifestyle Cap Team Away Grey,accessories,men,39.64,19.11,18,18,343.98,713.52,active
SP-E70F8AC18A,Nike,Nike (20L) Boys Lifestyle Backpack Black/Orange/White,accessories,kids,74.2,28.67,18,18,516.06,1335.6,active
SP-2F91D09AA8,Nike,Nike (20L) Girls Lifestyle Backpack Light Magenta,accessories,kids,68.28,28.67,18,18,516.06,1229.04,active
SP-F94AB5A280,Nike,Nike 22 Oz Big Mouth 2.0 Unisex Training Bottle Clear/Black,accessories,unisex,8.83,3.76,18,18,67.68,158.94,active
SP-2BEE5B126F,Nike,Nike Academy Team L Unisex Training Bags Cases And Luggage Black/White,accessories,unisex,91.21,36.19,18,18,651.42,1641.78,active
SP-9D3EC934A6,Nike,Nike Academy Team M Unisex Training Bag Black/White,accessories,unisex,77.29,31.49,18,18,566.82,1391.22,active
SP-77A5EF0131,Nike,Nike Academy Team M Unisex Training Bag Navy/Black/White,accessories,unisex,73.68,31.49,18,18,566.82,1326.24,active
SP-95F89E6174,Nike,Nike Academy Team S Unisex Training Bags Cases And Luggage Black/White,accessories,unisex,68.03,27.73,18,18,499.14,1224.54,active
SP-E923EE9DF9,Nike,Nike Academy Team Unisex Football Bag Navy/Black/White,accessories,unisex,54.73,27.73,18,18,499.14,985.14,active
SP-7743651252,ON,On All Day Unisex Lifestyle Cap Black,accessories,unisex,65.87,27.14,18,18,488.52,1185.66,active
SP-F1BA32F84D,ON,On All Day Unisex Lifestyle Cap Ivory,accessories,unisex,61.83,27.14,18,18,488.52,1112.94,active
SP-A2AD690C12,ON,On All Day Unisex Lifestyle Cap Navy,accessories,unisex,67.94,27.14,18,18,488.52,1222.92,active
SP-C3695075E8,Adidas,"3 Bar Logo Swimsuit, Black",swimwear,unisex,17.0,7.68,9,9,69.12,153.0,active
SP-24D24979D7,Adidas,"3-Stripes Swimsuit, Black",swimwear,women,22.97,11.04,9,9,99.36,206.73,active
SP-D582D99C4D,Adidas,Adidas Classic Solid Men Swim Swim Short Glow Blue,swimwear,men,22.09,10.08,9,9,90.72,198.81,active
SP-7418F06482,All In,ALN Accessories Aqua Dumbbell Swimming Gear Blue/Pink,swimwear,unisex,6.24,3.12,9,9,28.08,56.16,active
SP-171E383B23,All In,ALN Accessories Floating Kickboard Swim Swimming Gear Blue,swimwear,unisex,5.17,2.6,9,9,23.4,46.53,active
SP-3C84F40051,All In,ALN Accessories Floating Kickboard Swim Swimming Gear Pink,swimwear,unisex,5.21,2.6,9,9,23.4,46.89,active
SP-A2C7D98A61,Billabong,Billabong All Day Layback Boys Beach Swim Short Lemon,swimwear,kids,24.04,12.0,9,9,108.0,216.36,active
SP-BB4694C6BC,Billabong,Billabong All Day Layback Boys Beach Swim Short Sea Green,swimwear,kids,24.37,12.0,9,9,108.0,219.33,active
SP-428F9FE7D9,Billabong,Billabong Gone Tropic Women Lifestyle Swim Short Pistachio,swimwear,women,39.82,20.0,9,9,180.0,358.38,active
SP-53DDAF3223,Blue Point,Blue Point Men Beach Swim Short White,swimwear,men,43.82,22.36,9,9,201.24,394.38,active
SP-30038913CA,Body Glove,Body Glove Women Beach Monokini Whisper Crissy 1 Piece Storm,swimwear,women,64.17,34.84,9,9,313.56,577.53,active
SP-950A524EDF,Bogner,Bogner Nelson 2 Men Beach Swim Short Black,swimwear,men,107.42,51.48,9,9,463.32,966.78,active
SP-E45BDB93ED,Bogner,Bogner Paul Men Swim Short Black,swimwear,men,225.91,95.16,9,9,856.44,2033.19,active
SP-A83D634897,Bogner,Bogner Paul Men Swim Short Navy Blue,swimwear,men,170.4,95.16,9,9,856.44,1533.6,active
SP-03C17880F4,Adidas,3 STRIPES TEE,kids,kids,39.17,16.8,9,9,151.2,352.53,active
SP-E44D80B7EB,Adidas,Adidas Club Pleat Kids-Girls Tennis Skort White,kids,kids,74.65,29.28,9,9,263.52,671.85,active
SP-DDAA79AADE,Adidas,Adidas Disney Mickey Mouse Summer Baby-Boys Sportswear Suit White/Black,kids,kids,33.23,14.88,9,9,133.92,299.07,active
SP-DCD0168711,Adidas,Adidas Disney Toy Story Little-Boys Training Suit Royal Blue/Lime,kids,kids,34.77,19.2,9,9,172.8,312.93,active
SP-9775ACFE6C,Crocs,Crocs Classic Neo Puff Kids Lifestyle After Ski Navy/Gum,kids,kids,57.8,26.0,9,9,234.0,520.2,active
SP-A670A1698B,The North Face,The North Face Baby 1996 Retro Nuptse One Piece Boys Hiking Suit Tnf Black,kids,kids,196.39,75.6,9,9,680.4,1767.51,active
SP-8DB0F3B215,The North Face,The North Face Easy Kids Lifestyle Long Sleeve White,kids,kids,24.79,11.25,9,9,101.25,223.11,active
SP-24A89F1A48,Puma,ACTIVE SPORTS Graphic Tee II Boys,kids,kids,12.75,5.0,9,9,45.0,114.75,active
SP-7EBCBD2E4F,Puma,CATS CLUB Tee PS Boys,kids,kids,10.96,5.0,9,9,45.0,98.64,active
SP-176380B593,Puma,FEED YOUR PUMA Backpack PRIME Girls,kids,kids,69.44,30.0,9,9,270.0,624.96,active
SP-9358D6C153,Puma,FEED YOUR PUMA Backpack PRIME Kids,kids,kids,60.45,30.0,9,9,270.0,544.05,active
SP-1BEA1A72D1,Aquatail,Aquatail Mermaid Tail Kids Beach Fins Blue,kids,kids,38.34,21.84,9,9,196.56,345.06,active
SP-4B36B44C2F,Aquatail,Aquatail Mermaid Tail Kids Beach Fins Green,kids,kids,45.26,21.84,9,9,196.56,407.34,active
SP-7DC760B623,Babolat,Babolat Nadal Junior 19 Kids Tennis Racquet Black/Yellow,kids,kids,57.91,29.12,9,9,262.08,521.19,active
SP-C3AF8C8D07,Babolat,Babolat Nadal Junior 23 Strung Grip Kids Tennis Racquet Multi,kids,kids,86.04,34.84,9,9,313.56,774.36,active
SP-474329A365,Babolat,Babolat Pure Drive Junior 25 Gen11 Kids Tennis Racquet Blue,kids,kids,189.47,92.56,9,9,833.04,1705.23,active
SP-42A81C708A,Babolat,Babolat Pure Drive Junior 25 Gen11 Kids Tennis Racquet Light Blue,kids,kids,175.45,89.96,9,9,809.64,1579.05,active
SP-4665CFBB2F,Adidas,"Gazelle Shoes, Black",lifestyle,men,172.26,76.32,12,12,915.84,2067.12,active
SP-0590004E40,Adidas,"Handball Spezial Shoes, Black",lifestyle,men,152.94,76.32,12,12,915.84,1835.28,active
SP-82664C3C8D,Adidas,"Handball Spezial Shoes, White",lifestyle,men,167.99,76.32,12,12,915.84,2015.88,active
SP-3FB5CF5912,Adidas,"Samba OG Shoes, Beige",lifestyle,women,140.14,76.32,12,12,915.84,1681.68,active
SP-B39CD90660,Nike,NIKE Vomero Plus IM5019,lifestyle,unisex,92.49,39.01,12,12,468.12,1109.88,active
SP-7B6BD14F3B,New Balance,NB 9060 full black,lifestyle,unisex,88.27,36.75,12,12,441.0,1059.24,active
SP-48CB982454,New Balance,New Balance 9060 Triple Black,lifestyle,unisex,89.1,41.65,12,12,499.8,1069.2,active
SP-7DFB8328BE,New Balance,New Balance Fresh Foam X Trail More v3 Black/Pink/Yellow Women's Trail Shoes,lifestyle,women,79.67,41.65,12,12,499.8,956.04,active
SP-86604D5CF7,New Balance,New balance trail fresh foam gray/pink,lifestyle,unisex,87.39,39.2,12,12,470.4,1048.68,active
SP-04A2348ABD,Nike,Air Zoom Superfly Elite - FG Cleats,lifestyle,unisex,87.79,37.6,12,12,451.2,1053.48,active
SP-D73EAC318C,Nike,Air Zoom Vapor Elite - FG Cleats,lifestyle,unisex,86.1,37.6,12,12,451.2,1033.2,active
SP-3577D415E8,Nike,Kylian Mbappe X Air Zoom Superfly Elite - FG Cleats,lifestyle,unisex,86.85,37.6,12,12,451.2,1042.2,active
SP-2A3C5C0C82,The North Face,The North Face Glenclyffe Urban Boots in a white dune/tnf black colorway,lifestyle,unisex,82.74,38.25,12,12,459.0,992.88,active
SP-D866E2F245,ASICS,ASICS PADEL METARISE™ 2,lifestyle,unisex,99.22,44.1,12,12,529.2,1190.64,active
SP-4EAF56E4BE,ASICS,ASICS PADEL SKY ELITE FF 3,lifestyle,unisex,136.47,68.6,12,12,823.2,1637.64,active
SP-27D2D54156,ASICS,Asics Metarise 2 Paris volleyball shoes in a safety yellow and black,lifestyle,unisex,108.11,41.65,12,12,499.8,1297.32,active
SP-2F6F3036F1,ASICS,Handball Shoes Asics Sky Elite FF MT 3,lifestyle,unisex,97.07,44.1,12,12,529.2,1164.84,active
SP-0F8FD95EB4,Adidas,"3-Stripes Skirt, Black",other,women,27.39,12.96,9,9,116.64,246.51,active
SP-02050B0FD1,Adidas,"Adicolor 70S V-Neck Dress, Beige",other,women,42.63,18.24,9,9,164.16,383.67,active
SP-21EC9D6B2F,Adidas,"Adicolor Classics Poplin Skirt, Blue",other,women,31.58,15.36,9,9,138.24,284.22,active
SP-EE94F7E634,Adidas,"Adicolor Classics Tricot Skirt, Black",other,women,12.36,6.24,9,9,56.16,111.24,active
SP-FA311BCAB5,New Balance,New Balance Sport Quarter Zip Women Performanc Long Sleeve Black,other,women,55.86,26.95,9,9,242.55,502.74,active
SP-8786A633D5,New Balance,New Balance Sport Women Performance Long Sleeve Black,other,women,29.34,13.23,9,9,119.07,264.06,active
SP-92437D4CE3,Nike,Nike Df Pacer Men Running Long Sleeve Black,other,men,86.53,37.6,9,9,338.4,778.77,active
SP-6294EFF394,Nike,Nike Element Men Running Long Sleeve Armor Navy/Grey,other,men,90.54,35.72,9,9,321.48,814.86,active
SP-7637E3C2FF,Nike,Nike Fitted Women Training Long Sleeve Black,other,women,65.65,33.84,9,9,304.56,590.85,active
SP-AADCC2E724,Nike,Nike Flex Classic 6 Packs Unisex Training Band Multicolor,other,unisex,12.14,6.58,9,9,59.22,109.26,active
SP-C7D5ADC445,ON,On Climate 2 Men Running Long Sleeve Black,other,men,154.12,66.7,9,9,600.3,1387.08,active
SP-5368149B74,ON,On Climate 2 Women Running Long Sleeve Black,other,women,140.53,66.7,9,9,600.3,1264.77,active
SP-8EE0491D9F,ON,On Climate Women Running Long Sleeve Iceberg,other,women,155.45,66.7,9,9,600.3,1399.05,active
SP-6094574FE4,ON,On Club Collective 1/4 Zip Men Lifestyle Long Sleeve Ore,other,men,152.03,73.14,9,9,658.26,1368.27,active
SP-71A50D913C,The North Face,The North Face Base Camp Travel Canister L Unisex Hiking Case Summit Gold/Black,other,unisex,26.25,11.25,9,9,101.25,236.25,active
SP-C394BB70B8,The North Face,The North Face Base Unisex Lifestyle Band Black,other,unisex,18.81,9.0,9,9,81.0,169.29,active
SP-E668E236D6,The North Face,The North Face Box Nse Men Lifestyle Long Sleeve Black/White,other,men,39.86,17.1,9,9,153.9,358.74,active
SP-E1745BC3E3,Adidas,"Samba OG Shoes, Black",lifestyle,men,160.83,76.32,12,12,915.84,1929.96,active
SP-D2CBD27227,Adidas,"Samba OG Shoes, White",lifestyle,men,155.52,76.32,12,12,915.84,1866.24,active
SP-86F9AD96E6,Mizuno,Mizuno Wave Lightning Z8,footwear,men,133.2,66.6,64,64,4262.4,8524.8,active
SP-BB3E20F861,Mizuno,Mizuno Wave Lightning Z8 W,footwear,women,133.2,66.6,56,56,3729.6,7459.2,active
SP-25BF4C3BC1,Mizuno,Mizuno Wave Momentum 3,footwear,men,122.1,61.05,48,48,2930.4,5860.8,active
SP-8BD0B8EFA5,K-Swiss,K-Swiss Hypercourt Express 2 W,footwear,women,111.0,57.72,42,42,2424.24,4662.0,active
SP-D936C9E9C6,Mizuno,Mizuno Wave Rider 28,footwear,men,155.4,77.7,48,48,3729.6,7459.2,active
SP-FC6ABE238F,Mizuno,Mizuno Wave Inspire 21,footwear,men,155.4,77.7,42,42,3263.4,6526.8,active
SP-82B46A2F76,La Sportiva,La Sportiva Kaptiva 2,footwear,men,155.4,71.48,35,35,2501.8,5439.0,active
SP-CFC4A2736E,La Sportiva,La Sportiva Jackal II,footwear,men,172.05,79.14,28,28,2215.92,4817.4,active
SP-4AF5F1EE2D,Columbia,Columbia Facet 75 Outdry,footwear,men,166.5,83.25,40,40,3330.0,6660.0,active
SP-97D88E812C,Mizuno,Mizuno Wave Rider 28 W,footwear,women,155.4,77.7,42,42,3263.4,6526.8,active
SP-33272498BE,Mizuno,Mizuno Wave Sky 8,footwear,women,166.5,83.25,35,35,2913.75,5827.5,active
SP-E5E8062C5F,La Sportiva,La Sportiva Wildcat 3.0 W,footwear,women,149.85,68.93,28,28,1930.04,4195.8,active
SP-87178E76A0,Columbia,Columbia Peakfreak II OutDry W,footwear,women,122.1,61.05,35,35,2136.75,4273.5,active
SP-E73794CCEB,La Sportiva,La Sportiva Bushido III,footwear,men,166.5,76.59,28,28,2144.52,4662.0,active
SP-A66350455D,Keen,Keen Targhee IV Mid WP,footwear,men,183.15,87.91,40,40,3516.4,7326.0,active
SP-36AFC5305C,Keen,Keen Venture Mid WP,footwear,men,155.4,74.59,40,40,2983.6,6216.0,active
SP-D21AF978EC,Keen,Keen Jasper Vent,footwear,men,111.0,53.28,48,48,2557.44,5328.0,active
SP-139E4E0F8D,Columbia,Columbia Newton Ridge Plus 2 WP,footwear,men,111.0,55.5,48,48,2664.0,5328.0,active
SP-F74A6F2CD7,Keen,Keen Targhee IV WP Low W,footwear,women,149.85,71.93,35,35,2517.55,5244.75,active
SP-BD7AEE01A2,Keen,Keen Terradora Flex WP W,footwear,women,149.85,71.93,35,35,2517.55,5244.75,active
SP-5314E7EA83,Columbia,Columbia Newton Ridge Plus W,footwear,women,99.9,49.95,42,42,2097.9,4195.8,active
SP-CED36CC988,La Sportiva,La Sportiva Bushido III W,footwear,women,160.95,74.04,28,28,2073.12,4506.6,active
SP-7C0B3A5ECD,Keen,Keen Newport H2 Kids,kids,kids,77.7,37.3,55,55,2051.5,4273.5,active
SP-3EEFEBBB72,Columbia,Columbia Trailstorm Mid WP Kids,kids,kids,77.7,38.85,55,55,2136.75,4273.5,active
SP-B5ED3DA9C3,Keen,Keen Targhee Sport Kids,kids,kids,83.25,39.96,35,35,1398.6,2913.75,active
SP-2F43E7EF07,Teva,Teva Original Universal M,footwear,men,66.6,36.63,64,64,2344.32,4262.4,active
SP-2644ED0974,Teva,Teva Original Universal W,footwear,women,66.6,36.63,56,56,2051.28,3729.6,active
SP-D3B81EBF5D,Teva,Teva Hurricane XLT2 M,footwear,men,77.7,42.74,48,48,2051.52,3729.6,active
SP-89F398D858,Teva,Teva Tirra W,footwear,women,77.7,42.74,42,42,1795.08,3263.4,active
SP-24AE4646D5,Keen,Keen Newport H2 Sandal M,footwear,men,122.1,58.61,40,40,2344.4,4884.0,active
SP-200BA4F84D,Keen,Keen Howser III Slide,footwear,unisex,88.8,42.62,50,50,2131.0,4440.0,active
SP-5827249A55,Birkenstock,Birkenstock Arizona Birko-Flor W,footwear,women,111.0,53.28,40,40,2131.2,4440.0,active
SP-A31AD355C0,Birkenstock,Birkenstock Boston Clog M,footwear,men,166.5,79.92,28,28,2237.76,4662.0,active
SP-61AECD5A95,Birkenstock,Birkenstock Gizeh Toe Post W,footwear,women,116.55,55.94,35,35,1957.9,4079.25,active
SP-73227ABBB9,Hey Dude,Hey Dude Wally Slip-On M,footwear,men,77.7,42.74,48,48,2051.52,3729.6,active
SP-6D5425D438,Hey Dude,Hey Dude Wendy Slip-On W,footwear,women,77.7,42.74,42,42,1795.08,3263.4,active
SP-0669577D6B,Birkenstock,Birkenstock Arizona Kids,kids,kids,83.25,39.96,40,40,1598.4,3330.0,active
SP-BD396CFE27,Vans,Vans Old Skool Black/White,lifestyle,unisex,77.7,42.74,88,88,3761.12,6837.6,active
SP-043F544E70,Vans,Vans Old Skool White,lifestyle,unisex,77.7,42.74,88,88,3761.12,6837.6,active
SP-EE92A1AEEC,Vans,Vans SK8-Hi Black,lifestyle,unisex,94.35,51.89,66,66,3424.74,6227.1,active
SP-B894407578,Vans,Vans Authentic White,lifestyle,unisex,72.15,39.68,96,96,3809.28,6926.4,active
SP-55CA67AAFC,Vans,Vans Old Skool Kids,kids,kids,55.5,30.53,48,48,1465.44,2664.0,active
SP-E1390D4948,Ellesse,Ellesse Raptor Lo M,lifestyle,men,83.25,45.79,35,35,1602.65,2913.75,active
SP-11CD7588B5,Ellesse,Ellesse Massimo Club W,lifestyle,women,83.25,45.79,35,35,1602.65,2913.75,active
SP-561C870956,K-Swiss,K-Swiss Classic 66 M,lifestyle,men,77.7,40.4,35,35,1414.0,2719.5,active
SP-26A670ED8E,Dr. Martens,Dr. Martens 1460 Boot Black M,footwear,men,188.7,90.58,28,28,2536.24,5283.6,active
SP-EDACD0C8B2,Dr. Martens,Dr. Martens 1460 Boot Black W,footwear,women,188.7,90.58,28,28,2536.24,5283.6,active
SP-8865F6A858,Dr. Martens,Dr. Martens 1460 Cherry Red W,footwear,women,205.35,98.57,28,28,2759.96,5749.8,active
SP-8CE7A884DF,Dr. Martens,Dr. Martens 1461 Oxford Black M,footwear,men,149.85,71.93,28,28,2014.04,4195.8,active
SP-BBA2621C3D,Dr. Martens,Dr. Martens 1460 Kids,kids,kids,111.0,53.28,40,40,2131.2,4440.0,active
