sku_id,product_key,style_code,brand,product_name,system_category,gender,retail_price_usd,cost_price_usd,gross_margin_pct,market_median_price_usd,market_min_price_usd,market_max_price_usd,num_competitors,competitors,num_sizes,initial_stock,availability_ratio,collection_type,fx_rate_used
SP-6A627AE57E,ADIDAS|ID8764,ID8764,Adidas,Adidas Galaxy 7 Women Running Shoes Black,footwear,women,81.96,38.4,53.1,80.0,80.0,80.0,2,"adidas_lb,mikesport",7,12,1.0,core,90000
SP-EA1A90B4B8,ADIDAS|HQ6041,HQ6041,Adidas,Adidas Stan Smith Millencon Lifestyle Women,footwear,women,82.8,35.76,56.8,74.5,61.0,88.0,2,"adidas_lb,tchooz",3,10,1.0,core,90000
SP-C7EF6CC8AF,ADIDAS|ID8840,ID8840,Adidas,Adidas Ultraboost 5 Women Running Shoes White/Grey/Pink,footwear,women,139.73,70.56,49.5,147.0,144.0,150.0,2,"adidas_lb,mikesport",2,9,1.0,core,90000
SP-26E1DF3914,ADIDAS|IG9166,IG9166,Adidas,"Advantage 2.0 Shoes, White",footwear,men,120.55,60.48,49.8,126.0,126.0,126.0,2,"adidas_lb,tchooz",16,14,1.0,core,90000
SP-265659CA96,ADIDAS|IG9175,IG9175,Adidas,"Advantage 2.0 Shoes, White",footwear,women,118.62,60.48,49.0,126.0,126.0,126.0,2,"adidas_lb,tchooz",8,13,1.0,core,90000
SP-C328DB5C58,ADIDAS|IG9184,IG9184,Adidas,"Advantage Base 2.0 Shoes, Black",footwear,men,103.9,45.84,55.9,95.5,95.0,96.0,2,"adidas_lb,tchooz",4,10,1.0,core,90000
SP-1A5E48962B,ADIDAS|JI2316,JI2316,Adidas,"Barreda Decode Shoes, Black",footwear,men,121.06,60.48,50.0,126.0,126.0,126.0,2,"adidas_lb,tchooz",3,10,1.0,core,90000
SP-C1FA92617F,ADIDAS|JI2318,JI2318,Adidas,"Barreda Decode Shoes, Green",footwear,men,123.0,60.48,50.8,126.0,126.0,126.0,2,"adidas_lb,tchooz",9,13,1.0,core,90000
SP-A2D46F25B1,ADIDAS|JI2321,JI2321,Adidas,"Barreda Decode Shoes, White",footwear,women,136.18,60.48,55.6,126.0,126.0,126.0,2,"adidas_lb,tchooz",8,13,1.0,core,90000
SP-C5A9CE6C8D,ADIDAS|JI2306,JI2306,Adidas,"Barreda Shoes, White",footwear,men,92.69,45.84,50.5,95.5,95.0,96.0,2,"adidas_lb,tchooz",11,14,1.0,core,90000
SP-8C2C7BFBA1,ADIDAS|IH1478,IH1478,Adidas,"Grand Court 3.0 Shoes, White",footwear,men,121.49,60.48,50.2,126.0,126.0,126.0,2,"adidas_lb,tchooz",11,14,1.0,core,90000
SP-CF5BCC0FE2,ADIDAS|JI4632,JI4632,Adidas,"Response Super Shoes, White",footwear,unisex,89.05,33.12,62.8,69.0,69.0,69.0,2,"adidas_lb,tchooz",7,12,1.0,core,90000
SP-20E084F9D9,NEW BALANCE|BB550,BB550,New Balance,New Balance Bb550 Men Lifestyle Shoes Sea Salt/Blue/Angora,footwear,men,107.38,56.35,47.5,115.0,95.0,139.0,2,"mikesport,tchooz",11,14,0.55,seasonal,90000
SP-48A96BB634,ADIDAS|IG8986,IG8986,Adidas,"4DFWD 3 Running Shoes, Black",footwear,men,178.84,99.36,44.4,207.0,207.0,207.0,1,adidas_lb,1,9,1.0,core,90000
SP-3B493D0895,ADIDAS|IE5863,IE5863,Adidas,"4DFWD 4 Running Shoes, White",footwear,men,185.33,76.32,58.8,159.0,159.0,159.0,1,adidas_lb,1,9,1.0,core,90000
SP-28A4947B98,ADIDAS|ID3489,ID3489,Adidas,"4Dfwd 3 Running Shoes, Beige",footwear,men,185.67,99.36,46.5,207.0,207.0,207.0,1,adidas_lb,1,9,1.0,core,90000
SP-6C4030E8BF,ADIDAS|ID3499,ID3499,Adidas,"4Dfwd 3 Running Shoes, Beige",footwear,women,217.2,99.36,54.3,207.0,207.0,207.0,1,adidas_lb,3,10,1.0,core,90000
SP-73E4C8CC61,ADIDAS|ID3488,ID3488,Adidas,"4Dfwd 3 Running Shoes, Black",footwear,men,157.46,76.32,51.5,159.0,159.0,159.0,1,adidas_lb,1,9,1.0,core,90000
SP-DEECA186E7,ADIDAS|ID3491,ID3491,Adidas,"4Dfwd 3 Running Shoes, Black",footwear,men,139.54,60.96,56.3,127.0,127.0,127.0,1,adidas_lb,1,9,1.0,core,90000
SP-745B1972AB,ADIDAS|IG8995,IG8995,Adidas,"4Dfwd 3 Running Shoes, Black",footwear,women,255.18,99.36,61.1,207.0,207.0,207.0,1,adidas_lb,5,11,1.0,core,90000
SP-485BDE7E2C,ADIDAS|IG8996,IG8996,Adidas,"4Dfwd 3 Running Shoes, Black",footwear,women,224.87,99.36,55.8,207.0,207.0,207.0,1,adidas_lb,1,9,1.0,core,90000
SP-545229B88B,ADIDAS|IG8980,IG8980,Adidas,"4Dfwd 3 Running Shoes, Grey",footwear,men,171.5,76.32,55.5,159.0,159.0,159.0,1,adidas_lb,5,11,1.0,core,90000
SP-BEDB9977CB,ADIDAS|ID8882,ID8882,Adidas,"4Dfwd 4 Running Shoes, Black",footwear,women,154.0,76.32,50.4,159.0,159.0,159.0,1,adidas_lb,6,12,1.0,core,90000
SP-0D8F9A9ADA,ADIDAS|ID8311,ID8311,Adidas,"4Dfwd 4 Running Shoes, White",footwear,women,182.95,99.36,45.7,207.0,207.0,207.0,1,adidas_lb,3,10,1.0,core,90000
SP-9DB6B598F6,ADIDAS|ID8887,ID8887,Adidas,"4Dfwd 4 Running Shoes, White",footwear,men,145.33,60.96,58.1,127.0,127.0,127.0,1,adidas_lb,6,12,1.0,core,90000
SP-F272E0B3EC,CROCS|IN236717,IN236717,Crocs,Crocs All Day Men Lifestyle Slippers Black,footwear,men,39.39,18.72,52.5,36.0,36.0,36.0,1,mikesport,6,12,1.0,core,90000
SP-26CA5937C8,CROCS|IN236719,IN236719,Crocs,Crocs All Day Men Lifestyle Slippers Navy,footwear,men,44.51,18.72,57.9,36.0,36.0,36.0,1,mikesport,6,12,1.0,core,90000
SP-CA4D78ABDF,CROCS|IN236714,IN236714,Crocs,Crocs All Day Women Lifestyle Slippers Black,footwear,women,36.75,18.72,49.1,36.0,36.0,36.0,1,mikesport,4,10,1.0,core,90000
SP-0A0C5718B8,CROCS|IN236716,IN236716,Crocs,Crocs All Day Women Lifestyle Slippers Powder Pink,footwear,women,44.63,18.72,58.1,36.0,36.0,36.0,1,mikesport,1,9,1.0,core,90000
SP-1DE83EF0B0,CROCS|IN236715,IN236715,Crocs,Crocs All Day Women Lifestyle Slippers White,footwear,women,31.42,18.72,40.4,36.0,36.0,36.0,1,mikesport,4,10,1.0,core,90000
SP-22ED3EE46C,CROCS|IN206521,IN206521,Crocs,Crocs All Terrain Kids Lifestyle Sandals Storm,footwear,kids,32.41,15.08,53.5,29.0,29.0,29.0,1,mikesport,1,9,1.0,core,90000
SP-1EFF62AD3C,CROCS|IN164432,IN164432,Crocs,Crocs Bae Clog Women Lifestyle Black,footwear,women,83.16,43.68,47.5,84.0,84.0,84.0,1,mikesport,4,10,1.0,core,90000
SP-B3F68BA4E6,CROCS|IN221082,IN221082,Crocs,Crocs Bae Clog Women Lifestyle Dragon Fruit,footwear,women,84.2,43.68,48.1,84.0,84.0,84.0,1,mikesport,3,10,1.0,core,90000
SP-579FCCF26F,CROCS|IN221081,IN221081,Crocs,Crocs Bae Clog Women Lifestyle Kiwi,footwear,women,81.46,43.68,46.4,84.0,84.0,84.0,1,mikesport,3,10,1.0,core,90000
SP-9EF0AF0731,CROCS|IN221083,IN221083,Crocs,Crocs Bae Clog Women Lifestyle Orangesicle,footwear,women,77.12,43.68,43.4,84.0,84.0,84.0,1,mikesport,3,10,1.0,core,90000
SP-4922B84AAD,CROCS|IN221080,IN221080,Crocs,Crocs Bae Clog Women Lifestyle White,footwear,women,103.95,43.68,58.0,84.0,84.0,84.0,1,mikesport,2,9,1.0,core,90000
SP-1B705F3CD9,CROCS|IN227558,IN227558,Crocs,Crocs Bae Glitter Clog Women Lifestyle Clog Pink Milk,footwear,women,78.2,46.8,40.2,90.0,90.0,90.0,1,mikesport,2,9,1.0,core,90000
SP-0AA1FDD34E,CROCS|IN227557,IN227557,Crocs,Crocs Bae Glitter Women Lifestyle Clog Black,footwear,women,105.2,46.8,55.5,90.0,90.0,90.0,1,mikesport,1,9,1.0,core,90000
SP-6F212837EF,CROCS|IN231583,IN231583,Crocs,Crocs Bae Lined Women Lifestyle Clog Black,footwear,women,70.06,34.84,50.3,67.0,67.0,67.0,1,mikesport,1,9,1.0,core,90000
SP-63D1F944FA,CROCS|IN236746,IN236746,Crocs,Crocs Bae Pinnacle Embellished Women Lifestyle Clog Frappe,footwear,women,192.49,87.36,54.6,168.0,168.0,168.0,1,mikesport,1,9,1.0,core,90000
SP-7C595F60D7,CROCS|IN236684,IN236684,Crocs,Crocs Bae Women Lifestyle Clog Mauve Mist,footwear,women,105.71,43.68,58.7,84.0,84.0,84.0,1,mikesport,4,10,1.0,core,90000
SP-5FCBB664AF,CROCS|IN224595,IN224595,Crocs,Crocs Bae Women Lifestyle Clog Milk Chocolate,footwear,women,83.53,43.68,47.7,84.0,84.0,84.0,1,mikesport,1,9,1.0,core,90000
SP-57E4E0DDE1,CROCS|IN236685,IN236685,Crocs,Crocs Bae Women Lifestyle Clog Quartz,footwear,women,78.52,43.68,44.4,84.0,84.0,84.0,1,mikesport,4,10,1.0,core,90000
SP-CE1996B0E0,CROCS|IN227545,IN227545,Crocs,Crocs Bae Women Lifestyle Clog Starfish,footwear,women,91.09,43.68,52.0,84.0,84.0,84.0,1,mikesport,1,9,1.0,core,90000
SP-12E813D427,CROCS|IN227544,IN227544,Crocs,Crocs Bae Women Lifestyle Clog Taupe,footwear,women,88.7,43.68,50.8,84.0,84.0,84.0,1,mikesport,3,10,1.0,core,90000
SP-D62159F18D,CROCS|IN238068,IN238068,Crocs,Crocs Barbie Classic Infant Lifestyle Clog Multi,footwear,kids,67.25,31.2,53.6,60.0,60.0,60.0,1,mikesport,3,10,1.0,core,90000
SP-ABDA020E90,CROCS|IN238067,IN238067,Crocs,Crocs Barbie Classic Kids Lifestyle Clog Multi,footwear,kids,82.57,34.32,58.4,66.0,66.0,66.0,1,mikesport,4,10,1.0,core,90000
SP-CC5CDA3953,CROCS|IN073617,IN073617,Crocs,Crocs Bistro Slip Resistant Work Clog Unisex lifestyle Slippers Black,footwear,unisex,43.74,21.84,50.1,42.0,42.0,42.0,1,mikesport,2,9,1.0,core,90000
SP-8909E63A20,CROCS|IN073618,IN073618,Crocs,Crocs Bistro Slip Resistant Work Clog Unisex lifestyle Slippers Navy,footwear,unisex,47.71,21.84,54.2,42.0,42.0,42.0,1,mikesport,4,10,1.0,core,90000
SP-B6194DA390,NEW BALANCE|NB9060,NB9060,New Balance,Joe Freshgoods x New Balance NB9060,footwear,unisex,87.68,39.2,55.3,80.0,80.0,80.0,1,shoesworld,12,14,1.0,core,90000
SP-AA3A19B5B7,NEW BALANCE|IN234813,IN234813,New Balance,New Balance 1000 Women Lifestyle Shoes Silver Metallic,footwear,women,246.43,112.21,54.5,229.0,229.0,229.0,1,mikesport,3,10,1.0,core,90000
SP-1119C7A992,NEW BALANCE|IN217981,IN217981,New Balance,New Balance 1080 Men Running Shoes Black/Magnet/Linen,footwear,men,248.52,98.98,60.2,202.0,202.0,202.0,1,mikesport,3,10,1.0,core,90000
SP-24B46A527F,NEW BALANCE|IN219772,IN219772,New Balance,New Balance 1080 Women Running Shoes Black/Phantom,footwear,women,235.95,98.98,58.1,202.0,202.0,202.0,1,mikesport,1,9,1.0,core,90000
SP-D066E902D0,NEW BALANCE|IN234716,IN234716,New Balance,New Balance 1080V15 Men Running Shoes Afterglow,footwear,men,273.3,134.75,50.7,275.0,275.0,275.0,1,mikesport,6,12,1.0,core,90000
SP-DB450DEC3B,NEW BALANCE|IN234715,IN234715,New Balance,New Balance 1080V15 Men Running Shoes Black,footwear,men,316.67,134.75,57.4,275.0,275.0,275.0,1,mikesport,7,12,1.0,core,90000
SP-928176DAC9,NEW BALANCE|IN232938,IN232938,New Balance,New Balance 1440 Men Running Shoes Black,footwear,men,133.65,53.41,60.0,109.0,109.0,109.0,1,mikesport,4,10,1.0,core,90000
SP-A5571E2645,NEW BALANCE|IN209953,IN209953,New Balance,New Balance 1906 Men Lifestyle Shoes Silver/Black,footwear,unisex,343.62,134.75,60.8,275.0,275.0,275.0,1,mikesport,6,12,1.0,core,90000
SP-B2BF00C26E,NEW BALANCE|IN226798,IN226798,New Balance,New Balance 1906R Unisex Lifestyle Shoes Harbor Grey,footwear,unisex,303.52,134.75,55.6,275.0,275.0,275.0,1,mikesport,7,12,1.0,core,90000
SP-9E192AAE8B,NEW BALANCE|IN223598,IN223598,New Balance,New Balance 1906R Women Lifestyle Shoes Silver Metalic,footwear,women,176.78,98.98,44.0,202.0,202.0,202.0,1,mikesport,7,12,1.0,core,90000
SP-16070A4590,NEW BALANCE|IN202153,IN202153,New Balance,New Balance 2002R Unisex Lifestyle Shoes Bone/ Light Aluminum,footwear,unisex,137.52,62.72,54.4,128.0,128.0,128.0,1,mikesport,1,9,1.0,core,90000
SP-5142DAE261,NEW BALANCE|IN234835,IN234835,New Balance,New Balance 204L Women Lifestyle Shoes Grey,footwear,women,171.06,82.81,51.6,169.0,169.0,169.0,1,mikesport,7,12,1.0,core,90000
SP-FB406DA2F5,NEW BALANCE|IN226994,IN226994,New Balance,New Balance 237 Women Lifestyle Shoes Sea Salt,footwear,women,93.08,49.98,46.3,102.0,102.0,102.0,1,mikesport,2,9,1.0,core,90000
SP-A0C279D81B,NEW BALANCE|IN209467,IN209467,New Balance,New Balance 327 Men Lifestyle Shoes Black/White,footwear,men,179.43,82.81,53.8,169.0,169.0,169.0,1,mikesport,8,13,1.0,core,90000
SP-3B47C73D99,NEW BALANCE|IN234838,IN234838,New Balance,New Balance 327 Men Lifestyle Shoes Brown,footwear,men,180.76,82.81,54.2,169.0,169.0,169.0,1,mikesport,11,14,1.0,core,90000
SP-C48AE249D6,NEW BALANCE|IN192327,IN192327,New Balance,New Balance 327 Men Lifestyle Shoes Grey/ White,footwear,men,139.02,57.82,58.4,118.0,118.0,118.0,1,mikesport,3,10,1.0,core,90000
SP-B2EA9F6428,NEW BALANCE|IN234837,IN234837,New Balance,New Balance 327 Men Lifestyle Shoes Tornado,footwear,men,184.98,82.81,55.2,169.0,169.0,169.0,1,mikesport,10,14,1.0,core,90000
SP-5F9B088137,NEW BALANCE|IN226903,IN226903,New Balance,New Balance 327 Ps-Boys Lifestyle Shoes Black/White,footwear,kids,82.24,37.24,54.7,76.0,76.0,76.0,1,mikesport,4,10,1.0,core,90000
SP-3346E77C8D,NEW BALANCE|IN226904,IN226904,New Balance,New Balance 327 Ps-Boys Lifestyle Shoes Silver Birch,footwear,kids,79.93,37.24,53.4,76.0,76.0,76.0,1,mikesport,3,10,1.0,core,90000
SP-112F8642D1,NEW BALANCE|IN234839,IN234839,New Balance,New Balance 327 Women Lifestyle Shoes Black,footwear,women,200.68,90.65,54.8,185.0,185.0,185.0,1,mikesport,10,14,1.0,core,90000
SP-7B8C3CDB88,NEW BALANCE|IN234908,IN234908,New Balance,New Balance 327 Women Lifestyle Shoes Black/Sea Salt,footwear,women,183.9,82.81,55.0,169.0,169.0,169.0,1,mikesport,1,9,1.0,core,90000
SP-4BFC3223D5,NEW BALANCE|IN218014,IN218014,New Balance,New Balance 327 Women Lifestyle Shoes Moonbeam,footwear,women,205.09,82.81,59.6,169.0,169.0,169.0,1,mikesport,4,10,1.0,core,90000
SP-EED5158BD6,NEW BALANCE|IN219806,IN219806,New Balance,New Balance 327 Women Lifestyle Shoes Moonbeam/Stone Pink,footwear,women,177.62,82.81,53.4,169.0,169.0,169.0,1,mikesport,9,13,1.0,core,90000
SP-A09457D613,NIKE|IN235324,IN235324,Nike,Nike Air Force 1 '07 Next Nature Women Lifestyle Shoes White/Linen,footwear,women,205.13,97.29,52.6,207.0,207.0,207.0,1,mikesport,7,12,1.0,core,90000
SP-74302C346B,NIKE|IN232337,IN232337,Nike,Nike Air Force 1 '07 Women Lifestyle Shoes Burgundy Crush,footwear,women,184.18,79.43,56.9,169.0,169.0,169.0,1,mikesport,1,9,1.0,core,90000
SP-23392C79BE,NIKE|IN237338,IN237338,Nike,Nike Air Force 1 '07 Women Lifestyle Shoes Midnight Navy/Black,footwear,women,246.76,105.75,57.1,225.0,225.0,225.0,1,mikesport,1,9,1.0,core,90000
SP-DC2D1E2F28,NIKE|IN232278,IN232278,Nike,Nike Air Force 1 07 Gtx Men Lifestyle Shoes Fauna Brown/Black,footwear,men,189.35,91.18,51.8,194.0,194.0,194.0,1,mikesport,4,10,1.0,core,90000
SP-7DAC8BE0F9,NIKE|IN237517,IN237517,Nike,Nike Air Force 1 07 Lv8 Men Lifestyle Shoes Anthracite/Grey,footwear,men,273.82,105.75,61.4,225.0,225.0,225.0,1,mikesport,4,10,1.0,core,90000
SP-A4B321429E,NIKE|IN232104,IN232104,Nike,Nike Air Force 1 07 Lv8 Men Lifestyle Shoes Black/Wolf Grey,footwear,men,160.86,72.85,54.7,155.0,155.0,155.0,1,mikesport,9,13,1.0,core,90000
SP-DCBF4E8148,NIKE|IN171152,IN171152,Nike,Nike Air Force 1 07 Men Lifestyle Shoes White/Black,footwear,men,213.98,97.29,54.5,207.0,207.0,207.0,1,mikesport,9,13,1.0,core,90000
SP-672C269E79,NIKE|IN227178,IN227178,Nike,Nike Air Force 1 07 Next Nature Women Lifestyle Shoes White/Silver,footwear,women,137.11,72.85,46.9,155.0,155.0,155.0,1,mikesport,3,10,1.0,core,90000
SP-5B19015206,NIKE|IN237354,IN237354,Nike,Nike Air Force 1 07 Premium Flowers Women Lifestyle Shoes Black/White/Gold,footwear,women,217.81,105.75,51.4,225.0,225.0,225.0,1,mikesport,4,10,1.0,core,90000
SP-F32E6859B7,NIKE|IN232335,IN232335,Nike,Nike Air Force 1 07 Vintage Women Lifestyle Shoes Burgundy/Silvr/White,footwear,women,189.44,79.43,58.1,169.0,169.0,169.0,1,mikesport,6,12,1.0,core,90000
SP-DB0AA24C01,NIKE|IN199973,IN199973,Nike,Nike Air Force 1 07 Wb Men Lifestyle Shoes Flax/Gum/Black,footwear,men,169.9,72.85,57.1,155.0,155.0,155.0,1,mikesport,7,12,1.0,core,90000
SP-754C50418D,NIKE|IN232277,IN232277,Nike,Nike Air Force 1 07 Wb Men Lifestyle Shoes Wolf Grey/Black,footwear,men,179.91,72.85,59.5,155.0,155.0,155.0,1,mikesport,1,9,1.0,core,90000
SP-882C75963E,NIKE|IN230472,IN230472,Nike,Nike Air Force 1 07 Women Lifestyle Shoes Summit White,footwear,women,135.55,69.56,48.7,148.0,148.0,148.0,1,mikesport,1,9,1.0,core,90000
SP-B677F147CF,NIKE|IN160787,IN160787,Nike,Nike Air Force 1 07 Women Lifestyle Shoes White,footwear,women,187.87,97.29,48.2,207.0,207.0,207.0,1,mikesport,8,13,1.0,core,90000
SP-A766A3D4CB,NIKE|IN230183,IN230183,Nike,Nike Air Force 1 Gs-Girls Lifestyle Shoes White/Pink,footwear,kids,118.21,53.58,54.7,114.0,114.0,114.0,1,mikesport,1,9,1.0,core,90000
SP-EF3A3CE8FD,NIKE|IN237225,IN237225,Nike,Nike Air Force 1 Le Gs-Boys Lifestyle Shoes Black,footwear,kids,204.55,81.78,60.0,174.0,174.0,174.0,1,mikesport,6,12,1.0,core,90000
SP-75279CED6C,NIKE|IN222488,IN222488,Nike,Nike Air Force Men Lifestyle Shoes Summit White,footwear,men,183.95,69.56,62.2,148.0,148.0,148.0,1,mikesport,2,9,1.0,core,90000
SP-20E0FF4DDC,NIKE|IN237212,IN237212,Nike,Nike Air Jordan 1 Low Gs-Girls Lifestyle Shoes Black/White/Pink,footwear,kids,191.59,77.08,59.8,164.0,164.0,164.0,1,mikesport,2,9,1.0,core,90000
SP-76A23C6634,NIKE|IN232091,IN232091,Nike,Nike Air Jordan 1 Low Men Lifestyle Shoes Black/White,footwear,men,162.74,79.43,51.2,169.0,169.0,169.0,1,mikesport,4,10,1.0,core,90000
SP-7286ED76D8,NIKE|IN235315,IN235315,Nike,Nike Air Jordan 1 Low Men Lifestyle Shoes Gym Red/White/Black,footwear,men,216.35,105.75,51.1,225.0,225.0,225.0,1,mikesport,2,9,1.0,core,90000
SP-B49F9A44F0,NIKE|IN230334,IN230334,Nike,Nike Air Jordan 1 Low Se Women Lifestyle Shoes Anthracite,footwear,women,157.87,74.73,52.7,159.0,159.0,159.0,1,mikesport,1,9,1.0,core,90000
SP-8F8A2E507A,NIKE|IN232094,IN232094,Nike,Nike Air Jordan 1 Low Women Lifestyle Shoes Mystic Hibiscus,footwear,women,193.14,79.43,58.9,169.0,169.0,169.0,1,mikesport,5,11,1.0,core,90000
SP-8DEF4856DC,NIKE|IN232276,IN232276,Nike,Nike Air Jordan 1 Men Lifestyle Shoes Sail/Blue/Lava/White,footwear,men,188.91,79.43,58.0,169.0,169.0,169.0,1,mikesport,4,10,1.0,core,90000
SP-5D4B96E09C,NIKE|IN222373,IN222373,Nike,Nike Air Jordan 1 Men Lifestyle Sneakers Black/White/Red,footwear,men,160.62,74.73,53.5,159.0,159.0,159.0,1,mikesport,1,9,1.0,core,90000
SP-B461EE0286,ON|IN227404,IN227404,ON,On Cloudboom Max 1 Men Running Shoes White/Black,footwear,men,359.24,128.34,64.3,279.0,279.0,279.0,1,mikesport,9,13,1.0,core,90000
SP-64DAAC38A4,ON|IN227416,IN227416,ON,On Cloudboom Max 1 Women Running Shoes Honeydrew/Lilac,footwear,women,273.77,102.58,62.5,223.0,223.0,223.0,1,mikesport,1,9,1.0,core,90000
SP-749D462018,ADIDAS|HE4146,HE4146,Adidas,"Studio Lounge Rib Jumpsuit, Green",football_boots,women,23.57,10.08,57.2,21.0,21.0,21.0,1,adidas_lb,2,6,1.0,core,90000
SP-B508115FF9,ON|IN233463,IN233463,ON,On Studio 7/8 Training High Waist Plain Mineral,football_boots,women,164.2,66.7,59.4,145.0,145.0,145.0,1,mikesport,4,7,1.0,core,90000
SP-CA2B45C970,ON|IN233464,IN233464,ON,On Studio 7/8 Women Training 7/8 Tight Navy,football_boots,women,164.9,66.7,59.6,145.0,145.0,145.0,1,mikesport,3,6,1.0,core,90000
SP-238EEC1D13,ON|IN233433,IN233433,ON,On Studio Crop Top Women Training Long Sleeve Heron,football_boots,women,80.74,34.5,57.3,75.0,75.0,75.0,1,mikesport,4,7,1.0,core,90000
SP-966ED5B129,ON|IN233465,IN233465,ON,On Studio High Waist Women Training 7/8 Tight Black,football_boots,women,143.48,66.7,53.5,145.0,145.0,145.0,1,mikesport,4,7,1.0,core,90000
SP-09E55BAC3E,Adidas|NAME:2024 COPA GLORO2,,Adidas,2024 Copa Gloro2,football_boots,unisex,65.57,33.6,48.8,70.0,70.0,70.0,1,shoesworld,7,8,1.0,core,90000
SP-79E8A2816E,Adidas|NAME:2024 COPA GLORO2 FG 39-45,,Adidas,2024 Copa Gloro2 FG 39-45,football_boots,unisex,82.09,36.0,56.1,75.0,75.0,75.0,1,shoesworld,7,8,1.0,core,90000
SP-3350E7D69E,Adidas|NAME:ADIDAS COPA PURE II+ FG BOOTS39+45,,Adidas,ADIDAS COPA PURE II+ FG BOOTS39+45,football_boots,unisex,83.85,36.0,57.1,75.0,75.0,75.0,1,shoesworld,7,8,1.0,core,90000
SP-404E26F96A,Nike|NAME:35-45 NIKE AIR ZOOM MERCURIAL SUPERFLY IX ELITE FG,,Nike,35-45 Nike Air Zoom Mercurial Superfly IX Elite FG,football_boots,unisex,67.88,31.02,54.3,66.0,66.0,66.0,1,shoesworld,11,10,1.0,core,90000
SP-7BE0A2526A,Nike|NAME:35-45 NIKE AIR ZOOM MERCURIAL SUPERFLY IX ELITE FG6,,Nike,35-45 Nike Air Zoom Mercurial Superfly IX Elite FG6,football_boots,unisex,76.67,32.9,57.1,70.0,70.0,70.0,1,shoesworld,11,10,1.0,core,90000
SP-4129A11BDA,Nike|NAME:35-45 NIKE AIR ZOOM MERCURIAL VAPOR XV ELITE TF,,Nike,35-45 Nike Air Zoom Mercurial Vapor XV Elite TF,football_boots,unisex,61.48,31.02,49.5,66.0,66.0,66.0,1,shoesworld,11,10,1.0,core,90000
SP-AF96283080,Nike|NAME:35-45） NIKE AIR ZOOM MERCURIAL SUPERFLY IX ELITE FG,,Nike,35-45） Nike Air Zoom Mercurial Superfly IX Elite FG,football_boots,unisex,69.23,31.49,54.5,66.99,66.99,66.99,1,shoesworld,11,10,1.0,core,90000
SP-435247DC0F,Puma|NAME:2024 NEW PUMA MG STUDS FOOTBALL SHOES PUMA FUTURE 2024 39-45,,Puma,2024 new Puma Mg studs football shoes PUMA FUTURE 2024 39-45,football_boots,unisex,60.37,35.0,42.0,70.0,70.0,70.0,1,shoesworld,7,8,1.0,core,90000
SP-A2F2F1E782,Puma|NAME:FUTURE 7 ULTIMATE FG36-45,,Puma,FUTURE 7 ULTIMATE FG36-45,football_boots,unisex,77.68,37.5,51.7,75.0,75.0,75.0,1,shoesworld,10,10,1.0,core,90000
SP-5ECECDA788,Puma|NAME:FUTURE 7 ULTIMATE MG,,Puma,FUTURE 7 ULTIMATE MG,football_boots,unisex,67.91,35.0,48.5,70.0,70.0,70.0,1,shoesworld,7,8,1.0,core,90000
SP-BCCE453E4E,Puma|NAME:PUMA FUTURE 2024,,Puma,PUMA FUTURE 2024,football_boots,unisex,66.83,33.0,50.6,66.0,65.0,75.0,1,shoesworld,7,8,1.0,core,90000
SP-46BE11CF40,TOPTEN ACCESSORIES|IN208899,IN208899,Topten Accessories,Topten Accessories The Ultimate Soccer Backpack Unisex Back To School Bag Blue/White,football_boots,unisex,14.56,7.28,50.0,14.0,14.0,14.0,1,mikesport,1,6,1.0,core,90000
SP-8DA54A884E,ADIDAS|IX1248,IX1248,Adidas,Adidas All Szn Men Sportswear Hoody Black,apparel,men,107.34,45.84,57.3,95.5,95.0,96.0,2,"adidas_lb,mikesport",4,14,1.0,core,90000
SP-236F78ABB2,ADIDAS|JV5079,JV5079,Adidas,Adidas Camo Graphic Kids-Boys Sportswear T-Shirt Black,apparel,kids,27.49,13.68,50.2,28.5,28.0,29.0,2,"adidas_lb,mikesport",4,14,1.0,core,90000
SP-511FC63A1A,ADIDAS|JE5682,JE5682,Adidas,Adidas D4T 3 Stripes Men Training Short Black,apparel,men,68.3,36.72,46.2,76.5,76.0,77.0,2,"adidas_lb,mikesport",5,14,1.0,core,90000
SP-275CC88728,ADIDAS|JE8943,JE8943,Adidas,Adidas Essentials Big Logo Men Sportswear T-Shirt White/Black,apparel,men,42.19,21.36,49.4,44.5,44.0,45.0,2,"adidas_lb,mikesport",5,14,1.0,core,90000
SP-DB6E685B51,ADIDAS|JJ2137,JJ2137,Adidas,Adidas Fc Bayern 25/26 Home Jersey Men Football T-Shirt Red,apparel,men,140.76,76.32,45.8,159.0,159.0,159.0,2,"adidas_lb,mikesport",5,14,1.0,core,90000
SP-CC132CEF52,ADIDAS|JM6459,JM6459,Adidas,Adidas Food Grilled Cheese Graphic Men Sportswear T-Shirt Off White,apparel,men,43.76,21.36,51.2,44.5,44.0,45.0,2,"adidas_lb,mikesport",4,14,1.0,core,90000
SP-42DCF92EB8,ADIDAS|JN5237,JN5237,Adidas,Adidas Juventus 25/26 Home Jersey Kids-Unisex Football T-Shirt White/Black,apparel,unisex,129.37,56.16,56.6,117.0,117.0,117.0,2,"adidas_lb,mikesport",5,14,1.0,core,90000
SP-DE8799B8CD,ADIDAS|JJ4320,JJ4320,Adidas,Adidas Juventus 25/26 Home Jersey Men Football T-Shirt White/Black,apparel,men,198.12,73.2,63.1,152.5,152.0,153.0,2,"adidas_lb,mikesport",4,14,1.0,core,90000
SP-DB14195D44,ADIDAS|JJ4182,JJ4182,Adidas,Adidas Real Madrid 25/26 Away Jersey Men Football T-Shirt Legend Ink,apparel,men,160.45,73.2,54.4,152.5,152.0,153.0,2,"adidas_lb,mikesport",4,14,1.0,core,90000
SP-DA8CC184C9,ADIDAS|JN8887,JN8887,Adidas,Adidas Real Madrid 25/26 Home Jersey Kids-Unisex Football T-Shirt White,apparel,unisex,112.3,56.16,50.0,117.0,117.0,117.0,2,"adidas_lb,mikesport",5,14,1.0,core,90000
SP-56FCC8F98B,ADIDAS|JJ1931,JJ1931,Adidas,Adidas Real Madrid 25/26 Home Jersey Men Football T-Shirt White,apparel,men,175.67,73.2,58.3,152.5,152.0,153.0,2,"adidas_lb,mikesport",4,14,1.0,core,90000
SP-709D55A450,ADIDAS|JN8878,JN8878,Adidas,Adidas Real Madrid 25/26 Home Kids-Unisex Football Short White,apparel,unisex,56.3,29.28,48.0,61.0,61.0,61.0,2,"adidas_lb,mikesport",3,14,1.0,core,90000
SP-351A270268,ADIDAS|JJ1926,JJ1926,Adidas,Adidas Real Madrid 25/26 Home Men Football Short White,apparel,men,72.85,32.16,55.9,67.0,67.0,67.0,2,"adidas_lb,mikesport",3,14,1.0,core,90000
SP-0246864EFD,ADIDAS|JL5081,JL5081,Adidas,Adidas Workout Essentials Woven Women Training Pant Black,apparel,women,75.36,36.72,51.3,76.5,76.0,77.0,2,"adidas_lb,mikesport",4,14,1.0,core,90000
SP-DA4EFC860B,ADIDAS|KD7968,KD7968,Adidas,"3 Stripes Bralett, Black",apparel,women,47.59,25.92,45.5,54.0,54.0,54.0,1,adidas_lb,5,14,1.0,core,90000
SP-154D0C8A2D,ADIDAS|GL0723,GL0723,Adidas,"3 Stripes Leggings, Black",apparel,women,37.8,16.8,55.6,35.0,35.0,35.0,1,adidas_lb,4,14,1.0,core,90000
SP-33F5CF243E,ADIDAS|IM2848,IM2848,Adidas,"3 Stripes Leggings, Turquoise",apparel,women,12.2,6.72,44.9,14.0,14.0,14.0,1,adidas_lb,1,14,1.0,core,90000
SP-FF9B4B4F9C,ADIDAS|KD7980,KD7980,Adidas,"3 Stripes Slim T-Shirt, Black",apparel,women,53.63,25.92,51.7,54.0,54.0,54.0,1,adidas_lb,5,14,1.0,core,90000
SP-7F6612273E,ADIDAS|KD3683,KD3683,Adidas,"3 Stripes Slim T-Shirt, White",apparel,women,48.34,25.92,46.4,54.0,54.0,54.0,1,adidas_lb,4,14,1.0,core,90000
SP-625A952A40,ADIDAS|IU2415,IU2415,Adidas,"3-Stripes Bra Long-Sleeve Top, Multicolour",apparel,women,22.04,10.56,52.1,22.0,22.0,22.0,1,adidas_lb,1,14,1.0,core,90000
SP-753874965B,ADIDAS|HT4369,HT4369,Adidas,"3-Stripes Clx Very-Short-Length Swim Shorts, Blue",apparel,men,35.68,14.88,58.3,31.0,31.0,31.0,1,adidas_lb,2,14,1.0,core,90000
SP-80442AC9A2,ADIDAS|IY2155,IY2155,Adidas,"3-Stripes French Terry Shorts, Purple",apparel,women,27.92,11.52,58.7,24.0,24.0,24.0,1,adidas_lb,1,14,1.0,core,90000
SP-154D3E9BB1,ADIDAS|IU2522,IU2522,Adidas,"3-Stripes Leggings, Black",apparel,women,38.91,16.32,58.1,34.0,34.0,34.0,1,adidas_lb,2,14,1.0,core,90000
SP-E7F43FB6BA,ADIDAS|JD4982,JD4982,Adidas,"3-Stripes Leggings, Brown",apparel,women,43.71,20.64,52.8,43.0,43.0,43.0,1,adidas_lb,3,14,1.0,core,90000
SP-E0B825C9D5,ADIDAS|IP2970,IP2970,Adidas,"3-Stripes Leggings, Green",apparel,women,24.15,10.56,56.3,22.0,22.0,22.0,1,adidas_lb,3,14,1.0,core,90000
SP-AA14E90547,ADIDAS|IP2968,IP2968,Adidas,"3-Stripes Leggings, Multicolour",apparel,women,28.73,12.96,54.9,27.0,27.0,27.0,1,adidas_lb,2,14,1.0,core,90000
SP-E20D71253B,NEW BALANCE|IN234886,IN234886,New Balance,New Balance 25 Inches Essential High-Rise Women Performance 7/8 Tight Black,apparel,women,72.99,28.91,60.4,59.0,59.0,59.0,1,mikesport,4,14,1.0,core,90000
SP-7CDB28E0F3,NEW BALANCE|IN192321,IN192321,New Balance,New Balance Accelerate 7 Inch Men Performanc Short Ice Blue,apparel,men,25.92,13.23,49.0,27.0,27.0,27.0,1,mikesport,1,14,1.0,core,90000
SP-8B54A344D5,NEW BALANCE|IN205073,IN205073,New Balance,New Balance Archive Men Lifestyle Sweatshirt Athletic Grey,apparel,men,66.93,35.28,47.3,72.0,72.0,72.0,1,mikesport,1,14,1.0,core,90000
SP-264C0F6E4D,NEW BALANCE|IN205134,IN205134,New Balance,New Balance Athletic Jersey Women Lifestyle T-Shirt Black,apparel,women,50.21,24.01,52.2,49.0,49.0,49.0,1,mikesport,4,14,1.0,core,90000
SP-016FA5F172,NEW BALANCE|IN234925,IN234925,New Balance,New Balance Athletic Premium Logo Relaxed Women Lifestyle Sweatshirt Big Teal,apparel,women,77.65,36.75,52.7,75.0,75.0,75.0,1,mikesport,4,14,1.0,core,90000
SP-4C55644A29,NEW BALANCE|IN219845,IN219845,New Balance,New Balance Athletics Flower Women Lifestyle T-Shirt Clay Ash,apparel,women,38.91,18.62,52.1,38.0,38.0,38.0,1,mikesport,1,14,1.0,core,90000
SP-8EDF34B77B,NEW BALANCE|IN226849,IN226849,New Balance,New Balance Athletics French Terry Logo Men Lifestyle Hoody Black,apparel,men,96.07,43.12,55.1,88.0,88.0,88.0,1,mikesport,1,14,1.0,core,90000
SP-F557DDEAE8,NEW BALANCE|IN219643,IN219643,New Balance,New Balance Athletics French Terry Men Lifestyle Hoody Dusk Shower,apparel,men,88.45,39.2,55.7,80.0,80.0,80.0,1,mikesport,2,14,1.0,core,90000
SP-6477693F65,NEW BALANCE|IN234751,IN234751,New Balance,New Balance Athletics French Terry Men Lifestyle Pant Black,apparel,men,92.21,48.51,47.4,99.0,99.0,99.0,1,mikesport,4,14,1.0,core,90000
SP-C2A32D9C08,NEW BALANCE|IN234746,IN234746,New Balance,New Balance Athletics French Terry Men Lifestyle Pant Pumpernickel,apparel,men,115.28,51.45,55.4,105.0,105.0,105.0,1,mikesport,2,14,1.0,core,90000
SP-E859AD8963,NEW BALANCE|IN219793,IN219793,New Balance,New Balance Athletics French Terry Women Lifestyle Pant Linen,apparel,women,73.86,36.26,50.9,74.0,74.0,74.0,1,mikesport,2,14,1.0,core,90000
SP-E8BBCA75D7,NEW BALANCE|IN226998,IN226998,New Balance,New Balance Athletics French Terry Women Lifestyle Short Linen,apparel,women,66.43,26.95,59.4,55.0,55.0,55.0,1,mikesport,3,14,1.0,core,90000
SP-ABD0B6080A,NEW BALANCE|IN227021,IN227021,New Balance,New Balance Athletics Gradient Shoes Women Lifestyle T-Shirt Linen,apparel,women,36.38,16.66,54.2,34.0,34.0,34.0,1,mikesport,2,14,1.0,core,90000
SP-02EF4F091B,NEW BALANCE|IN238166,IN238166,New Balance,New Balance Athletics Graffiti Graphic Kids-Girls Lifestyle T-Shirt Caviar/Pink,apparel,kids,33.41,17.15,48.7,35.0,35.0,35.0,1,mikesport,3,14,1.0,core,90000
SP-9DE0BC17BB,NEW BALANCE|IN226859,IN226859,New Balance,New Balance Athletics Graphic Men Performanc T-Shirt Black,apparel,men,48.16,19.11,60.3,39.0,39.0,39.0,1,mikesport,2,14,1.0,core,90000
SP-BA949A0923,NEW BALANCE|IN226860,IN226860,New Balance,New Balance Athletics Graphic Men Performance T-Shirt Lab Green,apparel,men,25.64,13.72,46.5,28.0,28.0,28.0,1,mikesport,4,14,1.0,core,90000
SP-B87306A6F9,NEW BALANCE|IN234918,IN234918,New Balance,New Balance Athletics Jersey Women Lifestyle T-Shirt Daybreak,apparel,women,58.59,24.01,59.0,49.0,49.0,49.0,1,mikesport,2,14,1.0,core,90000
SP-BB4CF55CF1,NEW BALANCE|IN238153,IN238153,New Balance,New Balance Athletics Kids-Boys Performanc Short Caviar,apparel,kids,39.96,19.11,52.2,39.0,39.0,39.0,1,mikesport,5,14,1.0,core,90000
SP-AA4107C9BC,NEW BALANCE|IN219653,IN219653,New Balance,New Balance Athletics Logo Men Lifestyle T-Shirt Dream State,apparel,men,39.55,16.66,57.9,34.0,34.0,34.0,1,mikesport,1,14,1.0,core,90000
SP-8CE19B7B41,NEW BALANCE|IN205049,IN205049,New Balance,New Balance Athletics Men Lifestyle Pant Ash Heather,apparel,men,84.54,36.26,57.1,74.0,74.0,74.0,1,mikesport,1,14,1.0,core,90000
SP-F37123B899,NEW BALANCE|IN205050,IN205050,New Balance,New Balance Athletics Men Lifestyle Pant Black,apparel,men,112.98,51.45,54.5,105.0,105.0,105.0,1,mikesport,4,14,1.0,core,90000
SP-5A822EBD49,NEW BALANCE|IN205068,IN205068,New Balance,New Balance Athletics Men Lifestyle Short Black,apparel,men,60.85,26.95,55.7,55.0,55.0,55.0,1,mikesport,1,14,1.0,core,90000
SP-9E98D31333,NEW BALANCE|IN202162,IN202162,New Balance,New Balance Athletics Men Lifestyle T-Shirt Ash Heather,apparel,men,59.28,24.01,59.5,49.0,49.0,49.0,1,mikesport,4,14,1.0,core,90000
SP-7C71C82AFB,NEW BALANCE|IN202164,IN202164,New Balance,New Balance Athletics Men Lifestyle T-Shirt Navy,apparel,men,60.03,24.01,60.0,49.0,49.0,49.0,1,mikesport,3,14,1.0,core,90000
SP-BC8BFD0C2A,NEW BALANCE|IN226834,IN226834,New Balance,New Balance Athletics Men Performanc T-Shirt Blue Gemstone,apparel,men,33.4,16.66,50.1,34.0,34.0,34.0,1,mikesport,3,14,1.0,core,90000
SP-0D038F16ED,NEW BALANCE|IN226835,IN226835,New Balance,New Balance Athletics Men Performanc T-Shirt Navy Heather,apparel,men,43.21,16.66,61.4,34.0,34.0,34.0,1,mikesport,1,14,1.0,core,90000
SP-FD095E04D0,NIKE|IN232284,IN232284,Nike,Nike Air Boys Lifestyle Pant Seaweed/Black/White,apparel,kids,79.43,33.84,57.4,72.0,72.0,72.0,1,mikesport,4,14,1.0,core,90000
SP-4D19290060,NIKE|IN232285,IN232285,Nike,Nike Air Fleece Boys Lifestyle Hoody Black/White,apparel,kids,80.61,33.84,58.0,72.0,72.0,72.0,1,mikesport,2,14,1.0,core,90000
SP-71B70A7334,NIKE|IN232283,IN232283,Nike,Nike Air Fleece Boys Lifestyle Pant Black/White,apparel,kids,78.44,33.84,56.9,72.0,72.0,72.0,1,mikesport,4,14,1.0,core,90000
SP-3E61C2F87F,NIKE|IN230459,IN230459,Nike,Nike Air Max Pk Full-Zip Men Lifestyle Hoody Blue/Black,apparel,men,101.84,47.0,53.8,100.0,100.0,100.0,1,mikesport,1,14,1.0,core,90000
SP-C3739F5327,NIKE|IN232348,IN232348,Nike,Nike Air Men Lifestyle Pant Black/White,apparel,men,143.44,67.21,53.1,143.0,143.0,143.0,1,mikesport,3,14,1.0,core,90000
SP-AC11618B60,NIKE|IN203565,IN203565,Nike,Nike Challenger Men Running Pant Black,apparel,men,121.78,52.64,56.8,112.0,112.0,112.0,1,mikesport,5,14,1.0,core,90000
SP-16107603B2,NIKE|IN204722,IN204722,Nike,Nike Challenger Men Running Pant Smoke Grey/Black,apparel,men,126.92,52.64,58.5,112.0,112.0,112.0,1,mikesport,4,14,1.0,core,90000
SP-5C52EEBFCD,NIKE|IN237334,IN237334,Nike,Nike Challenger Winterized 12.5Cm Men Running Short Blue,apparel,men,71.84,37.6,47.7,80.0,80.0,80.0,1,mikesport,4,14,1.0,core,90000
SP-6F021B8DA6,NIKE|IN237333,IN237333,Nike,Nike Challenger Winterized 12.5Cm Men Running Short Pure Platinum,apparel,men,81.01,37.6,53.6,80.0,80.0,80.0,1,mikesport,4,14,1.0,core,90000
SP-58C9C3FB4F,NIKE|IN204651,IN204651,Nike,Nike Chill Knit Women Lifestyle T-Shirt Black/Sail,apparel,women,78.63,37.6,52.2,80.0,80.0,80.0,1,mikesport,4,14,1.0,core,90000
SP-B656BCF67E,NIKE|IN235361,IN235361,Nike,Nike Club Alumni French Terry Men Lifestyle Short Blue/White,apparel,men,63.16,33.84,46.4,72.0,72.0,72.0,1,mikesport,4,14,1.0,core,90000
SP-5BABA5198D,NIKE|IN220664,IN220664,Nike,Nike Club Alumni Men Lifestyle Short Black/White,apparel,men,74.57,31.49,57.8,67.0,67.0,67.0,1,mikesport,2,14,1.0,core,90000
SP-88DFC2BCBD,NIKE|IN203470,IN203470,Nike,Nike Club Boys Lifestyle Short Black/White,apparel,kids,57.2,26.32,54.0,56.0,56.0,56.0,1,mikesport,4,14,1.0,core,90000
SP-0EC65E75A7,NIKE|IN205755,IN205755,Nike,Nike Club Flow Men Lifestyle Short Black/White,apparel,men,44.87,20.21,55.0,43.0,43.0,43.0,1,mikesport,1,14,1.0,core,90000
SP-75B1A246DD,NIKE|IN222447,IN222447,Nike,Nike Club French Terry Alumni Men Lifestyle Short Grey/White,apparel,men,75.99,31.49,58.6,67.0,67.0,67.0,1,mikesport,3,14,1.0,core,90000
SP-A4A12CC268,NIKE|IN221359,IN221359,Nike,Nike Club French Terry Men Lifestyle Hoody Black/White,apparel,men,113.01,52.64,53.4,112.0,112.0,112.0,1,mikesport,3,14,1.0,core,90000
SP-678BBA12C3,NIKE|IN227224,IN227224,Nike,Nike Club French Terry Men Lifestyle Hoody Blue/White,apparel,men,64.8,32.43,50.0,69.0,69.0,69.0,1,mikesport,1,14,1.0,core,90000
SP-EC9AF8E301,NIKE|IN237263,IN237263,Nike,Nike Club French Terry Men Lifestyle Pant Grey/White,apparel,men,87.68,41.83,52.3,89.0,89.0,89.0,1,mikesport,4,14,1.0,core,90000
SP-14615F55C9,NIKE|IN237320,IN237320,Nike,Nike Club French Terry Open Hem Men Lifestyle Pant Grey/White,apparel,men,90.93,41.83,54.0,89.0,89.0,89.0,1,mikesport,3,14,1.0,core,90000
SP-4068E7483B,NIKE|IN230243,IN230243,Nike,Nike Club French Terry Pullover Men Lifestyle Hoody Ghost/White,apparel,men,74.31,32.43,56.4,69.0,69.0,69.0,1,mikesport,1,14,1.0,core,90000
SP-A39D32F242,NIKE|IN222434,IN222434,Nike,Nike Club Men Lifestyle Hoody Black,apparel,men,66.7,32.43,51.4,69.0,69.0,69.0,1,mikesport,1,14,1.0,core,90000
SP-F7FAFB8DB4,NIKE|IN227297,IN227297,Nike,Nike Club Men Lifestyle Hoody Black/White,apparel,men,79.57,34.78,56.3,74.0,74.0,74.0,1,mikesport,2,14,1.0,core,90000
SP-6BB19DF665,NIKE|IN227227,IN227227,Nike,Nike Club Men Lifestyle Long Sleeve Black/White,apparel,men,66.75,29.61,55.6,63.0,63.0,63.0,1,mikesport,1,14,1.0,core,90000
SP-C11BA696DF,NIKE|IN227223,IN227223,Nike,Nike Club Men Lifestyle Pant Black/White,apparel,men,63.57,31.02,51.2,66.0,66.0,66.0,1,mikesport,1,14,1.0,core,90000
SP-6186950F73,NIKE|IN220714,IN220714,Nike,Nike Club Men Lifestyle Pant Black/White,apparel,men,98.0,41.83,57.3,89.0,89.0,89.0,1,mikesport,4,14,1.0,core,90000
SP-853172544A,NIKE|IN220655,IN220655,Nike,Nike Club Men Lifestyle Pant Black/White,apparel,men,86.91,41.83,51.9,89.0,89.0,89.0,1,mikesport,5,14,1.0,core,90000
SP-2732E00DB0,ON|1ME10031756,1ME10031756,ON,1Me10031756 Club Hoodie Crater,apparel,men,147.23,73.14,50.3,159.0,159.0,159.0,1,mikesport,2,14,1.0,core,90000
SP-805D3F1EDC,ON|IN233371,IN233371,ON,ON Men Trail-T Running Tee Reef,apparel,men,76.84,34.5,55.1,75.0,75.0,75.0,1,mikesport,4,14,1.0,core,90000
SP-EA820C1A13,ON|IN233369,IN233369,ON,ON Trail-T Men Trail Running Shirt Desert,apparel,men,73.91,34.5,53.3,75.0,75.0,75.0,1,mikesport,4,14,1.0,core,90000
SP-5643A090B0,ON|IN233425,IN233425,ON,On 3 Inch Core Women Running Short Black,apparel,women,78.78,34.5,56.2,75.0,75.0,75.0,1,mikesport,4,14,1.0,core,90000
SP-D0A64208B9,ON|IN233426,IN233426,ON,On 3 Inch Core Women Running Short Heron,apparel,women,78.49,34.5,56.0,75.0,75.0,75.0,1,mikesport,4,14,1.0,core,90000
SP-946B9D03B0,ON|IN233454,IN233454,ON,On 3 Inch Court 2 In 1 Women Tennis Short White,apparel,women,91.49,45.54,50.2,99.0,99.0,99.0,1,mikesport,4,14,1.0,core,90000
SP-20A699F44B,ON|IN233447,IN233447,ON,On 3 Inch Performance Women Running Short Black,apparel,women,92.74,39.1,57.8,85.0,85.0,85.0,1,mikesport,4,14,1.0,core,90000
SP-A5BA957315,ON|IN233448,IN233448,ON,On 3 Inch Performance Women Running Short Sailor,apparel,women,97.0,39.1,59.7,85.0,85.0,85.0,1,mikesport,4,14,1.0,core,90000
SP-63A3151A45,ON|IN233446,IN233446,ON,On 30 Inch Studio Flared Women Training Tight Black,apparel,women,170.04,66.7,60.8,145.0,145.0,145.0,1,mikesport,2,14,1.0,core,90000
SP-9109C66E8F,ON|IN233376,IN233376,ON,On 5 Inch Core Men Running Short Midnight,apparel,men,74.98,34.5,54.0,75.0,75.0,75.0,1,mikesport,3,14,1.0,core,90000
SP-33D4752389,ON|IN226216,IN226216,ON,"On 5"" Performance Men Running Short Black",apparel,men,96.65,45.54,52.9,99.0,99.0,99.0,1,mikesport,4,14,1.0,core,90000
SP-D38DD30CF0,ON|IN226223,IN226223,ON,"On 5"" Performance Women Running Short Black",apparel,women,91.76,45.54,50.4,99.0,99.0,99.0,1,mikesport,2,14,1.0,core,90000
SP-BF5626A1D8,ON|IN226210,IN226210,ON,"On 5""Core Men Running Short Black",apparel,men,66.21,34.5,47.9,75.0,75.0,75.0,1,mikesport,4,14,1.0,core,90000
SP-B7A8557FF6,ON|IN233381,IN233381,ON,On 7 Inch Core Men Running Short Desert,apparel,men,73.29,34.5,52.9,75.0,75.0,75.0,1,mikesport,4,14,1.0,core,90000
SP-DF88997BEE,ON|IN233396,IN233396,ON,On 7 Inch Court Tennis 7 Inch Tide,apparel,men,103.04,45.54,55.8,99.0,99.0,99.0,1,mikesport,4,14,1.0,core,90000
SP-B7529301C1,ON|IN233395,IN233395,ON,On 7 Inch Court Tennis 7 Inch White,apparel,men,109.72,45.54,58.5,99.0,99.0,99.0,1,mikesport,4,14,1.0,core,90000
SP-98266B6693,ON|IN219864,IN219864,ON,On All-Day Joggers Men Lifestyle Pant Black,apparel,men,187.81,82.34,56.2,179.0,179.0,179.0,1,mikesport,2,14,1.0,core,90000
SP-09354499DD,ON|IN218636,IN218636,ON,On Boxy Club Women Lifestyle T-Shirt White,apparel,women,73.65,29.9,59.4,65.0,65.0,65.0,1,mikesport,2,14,1.0,core,90000
SP-57AE88CE7F,ON|IN233413,IN233413,ON,On Climate Full Zip Women Running Hoody White,apparel,women,164.93,73.14,55.7,159.0,159.0,159.0,1,mikesport,4,14,1.0,core,90000
SP-402F2C3335,ON|IN205159,IN205159,ON,On Climate Men Running Hoody Black,apparel,men,174.03,73.14,58.0,159.0,159.0,159.0,1,mikesport,1,14,1.0,core,90000
SP-06A4E41C88,ON|IN213151,IN213151,ON,On Climate Men Running Hoody Denim,apparel,men,142.95,51.06,64.3,111.0,111.0,111.0,1,mikesport,1,14,1.0,core,90000
SP-48868D2AA6,ON|IN205174,IN205174,ON,On Climate Women Running Hoody Black,apparel,women,141.86,73.14,48.4,159.0,159.0,159.0,1,mikesport,3,14,1.0,core,90000
SP-FAEA6F848F,ON|IN224959,IN224959,ON,On Club Boxy Women Lifestyle T-Shirt Black,apparel,women,73.83,29.9,59.5,65.0,65.0,65.0,1,mikesport,4,14,1.0,core,90000
SP-834156AAD3,ON|IN233213,IN233213,ON,On Club Collective Men Lifestyle Pant Black,apparel,men,155.32,66.7,57.1,145.0,145.0,145.0,1,mikesport,1,14,1.0,core,90000
SP-90BB09D2CD,ON|IN233210,IN233210,ON,On Club Collective Men Lifestyle T-Shirt Black,apparel,men,70.68,36.34,48.6,79.0,79.0,79.0,1,mikesport,1,14,1.0,core,90000
SP-4F416D339A,ON|IN233209,IN233209,ON,On Club Collective Men Lifestyle T-Shirt White,apparel,men,85.57,36.34,57.5,79.0,79.0,79.0,1,mikesport,1,14,1.0,core,90000
SP-229CAF275F,PUMA|BF2023,BF2023,Puma,DARE TO Leggings Sportstyle/Prime Women,apparel,women,14.1,6.25,55.7,12.5,5.0,20.0,1,tchooz,1,14,1.0,core,90000
SP-14F06CB1CC,ADIDAS|IU2430,IU2430,Adidas,"3-Stripes Bodysuit, Black",sportswear,women,31.75,14.4,54.6,30.0,30.0,30.0,1,adidas_lb,1,12,1.0,core,90000
SP-F067DCDACE,ADIDAS|GK9950,GK9950,Adidas,"AEROREADY Essentials Regular-Fit 3-Stripes Track Suit, Black",sportswear,men,85.64,40.32,52.9,84.0,84.0,84.0,1,adidas_lb,4,12,1.0,core,90000
SP-F4341B2295,ADIDAS|HE4408,HE4408,Adidas,"AEROREADY Essentials Regular-Fit 3-Stripes Track Suit, Blue",sportswear,men,93.87,40.32,57.0,84.0,84.0,84.0,1,adidas_lb,2,12,1.0,core,90000
SP-EEC5C6A0BE,ADIDAS|IW5977,IW5977,Adidas,"AEROREADY Sereno Cut 3-Stripes Track Suit, Blue",sportswear,men,129.32,53.28,58.8,111.0,111.0,111.0,1,adidas_lb,2,12,1.0,core,90000
SP-D7ADEC42DC,ADIDAS|KC5821,KC5821,Adidas,"Adi365 Running Pocket Graphic Medium Support Bra, Black",sportswear,women,89.24,42.24,52.7,88.0,88.0,88.0,1,adidas_lb,4,12,1.0,core,90000
SP-EB900BB3C2,ADIDAS|KA2796,KA2796,Adidas,"Adi365 Running Pocket Medium Support Bra, Green",sportswear,women,77.07,38.4,50.2,80.0,80.0,80.0,1,adidas_lb,5,12,1.0,core,90000
SP-E961A24573,ADIDAS|JV7515,JV7515,Adidas,"Adibreak Tracksuit Bottoms, Green",sportswear,women,111.33,58.08,47.8,121.0,121.0,121.0,1,adidas_lb,2,12,1.0,core,90000
SP-C80777C682,NEW BALANCE|IN234881,IN234881,New Balance,New Balance Essential Train Women Performance Bra Black,sportswear,women,76.39,31.85,58.3,65.0,65.0,65.0,1,mikesport,4,12,1.0,core,90000
SP-FEA7F5C6A1,NEW BALANCE|IN219784,IN219784,New Balance,New Balance Essential Women Performance Bra Olivine,sportswear,women,46.19,23.52,49.1,48.0,48.0,48.0,1,mikesport,3,12,1.0,core,90000
SP-FCD511BE4F,NEW BALANCE|IN226965,IN226965,New Balance,New Balance Essential Yoga Women Performance Bra Black,sportswear,women,75.81,28.91,61.9,59.0,59.0,59.0,1,mikesport,4,12,1.0,core,90000
SP-61E130E733,NEW BALANCE|IN234884,IN234884,New Balance,New Balance Essential Yoga Women Performance Bra Daybreak,sportswear,women,68.1,28.91,57.5,59.0,59.0,59.0,1,mikesport,2,12,1.0,core,90000
SP-3D39AF9FF6,NEW BALANCE|IN234882,IN234882,New Balance,New Balance Essential Yoga Women Performance Bra Medusa Green,sportswear,women,63.99,28.91,54.8,59.0,59.0,59.0,1,mikesport,4,12,1.0,core,90000
SP-7542B894A6,NEW BALANCE|IN170907,IN170907,New Balance,New Balance Fuel Women Performance Bra Black,sportswear,women,28.85,15.19,47.3,31.0,31.0,31.0,1,mikesport,1,12,1.0,core,90000
SP-AEB17209EC,NEW BALANCE|IN226963,IN226963,New Balance,New Balance Harmony Women Performanc Bra Black,sportswear,women,41.75,18.62,55.4,38.0,38.0,38.0,1,mikesport,2,12,1.0,core,90000
SP-5B7283A238,NIKE|IN209406,IN209406,Nike,Nike Alate Curve Aop Women Training Bra Black,sportswear,women,44.33,17.86,59.7,38.0,38.0,38.0,1,mikesport,1,12,1.0,core,90000
SP-87CD96F6B8,NIKE|IN238476,IN238476,Nike,Nike Brand Energy Infant-Boys Lifestyle Set Black,sportswear,kids,44.2,19.27,56.4,41.0,41.0,41.0,1,mikesport,3,12,1.0,core,90000
SP-F3734633B0,NIKE|IN211236,IN211236,Nike,Nike Indy Light-Support Women Training Bra Black/White,sportswear,women,67.99,26.32,61.3,56.0,56.0,56.0,1,mikesport,5,12,1.0,core,90000
SP-6A8CBD0A6C,NIKE|IN195234,IN195234,Nike,Nike One Girls Training Bra Black/White,sportswear,kids,35.96,17.39,51.6,37.0,37.0,37.0,1,mikesport,4,12,1.0,core,90000
SP-A544BF76A8,NIKE|IN226441,IN226441,Nike,Nike One Keyhole Women Training Bra Black,sportswear,women,47.12,22.09,53.1,47.0,47.0,47.0,1,mikesport,1,12,1.0,core,90000
SP-B7486CDFB2,NIKE|IN230333,IN230333,Nike,Nike One Light-Support Padded Women Training Bra Pink/Canyon Rust,sportswear,women,51.47,22.09,57.1,47.0,47.0,47.0,1,mikesport,1,12,1.0,core,90000
SP-DBF6B755DC,NIKE|IN232383,IN232383,Nike,Nike One Women Training Bra Black/White,sportswear,women,58.66,25.38,56.7,54.0,54.0,54.0,1,mikesport,1,12,1.0,core,90000
SP-F0B4D9EAF5,ON|IN233453,IN233453,ON,ON Sports Performance Women Running Bra Women Gourami,sportswear,women,97.32,40.94,57.9,89.0,89.0,89.0,1,mikesport,4,12,1.0,core,90000
SP-06A343CFF5,ON|IN233409,IN233409,ON,On Endurance Women Running Bra Heron,sportswear,women,124.97,48.3,61.4,105.0,105.0,105.0,1,mikesport,3,12,1.0,core,90000
SP-FC59B5B023,ON|IN233410,IN233410,ON,On Endurance Women Running Bra Iceberg,sportswear,women,109.02,48.3,55.7,105.0,105.0,105.0,1,mikesport,4,12,1.0,core,90000
SP-1AB356CEBD,ON|IN233452,IN233452,ON,On Performance Women Running Bra Black,sportswear,women,86.19,40.94,52.5,89.0,89.0,89.0,1,mikesport,3,12,1.0,core,90000
SP-6B6DD9AB71,ON|IN233451,IN233451,ON,On Performance Women Running Bra White,sportswear,women,97.9,40.94,58.2,89.0,89.0,89.0,1,mikesport,3,12,1.0,core,90000
SP-5EEE00AE58,ON|IN218628,IN218628,ON,On Studio Women Training Bra Black,sportswear,women,94.01,34.5,63.3,75.0,75.0,75.0,1,mikesport,4,12,1.0,core,90000
SP-2D1656C34E,ON|IN233432,IN233432,ON,On Studio Women Training Bra Heron,sportswear,women,78.84,34.5,56.2,75.0,75.0,75.0,1,mikesport,4,12,1.0,core,90000
SP-C031FC9456,ADIDAS|HM4975,HM4975,Adidas,Adidas All Court 3.0 Unisex Basketball Ball Wood/Black,accessories,unisex,43.08,19.68,54.3,41.0,41.0,42.0,2,"adidas_lb,mikesport",2,18,1.0,core,90000
SP-2AE7A078CB,ADIDAS|IS7049,IS7049,Adidas,Adidas Classic 3 Bar Logo Training Backpack Men Dark Blue/White,accessories,unisex,41.52,18.0,56.6,37.5,37.0,38.0,2,"adidas_lb,mikesport",1,18,1.0,core,90000
SP-EFA218BDF9,ADIDAS|JI8081,JI8081,Adidas,Adidas Classic Training Backpack With Pencil Case Unisex Black/White,accessories,unisex,53.85,22.8,57.7,47.5,47.0,48.0,2,"adidas_lb,mikesport",1,18,1.0,core,90000
SP-8F64E1FCBD,ADIDAS|JE9741,JE9741,Adidas,Adidas INTER MIAMI IMCF JSY HOME Football Men,accessories,men,74.49,29.28,60.7,61.0,61.0,61.0,2,"adidas_lb,tchooz",3,18,1.0,core,90000
SP-648D792B8F,ADIDAS|JF8484,JF8484,Adidas,Adidas Lightweight Baseball Unisex Training Cap White,accessories,unisex,28.93,12.48,56.9,26.0,26.0,26.0,2,"adidas_lb,mikesport",1,18,1.0,core,90000
SP-04B3889425,ADIDAS|FM9931,FM9931,Adidas,Adidas Performance 0.75 Unisex Training Water Bottle Black,accessories,unisex,14.43,6.24,56.8,13.0,13.0,13.0,2,"adidas_lb,mikesport",1,18,1.0,core,90000
SP-100050E78D,ADIDAS|IX3178,IX3178,Adidas,Adidas Power Vii Unisex Training Bag Alumina/Black,accessories,unisex,49.2,20.64,58.0,43.0,41.0,45.0,2,"adidas_lb,mikesport",1,18,1.0,core,90000
SP-2F2652299B,ADIDAS|DZ9435,DZ9435,Adidas,Adidas Unisex Training Dz9435 Light Ank 3Pp White/White/White,accessories,unisex,19.62,7.44,62.1,15.5,13.0,18.0,2,"adidas_lb,mikesport",2,18,1.0,core,90000
SP-984922E582,CROCS|IN221020,IN221020,Crocs,Crocs 3D Beach Umbrella Unisex Lifestyle Jibbitz Charm,accessories,unisex,6.7,3.12,53.4,6.0,6.0,6.0,1,mikesport,1,18,1.0,core,90000
SP-45B7989AB6,CROCS|IN216174,IN216174,Crocs,Crocs 3D Candy Cane Unisex Lifestyle Jibbitz Charm,accessories,unisex,6.03,3.12,48.3,6.0,6.0,6.0,1,mikesport,1,18,1.0,core,90000
SP-ECB50BF5E1,CROCS|IN238046,IN238046,Crocs,Crocs 3D Chilling Frog Unisex Lifestyle Jibbitz Charm,accessories,unisex,7.39,3.12,57.8,6.0,6.0,6.0,1,mikesport,1,18,1.0,core,90000
SP-E5AA98F640,CROCS|IN216172,IN216172,Crocs,Crocs 3D Christmas Tree Unisex Lifestyle Jibbitz Charm,accessories,unisex,5.75,3.12,45.7,6.0,6.0,6.0,1,mikesport,1,18,1.0,core,90000
SP-331574EF21,CROCS|IN236650,IN236650,Crocs,Crocs 3D Coffee Cup Unisex Lifestyle Jibbitz Charm,accessories,unisex,6.08,3.12,48.7,6.0,6.0,6.0,1,mikesport,1,18,1.0,core,90000
SP-2FEAF9AB06,CROCS|IN227539,IN227539,Crocs,Crocs 3D Dino Unisex Lifestyle Jibbitz Charm,accessories,unisex,6.1,3.12,48.9,6.0,6.0,6.0,1,mikesport,1,18,1.0,core,90000
SP-C3B564E9B6,CROCS|IN231539,IN231539,Crocs,Crocs 3D Holiday Beach Umbrella Unisex Lifestyle Jibbitz Charm,accessories,unisex,7.06,3.12,55.8,6.0,6.0,6.0,1,mikesport,1,18,1.0,core,90000
SP-C12CBB627C,CROCS|IN231485,IN231485,Crocs,Crocs 3D Kitty Unisex Lifestyle Jibbitz Charm,accessories,unisex,6.42,3.12,51.4,6.0,6.0,6.0,1,mikesport,1,18,1.0,core,90000
SP-823EFC5B57,NEW BALANCE|IN234674,IN234674,New Balance,New Balance 47 Brrr Trucker Unisex Performance Cap Black,accessories,unisex,48.16,19.11,60.3,39.0,39.0,39.0,1,mikesport,1,18,1.0,core,90000
SP-B79D3FAE0C,NEW BALANCE|IN234677,IN234677,New Balance,New Balance 47 Clean Up Canvas 2 Men Lifestyle Cap Linen/Medusa Green,accessories,men,44.55,19.11,57.1,39.0,39.0,39.0,1,mikesport,1,18,1.0,core,90000
SP-9AA8578AF3,NEW BALANCE|IN234702,IN234702,New Balance,New Balance 47 Clean Up Unisex Lifestyle Cap Black,accessories,unisex,32.23,17.15,46.8,35.0,35.0,35.0,1,mikesport,1,18,1.0,core,90000
SP-46B0A2E099,NEW BALANCE|IN234705,IN234705,New Balance,New Balance 47 Clean Up Women Lifestyle Cap Grey Matter,accessories,women,41.57,17.15,58.7,35.0,35.0,35.0,1,mikesport,1,18,1.0,core,90000
SP-5EC0254D0A,NEW BALANCE|IN234703,IN234703,New Balance,New Balance 47 Clean Up Women Lifestyle Cap Linen,accessories,women,35.68,17.15,51.9,35.0,35.0,35.0,1,mikesport,1,18,1.0,core,90000
SP-A756F33BA2,NEW BALANCE|IN234704,IN234704,New Balance,New Balance 47 Clean Up Women Lifestyle Cap Pink Granite,accessories,women,46.46,17.15,63.1,35.0,35.0,35.0,1,mikesport,1,18,1.0,core,90000
SP-292F8CAAAC,NEW BALANCE|IN234707,IN234707,New Balance,New Balance 47 Hitch Men Lifestyle Cap Nb Navy,accessories,men,45.45,19.11,58.0,39.0,39.0,39.0,1,mikesport,1,18,1.0,core,90000
SP-A8890E7A65,NEW BALANCE|IN234708,IN234708,New Balance,New Balance 47 Hitch Men Lifestyle Cap Team Away Grey,accessories,men,39.64,19.11,51.8,39.0,39.0,39.0,1,mikesport,1,18,1.0,core,90000
SP-E70F8AC18A,NIKE|IN237307,IN237307,Nike,Nike (20L) Boys Lifestyle Backpack Black/Orange/White,accessories,kids,74.2,28.67,61.4,61.0,61.0,61.0,1,mikesport,1,18,1.0,core,90000
SP-2F91D09AA8,NIKE|IN235390,IN235390,Nike,Nike (20L) Girls Lifestyle Backpack Light Magenta,accessories,kids,68.28,28.67,58.0,61.0,61.0,61.0,1,mikesport,1,18,1.0,core,90000
SP-F94AB5A280,NIKE|IN233573,IN233573,Nike,Nike 22 Oz Big Mouth 2.0 Unisex Training Bottle Clear/Black,accessories,unisex,8.83,3.76,57.4,8.0,8.0,8.0,1,mikesport,1,18,1.0,core,90000
SP-2BEE5B126F,NIKE|IN204428,IN204428,Nike,Nike Academy Team L Unisex Training Bags Cases And Luggage Black/White,accessories,unisex,91.21,36.19,60.3,77.0,77.0,77.0,1,mikesport,1,18,1.0,core,90000
SP-9D3EC934A6,NIKE|IN204429,IN204429,Nike,Nike Academy Team M Unisex Training Bag Black/White,accessories,unisex,77.29,31.49,59.3,67.0,67.0,67.0,1,mikesport,1,18,1.0,core,90000
SP-77A5EF0131,NIKE|IN204430,IN204430,Nike,Nike Academy Team M Unisex Training Bag Navy/Black/White,accessories,unisex,73.68,31.49,57.3,67.0,67.0,67.0,1,mikesport,1,18,1.0,core,90000
SP-95F89E6174,NIKE|IN222361,IN222361,Nike,Nike Academy Team S Unisex Training Bags Cases And Luggage Black/White,accessories,unisex,68.03,27.73,59.2,59.0,59.0,59.0,1,mikesport,1,18,1.0,core,90000
SP-E923EE9DF9,NIKE|IN237220,IN237220,Nike,Nike Academy Team Unisex Football Bag Navy/Black/White,accessories,unisex,54.73,27.73,49.3,59.0,59.0,59.0,1,mikesport,1,18,1.0,core,90000
SP-7743651252,ON|IN233479,IN233479,ON,On All Day Unisex Lifestyle Cap Black,accessories,unisex,65.87,27.14,58.8,59.0,59.0,59.0,1,mikesport,1,18,1.0,core,90000
SP-F1BA32F84D,ON|IN233480,IN233480,ON,On All Day Unisex Lifestyle Cap Ivory,accessories,unisex,61.83,27.14,56.1,59.0,59.0,59.0,1,mikesport,1,18,1.0,core,90000
SP-A2AD690C12,ON|IN233478,IN233478,ON,On All Day Unisex Lifestyle Cap Navy,accessories,unisex,67.94,27.14,60.1,59.0,59.0,59.0,1,mikesport,1,18,1.0,core,90000
SP-C3695075E8,ADIDAS|HS1747,HS1747,Adidas,"3 Bar Logo Swimsuit, Black",swimwear,unisex,17.0,7.68,54.8,16.0,16.0,16.0,1,adidas_lb,1,9,1.0,core,90000
SP-24D24979D7,ADIDAS|IB7705,IB7705,Adidas,"3-Stripes Swimsuit, Black",swimwear,women,22.97,11.04,51.9,23.0,23.0,23.0,1,adidas_lb,2,9,1.0,core,90000
SP-D582D99C4D,ADIDAS|IN160125,IN160125,Adidas,Adidas Classic Solid Men Swim Swim Short Glow Blue,swimwear,men,22.09,10.08,54.4,21.0,21.0,21.0,1,mikesport,1,9,1.0,core,90000
SP-7418F06482,ALL IN|IN206612,IN206612,All In,ALN Accessories Aqua Dumbbell Swimming Gear Blue/Pink,swimwear,unisex,6.24,3.12,50.0,6.0,6.0,6.0,1,mikesport,1,9,1.0,core,90000
SP-171E383B23,ALL IN|IN204932,IN204932,All In,ALN Accessories Floating Kickboard Swim Swimming Gear Blue,swimwear,unisex,5.17,2.6,49.7,5.0,5.0,5.0,1,mikesport,1,9,1.0,core,90000
SP-3C84F40051,ALL IN|IN204933,IN204933,All In,ALN Accessories Floating Kickboard Swim Swimming Gear Pink,swimwear,unisex,5.21,2.6,50.1,5.0,5.0,5.0,1,mikesport,1,9,1.0,core,90000
SP-A2C7D98A61,BILLABONG|IN224311,IN224311,Billabong,Billabong All Day Layback Boys Beach Swim Short Lemon,swimwear,kids,24.04,12.0,50.1,24.0,24.0,24.0,1,mikesport,3,9,1.0,core,90000
SP-BB4694C6BC,BILLABONG|IN224310,IN224310,Billabong,Billabong All Day Layback Boys Beach Swim Short Sea Green,swimwear,kids,24.37,12.0,50.8,24.0,24.0,24.0,1,mikesport,3,9,1.0,core,90000
SP-428F9FE7D9,BILLABONG|IN224291,IN224291,Billabong,Billabong Gone Tropic Women Lifestyle Swim Short Pistachio,swimwear,women,39.82,20.0,49.8,40.0,40.0,40.0,1,mikesport,1,9,1.0,core,90000
SP-53DDAF3223,BLUE POINT|IN209972,IN209972,Blue Point,Blue Point Men Beach Swim Short White,swimwear,men,43.82,22.36,49.0,43.0,43.0,43.0,1,mikesport,1,9,1.0,core,90000
SP-30038913CA,BODY GLOVE|IN131719,IN131719,Body Glove,Body Glove Women Beach Monokini Whisper Crissy 1 Piece Storm,swimwear,women,64.17,34.84,45.7,67.0,67.0,67.0,1,mikesport,3,9,1.0,core,90000
SP-950A524EDF,BOGNER|IN207946,IN207946,Bogner,Bogner Nelson 2 Men Beach Swim Short Black,swimwear,men,107.42,51.48,52.1,99.0,99.0,99.0,1,mikesport,6,9,1.0,core,90000
SP-E45BDB93ED,BOGNER|IN239500,IN239500,Bogner,Bogner Paul Men Swim Short Black,swimwear,men,225.91,95.16,57.9,183.0,183.0,183.0,1,mikesport,2,9,1.0,core,90000
SP-A83D634897,BOGNER|IN239502,IN239502,Bogner,Bogner Paul Men Swim Short Navy Blue,swimwear,men,170.4,95.16,44.2,183.0,183.0,183.0,1,mikesport,2,9,1.0,core,90000
SP-03C17880F4,ADIDAS|JC8403,JC8403,Adidas,3 STRIPES TEE,kids,kids,39.17,16.8,57.1,35.0,35.0,35.0,1,adidas_lb,4,9,1.0,core,90000
SP-E44D80B7EB,ADIDAS|IN235999,IN235999,Adidas,Adidas Club Pleat Kids-Girls Tennis Skort White,kids,kids,74.65,29.28,60.8,61.0,61.0,61.0,1,mikesport,4,9,1.0,core,90000
SP-DDAA79AADE,ADIDAS|IN174337,IN174337,Adidas,Adidas Disney Mickey Mouse Summer Baby-Boys Sportswear Suit White/Black,kids,kids,33.23,14.88,55.2,31.0,31.0,31.0,1,mikesport,2,9,1.0,core,90000
SP-DCD0168711,ADIDAS|IN168591,IN168591,Adidas,Adidas Disney Toy Story Little-Boys Training Suit Royal Blue/Lime,kids,kids,34.77,19.2,44.8,40.0,40.0,40.0,1,mikesport,1,9,1.0,core,90000
SP-9775ACFE6C,CROCS|IN204251,IN204251,Crocs,Crocs Classic Neo Puff Kids Lifestyle After Ski Navy/Gum,kids,kids,57.8,26.0,55.0,50.0,50.0,50.0,1,mikesport,1,9,1.0,core,90000
SP-A670A1698B,THE NORTH FACE|IN229217,IN229217,The North Face,The North Face Baby 1996 Retro Nuptse One Piece Boys Hiking Suit Tnf Black,kids,kids,196.39,75.6,61.5,168.0,168.0,168.0,1,mikesport,1,9,1.0,core,90000
SP-8DB0F3B215,THE NORTH FACE|IN216414,IN216414,The North Face,The North Face Easy Kids Lifestyle Long Sleeve White,kids,kids,24.79,11.25,54.6,25.0,25.0,25.0,1,mikesport,1,9,1.0,core,90000
SP-24A89F1A48,Puma|NAME:ACTIVE SPORTS GRAPHIC TEE II BOYS,,Puma,ACTIVE SPORTS Graphic Tee II Boys,kids,kids,12.75,5.0,60.8,10.0,10.0,10.0,1,tchooz,1,9,1.0,core,90000
SP-7EBCBD2E4F,Puma|NAME:CATS CLUB TEE PS BOYS,,Puma,CATS CLUB Tee PS Boys,kids,kids,10.96,5.0,54.4,10.0,10.0,10.0,1,tchooz,3,9,1.0,core,90000
SP-176380B593,Puma|NAME:FEED YOUR PUMA BACKPACK PRIME GIRLS,,Puma,FEED YOUR PUMA Backpack PRIME Girls,kids,kids,69.44,30.0,56.8,60.0,60.0,60.0,1,tchooz,1,9,1.0,core,90000
SP-9358D6C153,Puma|NAME:FEED YOUR PUMA BACKPACK PRIME KIDS,,Puma,FEED YOUR PUMA Backpack PRIME Kids,kids,kids,60.45,30.0,50.4,60.0,60.0,60.0,1,tchooz,1,9,1.0,core,90000
SP-1BEA1A72D1,AQUATAIL|IN094389,IN094389,Aquatail,Aquatail Mermaid Tail Kids Beach Fins Blue,kids,kids,38.34,21.84,43.0,42.0,42.0,42.0,1,mikesport,2,9,1.0,core,90000
SP-4B36B44C2F,AQUATAIL|IN094156,IN094156,Aquatail,Aquatail Mermaid Tail Kids Beach Fins Green,kids,kids,45.26,21.84,51.7,42.0,42.0,42.0,1,mikesport,1,9,1.0,core,90000
SP-7DC760B623,BABOLAT|IN235631,IN235631,Babolat,Babolat Nadal Junior 19 Kids Tennis Racquet Black/Yellow,kids,kids,57.91,29.12,49.7,56.0,56.0,56.0,1,mikesport,1,9,1.0,core,90000
SP-C3AF8C8D07,BABOLAT|IN171671,IN171671,Babolat,Babolat Nadal Junior 23 Strung Grip Kids Tennis Racquet Multi,kids,kids,86.04,34.84,59.5,67.0,67.0,67.0,1,mikesport,1,9,1.0,core,90000
SP-474329A365,BABOLAT|IN235629,IN235629,Babolat,Babolat Pure Drive Junior 25 Gen11 Kids Tennis Racquet Blue,kids,kids,189.47,92.56,51.1,178.0,178.0,178.0,1,mikesport,1,9,1.0,core,90000
SP-42A81C708A,BABOLAT|IN235630,IN235630,Babolat,Babolat Pure Drive Junior 25 Gen11 Kids Tennis Racquet Light Blue,kids,kids,175.45,89.96,48.7,173.0,173.0,173.0,1,mikesport,1,9,1.0,core,90000
SP-4665CFBB2F,ADIDAS|BB5476,BB5476,Adidas,"Gazelle Shoes, Black",lifestyle,men,172.26,76.32,55.7,159.0,159.0,159.0,2,"adidas_lb,tchooz",8,12,1.0,core,90000
SP-0590004E40,ADIDAS|DB3021,DB3021,Adidas,"Handball Spezial Shoes, Black",lifestyle,men,152.94,76.32,50.1,159.0,159.0,159.0,2,"adidas_lb,tchooz",10,12,1.0,core,90000
SP-82664C3C8D,ADIDAS|IH6592,IH6592,Adidas,"Handball Spezial Shoes, White",lifestyle,men,167.99,76.32,54.6,159.0,159.0,159.0,2,"adidas_lb,tchooz",14,12,1.0,core,90000
SP-3FB5CF5912,ADIDAS|ID0478,ID0478,Adidas,"Samba OG Shoes, Beige",lifestyle,women,140.14,76.32,45.5,159.0,159.0,159.0,2,"adidas_lb,tchooz",9,12,1.0,core,90000
SP-B39CD90660,NIKE|IM5019,IM5019,Nike,NIKE Vomero Plus IM5019,lifestyle,unisex,92.49,39.01,57.8,83.0,83.0,83.0,1,shoesworld,21,12,1.0,core,90000
SP-7B6BD14F3B,New Balance|NAME:NB 9060 FULL BLACK,,New Balance,NB 9060 full black,lifestyle,unisex,88.27,36.75,58.4,74.99,74.99,74.99,1,shoesworld,10,12,1.0,core,90000
SP-48CB982454,New Balance|NAME:NEW BALANCE 9060 TRIPLE BLACK,,New Balance,New Balance 9060 Triple Black,lifestyle,unisex,89.1,41.65,53.3,85.0,85.0,85.0,1,shoesworld,1,12,1.0,core,90000
SP-7DFB8328BE,New Balance|NAME:NEW BALANCE FRESH FOAM X TRAIL MORE V3 BLACK/PINK/YELLOW WOMEN'S TRAIL SHOES,,New Balance,New Balance Fresh Foam X Trail More v3 Black/Pink/Yellow Women's Trail Shoes,lifestyle,women,79.67,41.65,47.7,85.0,85.0,85.0,1,shoesworld,1,12,1.0,core,90000
SP-86604D5CF7,New Balance|NAME:NEW BALANCE TRAIL FRESH FOAM GRAY/PINK,,New Balance,New balance trail fresh foam gray/pink,lifestyle,unisex,87.39,39.2,55.1,79.99,79.99,79.99,1,shoesworld,11,12,1.0,core,90000
SP-04A2348ABD,Nike|NAME:AIR ZOOM SUPERFLY ELITE - FG CLEATS,,Nike,Air Zoom Superfly Elite - FG Cleats,lifestyle,unisex,87.79,37.6,57.2,79.99,79.99,79.99,1,shoesworld,10,12,1.0,core,90000
SP-D73EAC318C,Nike|NAME:AIR ZOOM VAPOR ELITE - FG CLEATS,,Nike,Air Zoom Vapor Elite - FG Cleats,lifestyle,unisex,86.1,37.6,56.3,79.99,79.99,79.99,1,shoesworld,7,12,1.0,core,90000
SP-3577D415E8,Nike|NAME:KYLIAN MBAPPE X AIR ZOOM SUPERFLY ELITE - FG CLEATS,,Nike,Kylian Mbappe X Air Zoom Superfly Elite - FG Cleats,lifestyle,unisex,86.85,37.6,56.7,79.99,79.99,79.99,1,shoesworld,7,12,1.0,core,90000
SP-2A3C5C0C82,The North Face|NAME:THE NORTH FACE GLENCLYFFE URBAN BOOTS IN A WHITE DUNE/TNF BLACK COLORWAY,,The North Face,The North Face Glenclyffe Urban Boots in a white dune/tnf black colorway,lifestyle,unisex,82.74,38.25,53.8,85.0,85.0,85.0,1,shoesworld,11,12,1.0,core,90000
SP-D866E2F245,ASICS|NAME:ASICS PADEL METARISE™ 2,,ASICS,ASICS PADEL METARISE™ 2,lifestyle,unisex,99.22,44.1,55.6,90.0,90.0,90.0,1,shoesworld,1,12,1.0,core,90000
SP-4EAF56E4BE,ASICS|NAME:ASICS PADEL SKY ELITE FF 3,,ASICS,ASICS PADEL SKY ELITE FF 3,lifestyle,unisex,136.47,68.6,49.7,140.0,140.0,140.0,1,shoesworld,1,12,1.0,core,90000
SP-27D2D54156,ASICS|NAME:ASICS METARISE 2 PARIS VOLLEYBALL SHOES IN A SAFETY YELLOW AND BLACK,,ASICS,Asics Metarise 2 Paris volleyball shoes in a safety yellow and black,lifestyle,unisex,108.11,41.65,61.5,84.99,84.99,84.99,1,shoesworld,12,12,1.0,core,90000
SP-2F6F3036F1,ASICS|NAME:HANDBALL SHOES ASICS SKY ELITE FF MT 3,,ASICS,Handball Shoes Asics Sky Elite FF MT 3,lifestyle,unisex,97.07,44.1,54.6,90.0,90.0,90.0,1,shoesworld,1,12,1.0,core,90000
SP-0F8FD95EB4,ADIDAS|IU2526,IU2526,Adidas,"3-Stripes Skirt, Black",other,women,27.39,12.96,52.7,27.0,27.0,27.0,1,adidas_lb,2,9,1.0,core,90000
SP-02050B0FD1,ADIDAS|IK7862,IK7862,Adidas,"Adicolor 70S V-Neck Dress, Beige",other,women,42.63,18.24,57.2,38.0,38.0,38.0,1,adidas_lb,1,9,1.0,core,90000
SP-21EC9D6B2F,ADIDAS|HL9308,HL9308,Adidas,"Adicolor Classics Poplin Skirt, Blue",other,women,31.58,15.36,51.4,32.0,32.0,32.0,1,adidas_lb,2,9,1.0,core,90000
SP-EE94F7E634,ADIDAS|H37774,H37774,Adidas,"Adicolor Classics Tricot Skirt, Black",other,women,12.36,6.24,49.5,13.0,13.0,13.0,1,adidas_lb,2,9,1.0,core,90000
SP-FA311BCAB5,NEW BALANCE|IN219826,IN219826,New Balance,New Balance Sport Quarter Zip Women Performanc Long Sleeve Black,other,women,55.86,26.95,51.8,55.0,55.0,55.0,1,mikesport,4,9,1.0,core,90000
SP-8786A633D5,NEW BALANCE|IN219834,IN219834,New Balance,New Balance Sport Women Performance Long Sleeve Black,other,women,29.34,13.23,54.9,27.0,27.0,27.0,1,mikesport,3,9,1.0,core,90000
SP-92437D4CE3,NIKE|IN213549,IN213549,Nike,Nike Df Pacer Men Running Long Sleeve Black,other,men,86.53,37.6,56.5,80.0,80.0,80.0,1,mikesport,5,9,1.0,core,90000
SP-6294EFF394,NIKE|IN217042,IN217042,Nike,Nike Element Men Running Long Sleeve Armor Navy/Grey,other,men,90.54,35.72,60.5,76.0,76.0,76.0,1,mikesport,2,9,1.0,core,90000
SP-7637E3C2FF,NIKE|IN237500,IN237500,Nike,Nike Fitted Women Training Long Sleeve Black,other,women,65.65,33.84,48.5,72.0,72.0,72.0,1,mikesport,4,9,1.0,core,90000
SP-AADCC2E724,NIKE|IN239482,IN239482,Nike,Nike Flex Classic 6 Packs Unisex Training Band Multicolor,other,unisex,12.14,6.58,45.8,14.0,14.0,14.0,1,mikesport,1,9,1.0,core,90000
SP-C7D5ADC445,ON|IN202591,IN202591,ON,On Climate 2 Men Running Long Sleeve Black,other,men,154.12,66.7,56.7,145.0,145.0,145.0,1,mikesport,3,9,1.0,core,90000
SP-5368149B74,ON|IN213158,IN213158,ON,On Climate 2 Women Running Long Sleeve Black,other,women,140.53,66.7,52.5,145.0,145.0,145.0,1,mikesport,4,9,1.0,core,90000
SP-8EE0491D9F,ON|IN233416,IN233416,ON,On Climate Women Running Long Sleeve Iceberg,other,women,155.45,66.7,57.1,145.0,145.0,145.0,1,mikesport,3,9,1.0,core,90000
SP-6094574FE4,ON|IN233212,IN233212,ON,On Club Collective 1/4 Zip Men Lifestyle Long Sleeve Ore,other,men,152.03,73.14,51.9,159.0,159.0,159.0,1,mikesport,3,9,1.0,core,90000
SP-71A50D913C,THE NORTH FACE|IN176210,IN176210,The North Face,The North Face Base Camp Travel Canister L Unisex Hiking Case Summit Gold/Black,other,unisex,26.25,11.25,57.1,25.0,25.0,25.0,1,mikesport,1,9,1.0,core,90000
SP-C394BB70B8,THE NORTH FACE|IN200628,IN200628,The North Face,The North Face Base Unisex Lifestyle Band Black,other,unisex,18.81,9.0,52.2,20.0,20.0,20.0,1,mikesport,1,9,1.0,core,90000
SP-E668E236D6,THE NORTH FACE|IN214605,IN214605,The North Face,The North Face Box Nse Men Lifestyle Long Sleeve Black/White,other,men,39.86,17.1,57.1,38.0,38.0,38.0,1,mikesport,4,9,1.0,core,90000
SP-E1745BC3E3,ADIDAS|B75807,B75807,Adidas,"Samba OG Shoes, Black",lifestyle,men,160.83,76.32,52.5,159.0,159.0,159.0,2,"adidas_lb,tchooz",18,12,1.0,core,90000
SP-D2CBD27227,ADIDAS|IH6870,IH6870,Adidas,"Samba OG Shoes, White",lifestyle,men,155.52,76.32,50.9,159.0,159.0,159.0,2,"adidas_lb,tchooz",8,12,1.0,core,90000
SP-86F9AD96E6,MIZUNO|V1GA2400,V1GA2400,Mizuno,Mizuno Wave Lightning Z8,footwear,men,133.2,66.6,50.0,133.2,,,0,,8,64,1.0,exclusive,0
SP-BB3E20F861,MIZUNO|V1GC2400,V1GC2400,Mizuno,Mizuno Wave Lightning Z8 W,footwear,women,133.2,66.6,50.0,133.2,,,0,,7,56,1.0,exclusive,0
SP-25BF4C3BC1,MIZUNO|V1GA2412,V1GA2412,Mizuno,Mizuno Wave Momentum 3,footwear,men,122.1,61.05,50.0,122.1,,,0,,8,48,1.0,exclusive,0
SP-8BD0B8EFA5,K-SWISS|96613,96613,K-Swiss,K-Swiss Hypercourt Express 2 W,footwear,women,111.0,57.72,48.0,111.0,,,0,,7,42,1.0,exclusive,0
SP-D936C9E9C6,MIZUNO|J1GC2403,J1GC2403,Mizuno,Mizuno Wave Rider 28,footwear,men,155.4,77.7,50.0,155.4,,,0,,8,48,1.0,exclusive,0
SP-FC6ABE238F,MIZUNO|J1GC2544,J1GC2544,Mizuno,Mizuno Wave Inspire 21,footwear,men,155.4,77.7,50.0,155.4,,,0,,7,42,1.0,exclusive,0
SP-82B46A2F76,LA SPORTIVA|56B,56B,La Sportiva,La Sportiva Kaptiva 2,footwear,men,155.4,71.48,54.0,155.4,,,0,,7,35,1.0,exclusive,0
SP-CFC4A2736E,LA SPORTIVA|56J,56J,La Sportiva,La Sportiva Jackal II,footwear,men,172.05,79.14,54.0,172.05,,,0,,7,28,1.0,exclusive,0
SP-4AF5F1EE2D,COLUMBIA|BM4524,BM4524,Columbia,Columbia Facet 75 Outdry,footwear,men,166.5,83.25,50.0,166.5,,,0,,8,40,1.0,exclusive,0
SP-97D88E812C,MIZUNO|J1GD2403,J1GD2403,Mizuno,Mizuno Wave Rider 28 W,footwear,women,155.4,77.7,50.0,155.4,,,0,,7,42,1.0,exclusive,0
SP-33272498BE,MIZUNO|J1GD2402,J1GD2402,Mizuno,Mizuno Wave Sky 8,footwear,women,166.5,83.25,50.0,166.5,,,0,,7,35,1.0,exclusive,0
SP-E5E8062C5F,LA SPORTIVA|26Z,26Z,La Sportiva,La Sportiva Wildcat 3.0 W,footwear,women,149.85,68.93,54.0,149.85,,,0,,7,28,1.0,exclusive,0
SP-87178E76A0,COLUMBIA|BL7027,BL7027,Columbia,Columbia Peakfreak II OutDry W,footwear,women,122.1,61.05,50.0,122.1,,,0,,7,35,1.0,exclusive,0
SP-E73794CCEB,LA SPORTIVA|46S,46S,La Sportiva,La Sportiva Bushido III,footwear,men,166.5,76.59,54.0,166.5,,,0,,7,28,1.0,exclusive,0
SP-A66350455D,KEEN|1028987,1028987,Keen,Keen Targhee IV Mid WP,footwear,men,183.15,87.91,52.0,183.15,,,0,,8,40,1.0,exclusive,0
SP-36AFC5305C,KEEN|1024864,1024864,Keen,Keen Venture Mid WP,footwear,men,155.4,74.59,52.0,155.4,,,0,,8,40,1.0,exclusive,0
SP-D21AF978EC,KEEN|1028060,1028060,Keen,Keen Jasper Vent,footwear,men,111.0,53.28,52.0,111.0,,,0,,8,48,1.0,exclusive,0
SP-139E4E0F8D,COLUMBIA|BM3970,BM3970,Columbia,Columbia Newton Ridge Plus 2 WP,footwear,men,111.0,55.5,50.0,111.0,,,0,,8,48,1.0,exclusive,0
SP-F74A6F2CD7,KEEN|1028992,1028992,Keen,Keen Targhee IV WP Low W,footwear,women,149.85,71.93,52.0,149.85,,,0,,7,35,1.0,exclusive,0
SP-BD7AEE01A2,KEEN|1028730,1028730,Keen,Keen Terradora Flex WP W,footwear,women,149.85,71.93,52.0,149.85,,,0,,7,35,1.0,exclusive,0
SP-5314E7EA83,COLUMBIA|BL4550,BL4550,Columbia,Columbia Newton Ridge Plus W,footwear,women,99.9,49.95,50.0,99.9,,,0,,7,42,1.0,exclusive,0
SP-CED36CC988,LA SPORTIVA|46U,46U,La Sportiva,La Sportiva Bushido III W,footwear,women,160.95,74.04,54.0,160.95,,,0,,7,28,1.0,exclusive,0
SP-7C0B3A5ECD,KEEN|1025071,1025071,Keen,Keen Newport H2 Kids,kids,kids,77.7,37.3,52.0,77.7,,,0,,11,55,1.0,exclusive,0
SP-3EEFEBBB72,COLUMBIA|BY5959,BY5959,Columbia,Columbia Trailstorm Mid WP Kids,kids,kids,77.7,38.85,50.0,77.7,,,0,,11,55,1.0,exclusive,0
SP-B5ED3DA9C3,KEEN|1024742,1024742,Keen,Keen Targhee Sport Kids,kids,kids,83.25,39.96,52.0,83.25,,,0,,7,35,1.0,exclusive,0
SP-2F43E7EF07,TEVA|1004006,1004006,Teva,Teva Original Universal M,footwear,men,66.6,36.63,45.0,66.6,,,0,,8,64,1.0,exclusive,0
SP-2644ED0974,TEVA|1003987,1003987,Teva,Teva Original Universal W,footwear,women,66.6,36.63,45.0,66.6,,,0,,7,56,1.0,exclusive,0
SP-D3B81EBF5D,TEVA|1019234,1019234,Teva,Teva Hurricane XLT2 M,footwear,men,77.7,42.74,45.0,77.7,,,0,,8,48,1.0,exclusive,0
SP-89F398D858,TEVA|4266,4266,Teva,Teva Tirra W,footwear,women,77.7,42.74,45.0,77.7,,,0,,7,42,1.0,exclusive,0
SP-24AE4646D5,KEEN|1001907,1001907,Keen,Keen Newport H2 Sandal M,footwear,men,122.1,58.61,52.0,122.1,,,0,,8,40,1.0,exclusive,0
SP-200BA4F84D,KEEN|1028585,1028585,Keen,Keen Howser III Slide,footwear,unisex,88.8,42.62,52.0,88.8,,,0,,10,50,1.0,exclusive,0
SP-5827249A55,BIRKENSTOCK|051731,051731,Birkenstock,Birkenstock Arizona Birko-Flor W,footwear,women,111.0,53.28,52.0,111.0,,,0,,8,40,1.0,exclusive,0
SP-A31AD355C0,BIRKENSTOCK|060401,060401,Birkenstock,Birkenstock Boston Clog M,footwear,men,166.5,79.92,52.0,166.5,,,0,,7,28,1.0,exclusive,0
SP-61AECD5A95,BIRKENSTOCK|043731,043731,Birkenstock,Birkenstock Gizeh Toe Post W,footwear,women,116.55,55.94,52.0,116.55,,,0,,7,35,1.0,exclusive,0
SP-73227ABBB9,HEY DUDE|40001,40001,Hey Dude,Hey Dude Wally Slip-On M,footwear,men,77.7,42.74,45.0,77.7,,,0,,8,48,1.0,exclusive,0
SP-6D5425D438,HEY DUDE|41001,41001,Hey Dude,Hey Dude Wendy Slip-On W,footwear,women,77.7,42.74,45.0,77.7,,,0,,7,42,1.0,exclusive,0
SP-0669577D6B,BIRKENSTOCK|555123,555123,Birkenstock,Birkenstock Arizona Kids,kids,kids,83.25,39.96,52.0,83.25,,,0,,8,40,1.0,exclusive,0
SP-BD396CFE27,VANS|VN000D3HY28,VN000D3HY28,Vans,Vans Old Skool Black/White,lifestyle,unisex,77.7,42.74,45.0,77.7,,,0,,11,88,1.0,exclusive,0
SP-043F544E70,VANS|VN0A38G1ODJ,VN0A38G1ODJ,Vans,Vans Old Skool White,lifestyle,unisex,77.7,42.74,45.0,77.7,,,0,,11,88,1.0,exclusive,0
SP-EE92A1AEEC,VANS|VN000D5IB8C,VN000D5IB8C,Vans,Vans SK8-Hi Black,lifestyle,unisex,94.35,51.89,45.0,94.35,,,0,,11,66,1.0,exclusive,0
SP-B894407578,VANS|VN000EE3W00,VN000EE3W00,Vans,Vans Authentic White,lifestyle,unisex,72.15,39.68,45.0,72.15,,,0,,12,96,1.0,exclusive,0
SP-55CA67AAFC,VANS|VN000W9TENR,VN000W9TENR,Vans,Vans Old Skool Kids,kids,kids,55.5,30.53,45.0,55.5,,,0,,8,48,1.0,exclusive,0
SP-E1390D4948,ELLESSE|SHPF0637,SHPF0637,Ellesse,Ellesse Raptor Lo M,lifestyle,men,83.25,45.79,45.0,83.25,,,0,,7,35,1.0,exclusive,0
SP-11CD7588B5,ELLESSE|SHPF0640,SHPF0640,Ellesse,Ellesse Massimo Club W,lifestyle,women,83.25,45.79,45.0,83.25,,,0,,7,35,1.0,exclusive,0
SP-561C870956,K-SWISS|06042,06042,K-Swiss,K-Swiss Classic 66 M,lifestyle,men,77.7,40.4,48.0,77.7,,,0,,7,35,1.0,exclusive,0
SP-26A670ED8E,DR. MARTENS|11822006,11822006,Dr. Martens,Dr. Martens 1460 Boot Black M,footwear,men,188.7,90.58,52.0,188.7,,,0,,7,28,1.0,exclusive,0
SP-EDACD0C8B2,DR. MARTENS|11821006,11821006,Dr. Martens,Dr. Martens 1460 Boot Black W,footwear,women,188.7,90.58,52.0,188.7,,,0,,7,28,1.0,exclusive,0
SP-8865F6A858,DR. MARTENS|11821600,11821600,Dr. Martens,Dr. Martens 1460 Cherry Red W,footwear,women,205.35,98.57,52.0,205.35,,,0,,7,28,1.0,exclusive,0
SP-8CE7A884DF,DR. MARTENS|11838002,11838002,Dr. Martens,Dr. Martens 1461 Oxford Black M,footwear,men,149.85,71.93,52.0,149.85,,,0,,7,28,1.0,exclusive,0
SP-BBA2621C3D,DR. MARTENS|15382001,15382001,Dr. Martens,Dr. Martens 1460 Kids,kids,kids,111.0,53.28,52.0,111.0,,,0,,8,40,1.0,exclusive,0
